[17:34:00] INFO: Session started, sess_id=314, mode=plan, model=kimi-k2.5:cloud
[17:34:00] Choose persona START...: 
[17:34:00] Choose available number (x to cancel): 
[17:34:01] Set system message ( CTRL+x ENTER to Finish. ): 
[17:34:04] Choose history START...: 
[17:34:04] Choose available number (x to cancel): 
[17:34:05] Canceling...
[17:34:05] Tool training — warming up model on available tools...
[17:34:05] INFO: AI request (iteration 1, msgs=2)
[17:34:07] INFO: AI response: 287 prompt + 116 response tokens (total: 287 / 116)
[17:34:07] ✓ GetTip: Error: Missing required parameter(s): title
Usage:
<GetTip>
<title>string</title>
</GetTip>
[17:34:07] INFO: AI request (iteration 2, msgs=4)
[17:34:09] INFO: AI response: 353 prompt + 38 response tokens (total: 640 / 154)
[17:34:09] INFO: AI request (iteration 3, msgs=6)
[17:34:20] 
[Aborted: 'WriteFile' cannot be used in PLAN mode]
[17:34:20] Stream aborted: 'WriteFile' cannot be used in PLAN mode
[17:34:20] INFO: AI response: 0 prompt + 0 response tokens (total: 640 / 154)
[17:34:20] You: 
[17:34:25] You: 
[17:34:40] You: 
[17:35:52] INFO: AI request (iteration 1, msgs=8)
[17:36:01] INFO: AI response: 6027 prompt + 173 response tokens (total: 6667 / 327)
[17:36:01] INFO: AI request (iteration 2, msgs=10)
[17:36:03] INFO: AI response: 8266 prompt + 121 response tokens (total: 14933 / 448)
[17:36:03] INFO: AI request (iteration 3, msgs=12)
[17:36:05] INFO: AI response: 9943 prompt + 70 response tokens (total: 24876 / 518)
[17:36:05] ✓ ReadFile: Error: File `AGENTS.md` not found (checked workin/ and CWD)
[17:36:05] INFO: AI request (iteration 4, msgs=17)
[17:36:08] INFO: AI response: 26750 prompt + 156 response tokens (total: 51626 / 674)
[17:36:08] INFO: AI request (iteration 5, msgs=22)
[17:36:10] INFO: AI response: 34367 prompt + 105 response tokens (total: 85993 / 779)
[17:36:10] INFO: AI request (iteration 6, msgs=24)
[17:36:12] INFO: AI response: 35531 prompt + 110 response tokens (total: 121524 / 889)
[17:36:12] INFO: AI request (iteration 7, msgs=29)
[17:36:18] INFO: AI response: 38722 prompt + 528 response tokens (total: 160246 / 1417)
[17:36:18] Model tried to use 'WriteFile' in PLAN mode.
[17:36:18]   1. Switch to BUILD mode (allow the tool)
[17:36:18]   2. Stay in PLAN mode (block the tool, continue planning)
[17:36:18]   3. Cancel AI (return to user prompt)
[17:36:18]   4. Continue (dismiss, let the model proceed)
[17:36:18] Choice (1-4): 
[17:38:10] You: 
[17:40:52] INFO: AI request (iteration 1, msgs=32)
[17:41:04] INFO: AI response: 39318 prompt + 1251 response tokens (total: 199564 / 2668)
[17:41:04] INFO: AI request (iteration 2, msgs=34)
[17:41:09] INFO: AI response: 39413 prompt + 351 response tokens (total: 238977 / 3019)
[17:41:09] INFO: AI request (iteration 3, msgs=36)
[17:41:21] INFO: AI response: 39448 prompt + 60 response tokens (total: 278425 / 3079)
[17:41:21] INFO: AI request (iteration 4, msgs=38)
[17:47:31] INFO: Session started, sess_id=315, mode=plan, model=kimi-k2.7-code:cloud
[17:47:31] You: 
[17:47:33] You: 
[17:48:22] You: 
[17:48:44] INFO: AI request (iteration 1, msgs=344)
[17:48:58] INFO: AI response: 159848 prompt + 617 response tokens (total: 438273 / 3696)
[17:48:58] INFO: AI request (iteration 2, msgs=346)
[17:49:03] INFO: AI response: 159910 prompt + 257 response tokens (total: 598183 / 3953)
[17:49:03] INFO: AI request (iteration 3, msgs=348)
[17:49:07] INFO: AI response: 159960 prompt + 246 response tokens (total: 758143 / 4199)
[17:49:07] INFO: AI request (iteration 4, msgs=350)
[17:49:09] INFO: AI response: 159994 prompt + 13 response tokens (total: 918137 / 4212)
[17:49:09] INFO: AI request (iteration 5, msgs=352)
[17:49:12] INFO: AI response: 160017 prompt + 83 response tokens (total: 1078154 / 4295)
[17:49:12] INFO: AI request (iteration 6, msgs=354)
[17:49:16] INFO: AI response: 160051 prompt + 159 response tokens (total: 1238205 / 4454)
[17:49:16] INFO: AI request (iteration 7, msgs=356)
[17:49:19] INFO: AI response: 160094 prompt + 128 response tokens (total: 1398299 / 4582)
[17:49:19] INFO: AI request (iteration 8, msgs=358)
[17:49:22] INFO: AI response: 160253 prompt + 102 response tokens (total: 1558552 / 4684)
[17:49:22] INFO: AI request (iteration 9, msgs=360)
[17:49:25] INFO: AI response: 160389 prompt + 101 response tokens (total: 1718941 / 4785)
[17:49:25] INFO: AI request (iteration 10, msgs=362)
[17:49:28] INFO: AI response: 160522 prompt + 91 response tokens (total: 1879463 / 4876)
[17:49:28] Auto-continue: AI round 1/50 — continuing plan creation
[17:49:28] INFO: AI request (iteration 1, msgs=365)
[17:49:30] INFO: AI response: 160652 prompt + 102 response tokens (total: 2040115 / 4978)
[17:49:30] INFO: AI request (iteration 2, msgs=367)
[17:49:33] INFO: AI response: 160786 prompt + 110 response tokens (total: 2200901 / 5088)
[17:49:39] INFO: AI request (iteration 3, msgs=46)
[17:49:41] INFO: AI response: 4062 prompt + 98 response tokens (total: 2204963 / 5186)
[17:49:41] INFO: AI request (iteration 4, msgs=48)
[17:49:45] INFO: AI response: 4192 prompt + 248 response tokens (total: 2209155 / 5434)
[17:49:45] INFO: AI request (iteration 5, msgs=50)
[17:49:51] INFO: AI response: 4336 prompt + 403 response tokens (total: 2213491 / 5837)
[17:49:51] INFO: AI request (iteration 6, msgs=52)
[17:49:53] INFO: AI response: 4515 prompt + 87 response tokens (total: 2218006 / 5924)
[17:49:53] INFO: AI request (iteration 7, msgs=54)
[17:49:58] INFO: AI response: 6674 prompt + 441 response tokens (total: 2224680 / 6365)
[17:49:58] ✓ deleteTask: Error: task id required or no active plan
[17:49:58] INFO: AI request (iteration 8, msgs=56)
[17:50:02] INFO: AI response: 6719 prompt + 368 response tokens (total: 2231399 / 6733)
[17:50:02] INFO: AI request (iteration 9, msgs=58)
[17:50:06] INFO: AI response: 6900 prompt + 349 response tokens (total: 2238299 / 7082)
[17:50:06] INFO: AI request (iteration 10, msgs=61)
[17:50:10] INFO: AI response: 7348 prompt + 320 response tokens (total: 2245647 / 7402)
[17:50:10] You: 
[17:50:21] INFO: AI request (iteration 1, msgs=67)
[17:50:24] INFO: AI response: 13473 prompt + 215 response tokens (total: 2259120 / 7617)
[17:50:24] INFO: AI request (iteration 2, msgs=69)
[17:50:26] INFO: AI response: 13790 prompt + 68 response tokens (total: 2272910 / 7685)
[17:50:26] INFO: AI request (iteration 3, msgs=71)
[17:50:28] INFO: AI response: 14099 prompt + 104 response tokens (total: 2287009 / 7789)
[17:50:28] ✓ Terminal: Error: Missing required parameter(s): arg1
Usage:
<Terminal>
<arg1>string</arg1>
<arg2>string</arg2>
<arg3>string</arg3>
<arg4>string</arg4>
<arg5>string</arg5>
</Terminal>
[17:50:28] INFO: AI request (iteration 4, msgs=73)
[17:50:31] INFO: AI response: 14192 prompt + 62 response tokens (total: 2301201 / 7851)
[17:50:31] ✓ Terminal: Error: Arguments embedded in <arg1> — each argument needs its own <argN> tag.
Use separate tags:
  <arg1>ls</arg1>
  <arg2>-la</arg2>
  <arg3>webcms/admin/</arg3>
  <arg4>&&</arg4>
  <arg5>mkdir</arg5>
  <arg6>-p</arg6>
  <arg7>webcms/admin/templates</arg7>
  <arg8>webcms/admin/static/css</arg8>
  <arg9>webcms/admin/static/js</arg9>
Instead of:
  <arg1>ls -la webcms/admin/ && mkdir -p webcms/admin/templates webcms/admin/static/css webcms/admin/static/js</arg1>
'ls' is allowed but arguments must ... (truncated, 521 chars total)
[17:50:31] INFO: AI request (iteration 5, msgs=75)
[18:01:18] INFO: Session started, sess_id=316, mode=build, model=kimi-k2.7-code:cloud
[18:01:18] You: 
[18:01:22] You: 
[18:01:25] You: 
[18:01:53] INFO: AI request (iteration 1, msgs=76)
[18:01:55] INFO: AI response: 14418 prompt + 102 response tokens (total: 2314979 / 7799)
[18:01:55] INFO: AI request (iteration 2, msgs=78)
[18:01:57] INFO: AI response: 14689 prompt + 76 response tokens (total: 2329668 / 7875)
[18:01:57] INFO: AI request (iteration 3, msgs=80)
[18:02:47] INFO: Session started, sess_id=317, mode=build, model=kimi-k2.7-code:cloud
[18:02:47] You: 
[18:02:51] You: 
[18:03:00] You: 
[18:03:24] INFO: AI request (iteration 1, msgs=81)
[18:03:32] INFO: AI response: 14746 prompt + 501 response tokens (total: 2344414 / 8376)
[18:03:32] INFO: AI request (iteration 2, msgs=83)
[18:03:43] INFO: AI response: 15332 prompt + 42 response tokens (total: 2359746 / 8418)
[18:03:43] INFO: AI request (iteration 3, msgs=86)
[18:03:57] INFO: AI response: 15594 prompt + 498 response tokens (total: 2375340 / 8916)
[18:03:57] INFO: AI request (iteration 4, msgs=88)
[18:03:58] INFO: AI response: 16220 prompt + 22 response tokens (total: 2391560 / 8938)
[18:03:58] INFO: AI request (iteration 5, msgs=91)
[18:04:08] INFO: AI response: 16365 prompt + 399 response tokens (total: 2407925 / 9337)
[18:04:08] INFO: AI request (iteration 6, msgs=93)
[18:04:10] INFO: AI response: 16836 prompt + 35 response tokens (total: 2424761 / 9372)
[18:04:10] INFO: AI request (iteration 7, msgs=96)
[18:04:18] INFO: AI response: 17109 prompt + 578 response tokens (total: 2441870 / 9950)
[18:04:18] INFO: AI request (iteration 8, msgs=98)
[18:04:20] INFO: AI response: 17775 prompt + 32 response tokens (total: 2459645 / 9982)
[18:04:20] INFO: AI request (iteration 9, msgs=101)
[18:04:27] INFO: AI response: 17922 prompt + 336 response tokens (total: 2477567 / 10318)
[18:04:27] INFO: AI request (iteration 10, msgs=103)
[18:04:29] INFO: AI response: 18437 prompt + 35 response tokens (total: 2496004 / 10353)
[18:04:29] Auto-continue: AI round 1/50 — task 6/16: Create media library admin page at /admin/media and API endp...
[18:04:29] INFO: AI request (iteration 1, msgs=107)
[18:04:36] INFO: AI response: 18737 prompt + 322 response tokens (total: 2514741 / 10675)
[18:04:36] INFO: AI request (iteration 2, msgs=109)
[18:04:38] INFO: AI response: 19220 prompt + 37 response tokens (total: 2533961 / 10712)
[18:04:38] INFO: AI request (iteration 3, msgs=112)
[18:04:45] INFO: AI response: 19445 prompt + 354 response tokens (total: 2553406 / 11066)
[18:04:45] INFO: AI request (iteration 4, msgs=114)
[18:04:47] INFO: AI response: 20003 prompt + 32 response tokens (total: 2573409 / 11098)
[18:04:47] INFO: AI request (iteration 5, msgs=117)
[18:04:53] INFO: AI response: 20192 prompt + 291 response tokens (total: 2593601 / 11389)
[18:04:53] INFO: AI request (iteration 6, msgs=119)
[18:04:55] INFO: AI response: 20618 prompt + 31 response tokens (total: 2614219 / 11420)
[18:04:55] INFO: AI request (iteration 7, msgs=122)
[18:08:49] INFO: Session started, sess_id=318, mode=build, model=kimi-k2.5:cloud
[18:08:49] You: 
[18:09:03] Summarizing — clearing history, keeping system messages...
[18:09:03] Context limit reached — auto-cleared chat history
[18:09:03] You: 
[18:09:05] You: 
[18:09:08] You: 
[18:09:10] You: 
[18:09:13] You: 
[18:09:16] INFO: AI request (iteration 1, msgs=21)
[18:09:22] INFO: AI response: 2300 prompt + 664 response tokens (total: 2300 / 664)
[18:09:22] You: 
[18:09:39] INFO: AI request (iteration 1, msgs=38)
[18:09:50] INFO: AI response: 3737 prompt + 232 response tokens (total: 6037 / 896)
[18:09:50] INFO: AI request (iteration 2, msgs=40)
[18:09:58] INFO: AI response: 3852 prompt + 790 response tokens (total: 9889 / 1686)
[18:09:58] INFO: AI request (iteration 3, msgs=53)
[18:09:59] INFO: AI response: 5018 prompt + 45 response tokens (total: 14907 / 1731)
[18:09:59] INFO: AI request (iteration 4, msgs=56)
[18:10:02] 
[Aborted: 'CreateFile' cannot be used in PLAN mode]
[18:10:02] Stream aborted: 'CreateFile' cannot be used in PLAN mode
[18:10:02] INFO: AI response: 0 prompt + 0 response tokens (total: 14907 / 1731)
[18:10:02] Model tried to use 'CreateFile' in PLAN mode.
[18:10:02]   1. Switch to BUILD mode (allow the tool)
[18:10:02]   2. Stay in PLAN mode (block the tool, continue planning)
[18:10:02]   3. Cancel AI (return to user prompt)
[18:10:02]   4. Continue (dismiss, let the model proceed)
[18:10:02] Choice (1-4): 
[18:10:06] You: 
[18:10:09] You: 
[18:10:15] You: 
[18:10:17] You: 
[18:10:37] INFO: AI request (iteration 1, msgs=59)
[18:10:39] INFO: AI response: 5295 prompt + 143 response tokens (total: 20202 / 1874)
[18:10:39] INFO: AI request (iteration 2, msgs=63)
[18:10:42] INFO: AI response: 12425 prompt + 160 response tokens (total: 32627 / 2034)
[18:10:42] INFO: AI request (iteration 3, msgs=67)
[18:10:44] INFO: AI response: 17123 prompt + 134 response tokens (total: 49750 / 2168)
[18:10:44] INFO: AI request (iteration 4, msgs=71)
[18:10:47] INFO: AI response: 30795 prompt + 224 response tokens (total: 80545 / 2392)
[18:10:47] INFO: AI request (iteration 5, msgs=74)
[18:10:52] INFO: AI response: 31371 prompt + 405 response tokens (total: 111916 / 2797)
[18:10:52] INFO: AI request (iteration 6, msgs=76)
[18:11:04] INFO: AI response: 31559 prompt + 1235 response tokens (total: 143475 / 4032)
[18:11:04] INFO: AI request (iteration 7, msgs=89)
[18:11:06] INFO: AI response: 33017 prompt + 37 response tokens (total: 176492 / 4069)
[18:11:06] INFO: AI request (iteration 8, msgs=91)
[18:11:09] INFO: AI response: 34508 prompt + 456 response tokens (total: 211000 / 4525)
[18:11:09] You: 
[18:11:15] You: 
[18:11:19] INFO: AI request (iteration 1, msgs=94)
[18:11:24] INFO: AI response: 34850 prompt + 225 response tokens (total: 245850 / 4750)
[18:11:24] INFO: AI request (iteration 2, msgs=98)
[18:11:26] INFO: AI response: 36244 prompt + 71 response tokens (total: 282094 / 4821)
[18:11:26] INFO: AI request (iteration 3, msgs=101)
[18:11:32] INFO: AI response: 37486 prompt + 848 response tokens (total: 319580 / 5669)
[18:11:32] INFO: AI request (iteration 4, msgs=104)
[18:11:41] INFO: AI response: 38279 prompt + 568 response tokens (total: 357859 / 6237)
[18:11:41] INFO: AI request (iteration 5, msgs=106)
[18:11:50] INFO: AI response: 38860 prompt + 743 response tokens (total: 396719 / 6980)
[18:11:50] ✓ CreateFile: Error: Missing required parameter(s): fileName
Usage:
<CreateFile>
<fileName>string</fileName>
<contentOfFile>string</contentOfFile>
<overwrite>string</overwrite>
</CreateFile>
[18:11:50] INFO: AI request (iteration 6, msgs=108)
[18:11:58] INFO: AI response: 39646 prompt + 746 response tokens (total: 436365 / 7726)
[18:11:58] INFO: AI request (iteration 7, msgs=110)
[18:12:00] INFO: AI response: 40398 prompt + 92 response tokens (total: 476763 / 7818)
[18:12:00] INFO: AI request (iteration 8, msgs=113)
[18:12:03] INFO: AI response: 41260 prompt + 215 response tokens (total: 518023 / 8033)
[18:12:03] INFO: AI request (iteration 9, msgs=117)
[18:12:06] INFO: AI response: 43562 prompt + 173 response tokens (total: 561585 / 8206)
[18:12:06] INFO: AI request (iteration 10, msgs=119)
[18:12:08] INFO: AI response: 43829 prompt + 126 response tokens (total: 605414 / 8332)
[18:12:08] Auto-continue: AI round 1/50 — task 1/12: Create a search module in webcms/search/ with SQLite FTS5 in...
[18:12:08] INFO: AI request (iteration 1, msgs=122)
[18:12:19] INFO: AI response: 44113 prompt + 767 response tokens (total: 649527 / 9099)
[18:12:19] INFO: AI request (iteration 2, msgs=125)
[18:12:25] INFO: AI response: 44859 prompt + 404 response tokens (total: 694386 / 9503)
[18:12:25] INFO: AI request (iteration 3, msgs=128)
[18:12:32] INFO: AI response: 45386 prompt + 341 response tokens (total: 739772 / 9844)
[18:12:32] INFO: AI request (iteration 4, msgs=130)
[18:12:35] INFO: AI response: 45805 prompt + 59 response tokens (total: 785577 / 9903)
[18:12:35] INFO: AI request (iteration 5, msgs=132)
[18:12:37] INFO: AI response: 47734 prompt + 196 response tokens (total: 833311 / 10099)
[18:12:37] INFO: AI request (iteration 6, msgs=134)
[18:12:41] INFO: AI response: 47994 prompt + 223 response tokens (total: 881305 / 10322)
[18:12:41] INFO: AI request (iteration 7, msgs=137)
[18:12:43] INFO: AI response: 48365 prompt + 46 response tokens (total: 929670 / 10368)
[18:12:43] INFO: AI request (iteration 8, msgs=139)
[18:13:06] INFO: AI response: 50316 prompt + 2065 response tokens (total: 979986 / 12433)
[18:13:06] INFO: AI request (iteration 9, msgs=141)
[18:13:10] INFO: AI response: 52388 prompt + 194 response tokens (total: 1032374 / 12627)
[18:13:10] INFO: AI request (iteration 10, msgs=145)
[18:13:15] INFO: AI response: 53436 prompt + 30 response tokens (total: 1085810 / 12657)
[18:13:15] Auto-continue: AI round 2/50 — task 2/12: Create import/export functionality in webcms/content/exchang...
[18:13:15] INFO: AI request (iteration 1, msgs=149)
[18:13:49] INFO: AI response: 53661 prompt + 3390 response tokens (total: 1139471 / 16047)
[18:13:49] INFO: AI request (iteration 2, msgs=151)
[18:13:53] INFO: AI response: 56970 prompt + 156 response tokens (total: 1196441 / 16203)
[18:13:53] INFO: AI request (iteration 3, msgs=153)
[18:14:03] INFO: AI response: 57199 prompt + 638 response tokens (total: 1253640 / 16841)
[18:14:03] INFO: AI request (iteration 4, msgs=155)
[18:14:07] INFO: AI response: 57924 prompt + 165 response tokens (total: 1311564 / 17006)
[18:14:07] INFO: AI request (iteration 5, msgs=157)
[18:14:11] INFO: AI response: 58165 prompt + 158 response tokens (total: 1369729 / 17164)
[18:14:11] INFO: AI request (iteration 6, msgs=160)
[18:14:14] INFO: AI response: 61672 prompt + 25 response tokens (total: 1431401 / 17189)
[18:14:14] INFO: AI request (iteration 7, msgs=163)
[18:14:17] INFO: AI response: 61841 prompt + 103 response tokens (total: 1493242 / 17292)
[18:14:17] INFO: AI request (iteration 8, msgs=166)
[18:14:23] INFO: AI response: 64334 prompt + 373 response tokens (total: 1557576 / 17665)
[18:14:23] INFO: AI request (iteration 9, msgs=168)
[18:14:38] INFO: AI response: 64785 prompt + 1485 response tokens (total: 1622361 / 19150)
[18:14:38] INFO: AI request (iteration 10, msgs=170)
[18:14:44] INFO: AI response: 66328 prompt + 373 response tokens (total: 1688689 / 19523)
[18:14:44] Auto-continue: AI round 3/50 — task 3/12: Enhance webcms/media/manager.py with WebP conversion support...
[18:14:44] INFO: AI request (iteration 1, msgs=173)
[18:14:48] INFO: AI response: 66842 prompt + 145 response tokens (total: 1755531 / 19668)
[18:14:48] INFO: AI request (iteration 2, msgs=176)
[18:14:58] INFO: AI response: 67120 prompt + 955 response tokens (total: 1822651 / 20623)
[18:14:58] INFO: AI request (iteration 3, msgs=178)
[18:15:01] INFO: AI response: 68067 prompt + 91 response tokens (total: 1890718 / 20714)
[18:15:01] INFO: AI request (iteration 4, msgs=180)
[18:15:06] INFO: AI response: 68199 prompt + 129 response tokens (total: 1958917 / 20843)
[18:15:06] INFO: AI request (iteration 5, msgs=182)
[18:15:14] INFO: AI response: 68365 prompt + 387 response tokens (total: 2027282 / 21230)
[18:15:14] INFO: AI request (iteration 6, msgs=184)
[18:15:19] INFO: AI response: 68830 prompt + 327 response tokens (total: 2096112 / 21557)
[18:15:19] INFO: AI request (iteration 7, msgs=186)
[18:15:22] INFO: AI response: 69249 prompt + 51 response tokens (total: 2165361 / 21608)
[18:15:22] INFO: AI request (iteration 8, msgs=188)
[18:15:47] INFO: AI response: 72518 prompt + 2785 response tokens (total: 2237879 / 24393)
[18:15:47] INFO: AI request (iteration 9, msgs=190)
[18:15:50] INFO: AI response: 75313 prompt + 175 response tokens (total: 2313192 / 24568)
[18:15:50] INFO: AI request (iteration 10, msgs=192)
[18:15:55] INFO: AI response: 75542 prompt + 283 response tokens (total: 2388734 / 24851)
[18:15:55] Auto-continue: AI round 4/50 — task 3/12: Enhance webcms/media/manager.py with WebP conversion support...
[18:15:55] INFO: AI request (iteration 1, msgs=196)
[18:16:01] INFO: AI response: 75912 prompt + 210 response tokens (total: 2464646 / 25061)
[18:16:01] INFO: AI request (iteration 2, msgs=199)
[18:16:23] INFO: AI response: 76173 prompt + 2258 response tokens (total: 2540819 / 27319)
[18:16:23] INFO: AI request (iteration 3, msgs=201)
[18:16:27] INFO: AI response: 78410 prompt + 179 response tokens (total: 2619229 / 27498)
[18:16:27] INFO: AI request (iteration 4, msgs=203)
[18:16:35] INFO: AI response: 78654 prompt + 871 response tokens (total: 2697883 / 28369)
[18:16:35] INFO: AI request (iteration 5, msgs=205)
[18:16:39] INFO: AI response: 79587 prompt + 103 response tokens (total: 2777470 / 28472)
[18:16:39] ✓ ReplaceLine: Error: toLine 36 exceeds file length (32 lines).
[18:16:39] INFO: AI request (iteration 6, msgs=207)
[18:16:41] INFO: AI response: 79704 prompt + 37 response tokens (total: 2857174 / 28509)
[18:16:41] INFO: AI request (iteration 7, msgs=209)
[18:16:45] INFO: AI response: 79934 prompt + 251 response tokens (total: 2937108 / 28760)
[18:16:45] INFO: AI request (iteration 8, msgs=211)
[18:16:48] INFO: AI response: 80194 prompt + 138 response tokens (total: 3017302 / 28898)
[18:16:48] INFO: AI request (iteration 9, msgs=214)
[18:16:51] INFO: AI response: 80463 prompt + 66 response tokens (total: 3097765 / 28964)
[18:16:51] INFO: AI request (iteration 10, msgs=217)
[18:16:54] INFO: AI response: 80626 prompt + 96 response tokens (total: 3178391 / 29060)
[18:16:54] Auto-continue: AI round 5/50 — task 5/12: Extend webcms/cache/manager.py with cache tagging support. A...
[18:16:54] INFO: AI request (iteration 1, msgs=221)
[18:17:15] INFO: AI response: 81913 prompt + 2205 response tokens (total: 3260304 / 31265)
[18:17:15] INFO: AI request (iteration 2, msgs=223)
[18:17:18] INFO: AI response: 84067 prompt + 170 response tokens (total: 3344371 / 31435)
[18:17:18] Auto-continue: AI round 6/50 — task 5/12: Extend webcms/cache/manager.py with cache tagging support. A...
[18:17:18] INFO: AI request (iteration 1, msgs=225)
[18:17:23] INFO: AI response: 84147 prompt + 193 response tokens (total: 3428518 / 31628)
[18:17:23] INFO: AI request (iteration 2, msgs=227)
[18:17:35] INFO: AI response: 84406 prompt + 565 response tokens (total: 3512924 / 32193)
[18:17:35] INFO: AI request (iteration 3, msgs=229)
[18:17:38] INFO: AI response: 85020 prompt + 174 response tokens (total: 3597944 / 32367)
[18:17:38] INFO: AI request (iteration 4, msgs=231)
[18:17:41] INFO: AI response: 85251 prompt + 170 response tokens (total: 3683195 / 32537)
[18:17:41] INFO: AI request (iteration 5, msgs=234)
[18:17:43] INFO: AI response: 85548 prompt + 34 response tokens (total: 3768743 / 32571)
[18:17:43] INFO: AI request (iteration 6, msgs=237)
[18:18:09] INFO: AI response: 85707 prompt + 2352 response tokens (total: 3854450 / 34923)
[18:18:09] INFO: AI request (iteration 7, msgs=239)
[18:18:33] INFO: AI response: 87999 prompt + 1945 response tokens (total: 3942449 / 36868)
[18:18:33] INFO: AI request (iteration 8, msgs=241)
[18:18:38] INFO: AI response: 89958 prompt + 244 response tokens (total: 4032407 / 37112)
[18:18:38] INFO: AI request (iteration 9, msgs=243)
[18:18:43] INFO: AI response: 90229 prompt + 416 response tokens (total: 4122636 / 37528)
[18:18:43] INFO: AI request (iteration 10, msgs=245)
[18:18:47] INFO: AI response: 90709 prompt + 57 response tokens (total: 4213345 / 37585)
[18:18:47] Auto-continue: AI round 7/50 — task 6/12: Create widget framework in webcms/admin/widgets.py. Define W...
[18:18:47] INFO: AI request (iteration 1, msgs=248)
[18:18:51] INFO: AI response: 91868 prompt + 265 response tokens (total: 4305213 / 37850)
[18:18:51] INFO: AI request (iteration 2, msgs=250)
[18:18:53] INFO: AI response: 92134 prompt + 58 response tokens (total: 4397347 / 37908)
[18:18:53] INFO: AI request (iteration 3, msgs=252)
[18:19:24] INFO: AI response: 96064 prompt + 3478 response tokens (total: 4493411 / 41386)
[18:19:24] INFO: AI request (iteration 4, msgs=254)
[18:19:29] INFO: AI response: 99553 prompt + 146 response tokens (total: 4592964 / 41532)
[18:19:29] INFO: AI request (iteration 5, msgs=257)
[18:19:31] INFO: AI response: 99817 prompt + 27 response tokens (total: 4692781 / 41559)
[18:19:31] INFO: AI request (iteration 6, msgs=260)
[18:19:34] INFO: AI response: 99990 prompt + 86 response tokens (total: 4792771 / 41645)
[18:19:34] INFO: AI request (iteration 7, msgs=262)
[18:19:52] INFO: AI response: 100753 prompt + 2293 response tokens (total: 4893524 / 43938)
[18:19:52] INFO: AI request (iteration 8, msgs=264)
[18:19:56] INFO: AI response: 103050 prompt + 134 response tokens (total: 4996574 / 44072)
[18:19:56] INFO: AI request (iteration 9, msgs=268)
[18:20:00] INFO: AI response: 103397 prompt + 123 response tokens (total: 5099971 / 44195)
[18:20:00] INFO: AI request (iteration 10, msgs=270)
[18:20:21] INFO: AI response: 104282 prompt + 2381 response tokens (total: 5204253 / 46576)
[18:20:21] Auto-continue: AI round 8/50 — task 8/12: Audit and optimize webcms/content/repository.py queries. Add...
[18:20:21] INFO: AI request (iteration 1, msgs=273)
[18:20:31] INFO: AI response: 106725 prompt + 953 response tokens (total: 5310978 / 47529)
[18:20:31] INFO: AI request (iteration 2, msgs=275)
[18:20:34] INFO: AI response: 107666 prompt + 258 response tokens (total: 5418644 / 47787)
[18:20:34] INFO: AI request (iteration 3, msgs=277)
[18:20:38] INFO: AI response: 107954 prompt + 157 response tokens (total: 5526598 / 47944)
[18:20:38] INFO: AI request (iteration 4, msgs=280)
[18:20:41] INFO: AI response: 108216 prompt + 27 response tokens (total: 5634814 / 47971)
[18:20:41] INFO: AI request (iteration 5, msgs=283)
[18:20:44] INFO: AI response: 108363 prompt + 95 response tokens (total: 5743177 / 48066)
[18:20:44] INFO: AI request (iteration 6, msgs=286)
[18:21:04] INFO: AI response: 109685 prompt + 2146 response tokens (total: 5852862 / 50212)
[18:21:04] Auto-continue: AI round 9/50 — task 9/12: Update webcms/security/middleware.py with configurable CSP h...
[18:21:04] INFO: AI request (iteration 1, msgs=288)
[18:21:28] INFO: AI response: 109757 prompt + 2248 response tokens (total: 5962619 / 52460)
[18:21:28] INFO: AI request (iteration 2, msgs=290)
[18:21:32] INFO: AI response: 111968 prompt + 143 response tokens (total: 6074587 / 52603)
[18:21:32] INFO: AI request (iteration 3, msgs=292)
[18:21:37] INFO: AI response: 112186 prompt + 341 response tokens (total: 6186773 / 52944)
[18:21:37] INFO: AI request (iteration 4, msgs=294)
[18:21:40] INFO: AI response: 112629 prompt + 36 response tokens (total: 6299402 / 52980)
[18:21:40] INFO: AI request (iteration 5, msgs=296)
[18:21:45] INFO: AI response: 113362 prompt + 600 response tokens (total: 6412764 / 53580)
[18:21:45] INFO: AI request (iteration 6, msgs=298)
[18:21:51] INFO: AI response: 113970 prompt + 210 response tokens (total: 6526734 / 53790)
[18:21:51] INFO: AI request (iteration 7, msgs=300)
[18:21:58] INFO: AI response: 114247 prompt + 347 response tokens (total: 6640981 / 54137)
[18:21:58] INFO: AI request (iteration 8, msgs=302)
[18:22:02] INFO: AI response: 114666 prompt + 56 response tokens (total: 6755647 / 54193)
[18:22:02] INFO: AI request (iteration 9, msgs=304)
[18:22:05] INFO: AI response: 114752 prompt + 54 response tokens (total: 6870399 / 54247)
[18:22:05] INFO: AI request (iteration 10, msgs=306)
[18:22:10] INFO: AI response: 116865 prompt + 296 response tokens (total: 6987264 / 54543)
[18:22:10] Auto-continue: AI round 10/50 — task 9/12: Update webcms/security/middleware.py with configurable CSP h...
[18:22:10] INFO: AI request (iteration 1, msgs=310)
[18:22:14] INFO: AI response: 117398 prompt + 193 response tokens (total: 7104662 / 54736)
[18:22:14] INFO: AI request (iteration 2, msgs=313)
[18:22:29] INFO: AI response: 117581 prompt + 1393 response tokens (total: 7222243 / 56129)
[18:22:29] INFO: AI request (iteration 3, msgs=315)
[18:22:43] INFO: AI response: 118872 prompt + 1457 response tokens (total: 7341115 / 57586)
[18:22:43] INFO: AI request (iteration 4, msgs=317)
[18:22:53] INFO: AI response: 120305 prompt + 810 response tokens (total: 7461420 / 58396)
[18:22:53] INFO: AI request (iteration 5, msgs=319)
[18:23:05] INFO: AI response: 121128 prompt + 815 response tokens (total: 7582548 / 59211)
[18:23:05] INFO: AI request (iteration 6, msgs=321)
[18:23:21] INFO: AI response: 121947 prompt + 1040 response tokens (total: 7704495 / 60251)
[18:23:21] INFO: AI request (iteration 7, msgs=323)
[18:23:34] INFO: AI response: 122985 prompt + 1110 response tokens (total: 7827480 / 61361)
[18:23:34] INFO: AI request (iteration 8, msgs=325)
[18:23:45] INFO: AI response: 124101 prompt + 1019 response tokens (total: 7951581 / 62380)
[18:23:45] INFO: AI request (iteration 9, msgs=327)
[18:23:50] INFO: AI response: 125110 prompt + 180 response tokens (total: 8076691 / 62560)
[18:23:50] INFO: AI request (iteration 10, msgs=330)
[18:23:53] INFO: AI response: 125467 prompt + 30 response tokens (total: 8202158 / 62590)
[18:23:53] Auto-continue: AI round 11/50 — task 11/12: Update README.md with new features. Create docs/SEARCH.md, d...
[18:23:53] INFO: AI request (iteration 1, msgs=334)
[18:23:57] INFO: AI response: 125668 prompt + 138 response tokens (total: 8327826 / 62728)
[18:23:57] INFO: AI request (iteration 2, msgs=336)
[18:24:13] INFO: AI response: 127425 prompt + 1422 response tokens (total: 8455251 / 64150)
[18:24:13] INFO: AI request (iteration 3, msgs=338)
[18:24:20] INFO: AI response: 128849 prompt + 463 response tokens (total: 8584100 / 64613)
[18:24:20] INFO: AI request (iteration 4, msgs=340)
[18:24:28] INFO: AI response: 129320 prompt + 581 response tokens (total: 8713420 / 65194)
[18:24:28] INFO: AI request (iteration 5, msgs=342)
[18:24:44] INFO: AI response: 129884 prompt + 621 response tokens (total: 8843304 / 65815)
[18:24:44] INFO: AI request (iteration 6, msgs=344)
[18:24:53] INFO: AI response: 130507 prompt + 637 response tokens (total: 8973811 / 66452)
[18:24:53] INFO: AI request (iteration 7, msgs=346)
[18:25:03] INFO: AI response: 131160 prompt + 756 response tokens (total: 9104971 / 67208)
[18:25:03] ✓ CreateFile: Error: File HISTORY.md already exists.
[18:25:03] INFO: AI request (iteration 8, msgs=348)
[18:25:06] INFO: AI response: 131921 prompt + 45 response tokens (total: 9236892 / 67253)
[18:25:06] INFO: AI request (iteration 9, msgs=350)
[18:25:15] INFO: AI response: 145031 prompt + 763 response tokens (total: 9381923 / 68016)
[18:25:15] INFO: AI request (iteration 10, msgs=352)
[18:25:19] INFO: AI response: 145791 prompt + 141 response tokens (total: 9527714 / 68157)
[18:25:19] Auto-continue: AI round 12/50 — task 11/12: Update README.md with new features. Create docs/SEARCH.md, d...
[18:25:19] INFO: AI request (iteration 1, msgs=355)
[18:25:25] INFO: AI response: 146028 prompt + 196 response tokens (total: 9673742 / 68353)
[18:25:25] INFO: AI request (iteration 2, msgs=358)
[18:25:28] INFO: AI response: 146375 prompt + 29 response tokens (total: 9820117 / 68382)
[18:25:28] INFO: AI request (iteration 3, msgs=361)
[18:25:33] INFO: AI response: 146532 prompt + 207 response tokens (total: 9966649 / 68589)
[18:25:33] INFO: AI request (iteration 4, msgs=363)
[18:25:39] INFO: AI response: 146926 prompt + 416 response tokens (total: 10113575 / 69005)
[18:25:39] INFO: AI request (iteration 5, msgs=365)
[18:25:44] INFO: AI response: 147328 prompt + 42 response tokens (total: 10260903 / 69047)
[18:25:44] ✓ ExecuteScript: Error: Program 'pytest' is not in the allowed programs list.
Allowed: ls, dir, cat, echo, pwd, whoami, date, id, grep, find, sort, head, tail, wc, awk, sed, bash, sh, python3, python, node, perl, ruby, git, make, cmake, gcc, g++, ping, curl, wget, netstat, ss, ps, top, df, du, free, mkdir, cp, mv, touch, rm, rmdir, ln, install, chmod, chown, cd, ollama, pip, pip3, nvidia-smi
[18:25:44] INFO: AI request (iteration 6, msgs=367)
[18:25:48] INFO: AI response: 147510 prompt + 37 response tokens (total: 10408413 / 69084)
[18:25:48] Auto-continue: AI round 13/50 — task 12/12: Update version in setup.py from "1.0.0" to "1.1.0". Verify a...
[18:25:48] INFO: AI request (iteration 1, msgs=369)
[18:25:52] INFO: AI response: 147587 prompt + 114 response tokens (total: 10556000 / 69198)
[18:25:52] ✓ ExecuteScript: Error: Program 'python' not found in PATH
[18:25:52] INFO: AI request (iteration 2, msgs=371)
[18:25:56] INFO: AI response: 147646 prompt + 43 response tokens (total: 10703646 / 69241)
[18:25:56] INFO: AI request (iteration 3, msgs=373)
[18:26:00] INFO: AI response: 147734 prompt + 107 response tokens (total: 10851380 / 69348)
[18:26:00] INFO: AI request (iteration 4, msgs=375)
[18:26:03] INFO: AI response: 148049 prompt + 91 response tokens (total: 10999429 / 69439)
[18:26:03] ✓ Terminal: Error: Program 'docker' is not in the allowed programs list.
Allowed: ls, dir, cat, echo, pwd, whoami, date, id, grep, find, sort, head, tail, wc, awk, sed, bash, sh, python3, python, node, perl, ruby, git, make, cmake, gcc, g++, ping, curl, wget, netstat, ss, ps, top, df, du, free, mkdir, cp, mv, touch, rm, rmdir, ln, install, chmod, chown, cd, ollama, pip, pip3, nvidia-smi
[18:26:03] INFO: AI request (iteration 5, msgs=377)
[18:26:07] INFO: AI response: 148261 prompt + 42 response tokens (total: 11147690 / 69481)
[18:26:07] Auto-continue: AI round 14/50 — task 12/12: Update version in setup.py from "1.0.0" to "1.1.0". Verify a...
[18:26:07] INFO: AI request (iteration 1, msgs=379)
[18:26:11] INFO: AI response: 148338 prompt + 102 response tokens (total: 11296028 / 69583)
[18:26:11] INFO: AI request (iteration 2, msgs=382)
[18:26:15] INFO: AI response: 148886 prompt + 67 response tokens (total: 11444914 / 69650)
[18:26:15] INFO: AI request (iteration 3, msgs=385)
[18:26:19] INFO: AI response: 150217 prompt + 86 response tokens (total: 11595131 / 69736)
[18:26:19] INFO: AI request (iteration 4, msgs=387)
[18:26:22] INFO: AI response: 150307 prompt + 88 response tokens (total: 11745438 / 69824)
[18:26:22] INFO: AI request (iteration 5, msgs=389)
[18:26:28] INFO: AI response: 150888 prompt + 115 response tokens (total: 11896326 / 69939)
[18:26:28] INFO: AI request (iteration 6, msgs=391)
[18:26:35] INFO: AI response: 151032 prompt + 165 response tokens (total: 12047358 / 70104)
[18:26:35] Auto-continue: AI round 15/50 — task 12/12: Update version in setup.py from "1.0.0" to "1.1.0". Verify a...
[18:26:35] INFO: AI request (iteration 1, msgs=393)
[18:26:40] INFO: AI response: 151109 prompt + 153 response tokens (total: 12198467 / 70257)
[18:26:40] INFO: AI request (iteration 2, msgs=395)
[18:26:43] INFO: AI response: 151198 prompt + 74 response tokens (total: 12349665 / 70331)
[18:26:43] INFO: AI request (iteration 3, msgs=397)
[18:26:52] INFO: AI response: 151321 prompt + 632 response tokens (total: 12500986 / 70963)
[18:26:52] You: 
[18:33:24] You: 
[18:34:22] You: 
[21:53:09] INFO: Session started, sess_id=319, mode=build, model=kimi-k2.5:cloud
[21:53:09] You: 
[21:53:14] You: 
[21:53:26] INFO: AI request (iteration 1, msgs=401)
[21:53:26] Stream error: [Errno 111] Connection refused
[21:53:26] Stream error: [Errno 111] Connection refused
[21:53:26] INFO: AI response: 0 prompt + 0 response tokens (total: 12500986 / 70963)
[21:53:26] Auto-continue: AI round 1/50 — task 12/12: Update version in setup.py from "1.0.0" to "1.1.0". Verify a...
[21:53:26] INFO: AI request (iteration 1, msgs=403)
[21:53:26] Stream error: [Errno 111] Connection refused
[21:53:26] Stream error: [Errno 111] Connection refused
[21:53:26] INFO: AI response: 0 prompt + 0 response tokens (total: 12500986 / 70963)
[21:53:26] Auto-continue: AI round 2/50 — task 12/12: Update version in setup.py from "1.0.0" to "1.1.0". Verify a...
[21:53:26] INFO: AI request (iteration 1, msgs=405)
[21:53:26] Stream error: [Errno 111] Connection refused
[21:53:26] Stream error: [Errno 111] Connection refused
[21:53:26] INFO: AI response: 0 prompt + 0 response tokens (total: 12500986 / 70963)
[21:53:26] Auto-continue: AI round 3/50 — task 12/12: Update version in setup.py from "1.0.0" to "1.1.0". Verify a...
[21:53:26] INFO: AI request (iteration 1, msgs=407)
[21:53:26] Stream error: [Errno 111] Connection refused
[21:53:26] Stream error: [Errno 111] Connection refused
[21:53:26] INFO: AI response: 0 prompt + 0 response tokens (total: 12500986 / 70963)
[21:53:26] Auto-continue: AI round 4/50 — task 12/12: Update version in setup.py from "1.0.0" to "1.1.0". Verify a...
[21:53:26] INFO: AI request (iteration 1, msgs=409)
[21:53:26] Stream error: [Errno 111] Connection refused
[21:53:26] Stream error: [Errno 111] Connection refused
[21:53:26] INFO: AI response: 0 prompt + 0 response tokens (total: 12500986 / 70963)
[21:53:26] Auto-continue: AI round 5/50 — task 12/12: Update version in setup.py from "1.0.0" to "1.1.0". Verify a...
[21:53:26] INFO: AI request (iteration 1, msgs=411)
[21:53:26] Stream error: [Errno 111] Connection refused
[21:53:26] Stream error: [Errno 111] Connection refused
[21:53:26] INFO: AI response: 0 prompt + 0 response tokens (total: 12500986 / 70963)
[21:53:26] Auto-continue: AI round 6/50 — task 12/12: Update version in setup.py from "1.0.0" to "1.1.0". Verify a...
[21:53:26] INFO: AI request (iteration 1, msgs=413)
[21:53:26] Stream error: [Errno 111] Connection refused
[21:53:26] Stream error: [Errno 111] Connection refused
[21:53:26] INFO: AI response: 0 prompt + 0 response tokens (total: 12500986 / 70963)
[21:53:26] Auto-continue: AI round 7/50 — task 12/12: Update version in setup.py from "1.0.0" to "1.1.0". Verify a...
[21:53:26] INFO: AI request (iteration 1, msgs=415)
[21:53:26] Stream error: [Errno 111] Connection refused
[21:53:26] Stream error: [Errno 111] Connection refused
[21:53:26] INFO: AI response: 0 prompt + 0 response tokens (total: 12500986 / 70963)
[21:53:26] Auto-continue: AI round 8/50 — task 12/12: Update version in setup.py from "1.0.0" to "1.1.0". Verify a...
[21:53:26] INFO: AI request (iteration 1, msgs=417)
[21:53:26] Stream error: [Errno 111] Connection refused
[21:53:26] Stream error: [Errno 111] Connection refused
[21:53:26] INFO: AI response: 0 prompt + 0 response tokens (total: 12500986 / 70963)
[21:53:26] Auto-continue: AI round 9/50 — task 12/12: Update version in setup.py from "1.0.0" to "1.1.0". Verify a...
[21:53:26] INFO: AI request (iteration 1, msgs=419)
[21:53:26] Stream error: [Errno 111] Connection refused
[21:53:26] Stream error: [Errno 111] Connection refused
[21:53:26] INFO: AI response: 0 prompt + 0 response tokens (total: 12500986 / 70963)
[21:53:26] Auto-continue: AI round 10/50 — task 12/12: Update version in setup.py from "1.0.0" to "1.1.0". Verify a...
[21:53:26] INFO: AI request (iteration 1, msgs=421)
[21:53:26] Stream error: [Errno 111] Connection refused
[21:53:26] Stream error: [Errno 111] Connection refused
[21:53:26] INFO: AI response: 0 prompt + 0 response tokens (total: 12500986 / 70963)
[21:53:26] Auto-continue: AI round 11/50 — task 12/12: Update version in setup.py from "1.0.0" to "1.1.0". Verify a...
[21:53:26] INFO: AI request (iteration 1, msgs=423)
[21:53:26] Stream error: [Errno 111] Connection refused
[21:53:26] Stream error: [Errno 111] Connection refused
[21:53:26] INFO: AI response: 0 prompt + 0 response tokens (total: 12500986 / 70963)
[21:53:26] Auto-continue: AI round 12/50 — task 12/12: Update version in setup.py from "1.0.0" to "1.1.0". Verify a...
[21:53:26] INFO: AI request (iteration 1, msgs=425)
[21:53:26] Stream error: [Errno 111] Connection refused
[21:53:26] Stream error: [Errno 111] Connection refused
[21:53:26] INFO: AI response: 0 prompt + 0 response tokens (total: 12500986 / 70963)
[21:53:26] Auto-continue: AI round 13/50 — task 12/12: Update version in setup.py from "1.0.0" to "1.1.0". Verify a...
[21:53:26] INFO: AI request (iteration 1, msgs=427)
[21:53:26] Stream error: [Errno 111] Connection refused
[21:53:26] Stream error: [Errno 111] Connection refused
[21:53:26] INFO: AI response: 0 prompt + 0 response tokens (total: 12500986 / 70963)
[21:53:26] Auto-continue: AI round 14/50 — task 12/12: Update version in setup.py from "1.0.0" to "1.1.0". Verify a...
[21:53:26] INFO: AI request (iteration 1, msgs=429)
[21:53:26] Stream error: [Errno 111] Connection refused
[21:53:26] Stream error: [Errno 111] Connection refused
[21:53:26] INFO: AI response: 0 prompt + 0 response tokens (total: 12500986 / 70963)
[21:53:26] Auto-continue: AI round 15/50 — task 12/12: Update version in setup.py from "1.0.0" to "1.1.0". Verify a...
[21:53:26] INFO: AI request (iteration 1, msgs=431)
[21:53:26] Stream error: [Errno 111] Connection refused
[21:53:26] Stream error: [Errno 111] Connection refused
[21:53:26] INFO: AI response: 0 prompt + 0 response tokens (total: 12500986 / 70963)
[21:53:26] Auto-continue: AI round 16/50 — task 12/12: Update version in setup.py from "1.0.0" to "1.1.0". Verify a...
[21:53:26] INFO: AI request (iteration 1, msgs=433)
[21:53:26] Stream error: [Errno 111] Connection refused
[21:53:26] Stream error: [Errno 111] Connection refused
[21:53:26] INFO: AI response: 0 prompt + 0 response tokens (total: 12500986 / 70963)
[21:53:26] Auto-continue: AI round 17/50 — task 12/12: Update version in setup.py from "1.0.0" to "1.1.0". Verify a...
[21:53:26] INFO: AI request (iteration 1, msgs=435)
[21:53:26] Stream error: [Errno 111] Connection refused
[21:53:26] Stream error: [Errno 111] Connection refused
[21:53:26] INFO: AI response: 0 prompt + 0 response tokens (total: 12500986 / 70963)
[21:53:26] Auto-continue: AI round 18/50 — task 12/12: Update version in setup.py from "1.0.0" to "1.1.0". Verify a...
[21:53:26] INFO: AI request (iteration 1, msgs=437)
[21:53:26] Stream error: [Errno 111] Connection refused
[21:53:26] Stream error: [Errno 111] Connection refused
[21:53:26] INFO: AI response: 0 prompt + 0 response tokens (total: 12500986 / 70963)
[21:53:26] Auto-continue: AI round 19/50 — task 12/12: Update version in setup.py from "1.0.0" to "1.1.0". Verify a...
[21:53:26] INFO: AI request (iteration 1, msgs=439)
[21:53:26] Stream error: [Errno 111] Connection refused
[21:53:26] Stream error: [Errno 111] Connection refused
[21:53:26] INFO: AI response: 0 prompt + 0 response tokens (total: 12500986 / 70963)
[21:53:26] Auto-continue: AI round 20/50 — task 12/12: Update version in setup.py from "1.0.0" to "1.1.0". Verify a...
[21:53:26] INFO: AI request (iteration 1, msgs=441)
[21:53:26] Stream error: [Errno 111] Connection refused
[21:53:26] Stream error: [Errno 111] Connection refused
[21:53:26] INFO: AI response: 0 prompt + 0 response tokens (total: 12500986 / 70963)
[21:53:26] Auto-continue: AI round 21/50 — task 12/12: Update version in setup.py from "1.0.0" to "1.1.0". Verify a...
[21:53:26] INFO: AI request (iteration 1, msgs=443)
[21:53:26] Stream error: [Errno 111] Connection refused
[21:53:26] Stream error: [Errno 111] Connection refused
[21:53:26] INFO: AI response: 0 prompt + 0 response tokens (total: 12500986 / 70963)
[21:53:26] Auto-continue: AI round 22/50 — task 12/12: Update version in setup.py from "1.0.0" to "1.1.0". Verify a...
[21:53:26] INFO: AI request (iteration 1, msgs=445)
[21:53:26] Stream error: [Errno 111] Connection refused
[21:53:26] Stream error: [Errno 111] Connection refused
[21:53:26] INFO: AI response: 0 prompt + 0 response tokens (total: 12500986 / 70963)
[21:53:26] Auto-continue: AI round 23/50 — task 12/12: Update version in setup.py from "1.0.0" to "1.1.0". Verify a...
[21:53:26] INFO: AI request (iteration 1, msgs=447)
[21:53:26] Stream error: [Errno 111] Connection refused
[21:53:26] Stream error: [Errno 111] Connection refused
[21:53:26] INFO: AI response: 0 prompt + 0 response tokens (total: 12500986 / 70963)
[21:53:26] Auto-continue: AI round 24/50 — task 12/12: Update version in setup.py from "1.0.0" to "1.1.0". Verify a...
[21:53:26] INFO: AI request (iteration 1, msgs=449)
[21:53:26] Stream error: [Errno 111] Connection refused
[21:53:26] Stream error: [Errno 111] Connection refused
[21:53:26] INFO: AI response: 0 prompt + 0 response tokens (total: 12500986 / 70963)
[21:53:26] Auto-continue: AI round 25/50 — task 12/12: Update version in setup.py from "1.0.0" to "1.1.0". Verify a...
[21:53:26] INFO: AI request (iteration 1, msgs=451)
[21:53:26] Stream error: [Errno 111] Connection refused
[21:53:26] Stream error: [Errno 111] Connection refused
[21:53:26] INFO: AI response: 0 prompt + 0 response tokens (total: 12500986 / 70963)
[21:53:26] Auto-continue: AI round 26/50 — task 12/12: Update version in setup.py from "1.0.0" to "1.1.0". Verify a...
[21:53:26] INFO: AI request (iteration 1, msgs=453)
[21:53:26] Stream error: [Errno 111] Connection refused
[21:53:26] Stream error: [Errno 111] Connection refused
[21:53:26] INFO: AI response: 0 prompt + 0 response tokens (total: 12500986 / 70963)
[21:53:26] Auto-continue: AI round 27/50 — task 12/12: Update version in setup.py from "1.0.0" to "1.1.0". Verify a...
[21:53:26] INFO: AI request (iteration 1, msgs=455)
[21:53:26] Stream error: [Errno 111] Connection refused
[21:53:26] Stream error: [Errno 111] Connection refused
[21:53:26] INFO: AI response: 0 prompt + 0 response tokens (total: 12500986 / 70963)
[21:53:26] Auto-continue: AI round 28/50 — task 12/12: Update version in setup.py from "1.0.0" to "1.1.0". Verify a...
[21:53:26] INFO: AI request (iteration 1, msgs=457)
[21:53:26] Stream error: [Errno 111] Connection refused
[21:53:26] Stream error: [Errno 111] Connection refused
[21:53:26] INFO: AI response: 0 prompt + 0 response tokens (total: 12500986 / 70963)
[21:53:26] Auto-continue: AI round 29/50 — task 12/12: Update version in setup.py from "1.0.0" to "1.1.0". Verify a...
[21:53:26] INFO: AI request (iteration 1, msgs=459)
[21:53:26] Stream error: [Errno 111] Connection refused
[21:53:26] Stream error: [Errno 111] Connection refused
[21:53:26] INFO: AI response: 0 prompt + 0 response tokens (total: 12500986 / 70963)
[21:53:26] Auto-continue: AI round 30/50 — task 12/12: Update version in setup.py from "1.0.0" to "1.1.0". Verify a...
[21:53:26] INFO: AI request (iteration 1, msgs=461)
[21:53:26] Stream error: [Errno 111] Connection refused
[21:53:26] Stream error: [Errno 111] Connection refused
[21:53:26] INFO: AI response: 0 prompt + 0 response tokens (total: 12500986 / 70963)
[21:53:26] Auto-continue: AI round 31/50 — task 12/12: Update version in setup.py from "1.0.0" to "1.1.0". Verify a...
[21:53:26] INFO: AI request (iteration 1, msgs=463)
[21:53:26] Stream error: [Errno 111] Connection refused
[21:53:26] Stream error: [Errno 111] Connection refused
[21:53:26] INFO: AI response: 0 prompt + 0 response tokens (total: 12500986 / 70963)
[21:53:26] Auto-continue: AI round 32/50 — task 12/12: Update version in setup.py from "1.0.0" to "1.1.0". Verify a...
[21:53:26] INFO: AI request (iteration 1, msgs=465)
[21:53:26] Stream error: [Errno 111] Connection refused
[21:53:26] Stream error: [Errno 111] Connection refused
[21:53:26] INFO: AI response: 0 prompt + 0 response tokens (total: 12500986 / 70963)
[21:53:26] Auto-continue: AI round 33/50 — task 12/12: Update version in setup.py from "1.0.0" to "1.1.0". Verify a...
[21:53:26] INFO: AI request (iteration 1, msgs=467)
[21:53:26] Stream error: [Errno 111] Connection refused
[21:53:26] Stream error: [Errno 111] Connection refused
[21:53:26] INFO: AI response: 0 prompt + 0 response tokens (total: 12500986 / 70963)
[21:53:26] Auto-continue: AI round 34/50 — task 12/12: Update version in setup.py from "1.0.0" to "1.1.0". Verify a...
[21:53:26] INFO: AI request (iteration 1, msgs=469)
[21:53:26] Stream error: [Errno 111] Connection refused
[21:53:26] Stream error: [Errno 111] Connection refused
[21:53:26] INFO: AI response: 0 prompt + 0 response tokens (total: 12500986 / 70963)
[21:53:26] Auto-continue: AI round 35/50 — task 12/12: Update version in setup.py from "1.0.0" to "1.1.0". Verify a...
[21:53:26] INFO: AI request (iteration 1, msgs=471)
[21:53:26] Stream error: [Errno 111] Connection refused
[21:53:26] Stream error: [Errno 111] Connection refused
[21:53:26] INFO: AI response: 0 prompt + 0 response tokens (total: 12500986 / 70963)
[21:53:26] Auto-continue: AI round 36/50 — task 12/12: Update version in setup.py from "1.0.0" to "1.1.0". Verify a...
[21:53:26] INFO: AI request (iteration 1, msgs=473)
[21:53:26] Stream error: [Errno 111] Connection refused
[21:53:26] Stream error: [Errno 111] Connection refused
[21:53:26] INFO: AI response: 0 prompt + 0 response tokens (total: 12500986 / 70963)
[21:53:26] Auto-continue: AI round 37/50 — task 12/12: Update version in setup.py from "1.0.0" to "1.1.0". Verify a...
[21:53:26] INFO: AI request (iteration 1, msgs=475)
[21:53:26] Stream error: [Errno 111] Connection refused
[21:53:26] Stream error: [Errno 111] Connection refused
[21:53:26] INFO: AI response: 0 prompt + 0 response tokens (total: 12500986 / 70963)
[21:53:26] Auto-continue: AI round 38/50 — task 12/12: Update version in setup.py from "1.0.0" to "1.1.0". Verify a...
[21:53:26] INFO: AI request (iteration 1, msgs=477)
[21:53:26] Stream error: [Errno 111] Connection refused
[21:53:26] Stream error: [Errno 111] Connection refused
[21:53:26] INFO: AI response: 0 prompt + 0 response tokens (total: 12500986 / 70963)
[21:53:26] Auto-continue: AI round 39/50 — task 12/12: Update version in setup.py from "1.0.0" to "1.1.0". Verify a...
[21:53:26] INFO: AI request (iteration 1, msgs=479)
[21:53:26] Stream error: [Errno 111] Connection refused
[21:53:26] Stream error: [Errno 111] Connection refused
[21:53:26] INFO: AI response: 0 prompt + 0 response tokens (total: 12500986 / 70963)
[21:53:26] Auto-continue: AI round 40/50 — task 12/12: Update version in setup.py from "1.0.0" to "1.1.0". Verify a...
[21:53:26] INFO: AI request (iteration 1, msgs=481)
[21:53:26] Stream error: [Errno 111] Connection refused
[21:53:26] Stream error: [Errno 111] Connection refused
[21:53:26] INFO: AI response: 0 prompt + 0 response tokens (total: 12500986 / 70963)
[21:53:26] Auto-continue: AI round 41/50 — task 12/12: Update version in setup.py from "1.0.0" to "1.1.0". Verify a...
[21:53:26] INFO: AI request (iteration 1, msgs=483)
[21:53:26] Stream error: [Errno 111] Connection refused
[21:53:26] Stream error: [Errno 111] Connection refused
[21:53:26] INFO: AI response: 0 prompt + 0 response tokens (total: 12500986 / 70963)
[21:53:26] Auto-continue: AI round 42/50 — task 12/12: Update version in setup.py from "1.0.0" to "1.1.0". Verify a...
[21:53:26] INFO: AI request (iteration 1, msgs=485)
[21:53:26] Stream error: [Errno 111] Connection refused
[21:53:26] Stream error: [Errno 111] Connection refused
[21:53:26] INFO: AI response: 0 prompt + 0 response tokens (total: 12500986 / 70963)
[21:53:26] Auto-continue: AI round 43/50 — task 12/12: Update version in setup.py from "1.0.0" to "1.1.0". Verify a...
[21:53:26] INFO: AI request (iteration 1, msgs=487)
[21:53:26] Stream error: [Errno 111] Connection refused
[21:53:26] Stream error: [Errno 111] Connection refused
[21:53:26] INFO: AI response: 0 prompt + 0 response tokens (total: 12500986 / 70963)
[21:53:26] Auto-continue: AI round 44/50 — task 12/12: Update version in setup.py from "1.0.0" to "1.1.0". Verify a...
[21:53:26] INFO: AI request (iteration 1, msgs=489)
[21:53:26] Stream error: [Errno 111] Connection refused
[21:53:26] Stream error: [Errno 111] Connection refused
[21:53:26] INFO: AI response: 0 prompt + 0 response tokens (total: 12500986 / 70963)
[21:53:26] Auto-continue: AI round 45/50 — task 12/12: Update version in setup.py from "1.0.0" to "1.1.0". Verify a...
[21:53:26] INFO: AI request (iteration 1, msgs=491)
[21:53:26] Stream error: [Errno 111] Connection refused
[21:53:26] Stream error: [Errno 111] Connection refused
[21:53:26] INFO: AI response: 0 prompt + 0 response tokens (total: 12500986 / 70963)
[21:53:26] Auto-continue: AI round 46/50 — task 12/12: Update version in setup.py from "1.0.0" to "1.1.0". Verify a...
[21:53:26] INFO: AI request (iteration 1, msgs=493)
[21:53:26] Stream error: [Errno 111] Connection refused
[21:53:26] Stream error: [Errno 111] Connection refused
[21:53:26] INFO: AI response: 0 prompt + 0 response tokens (total: 12500986 / 70963)
[21:53:26] Auto-continue: AI round 47/50 — task 12/12: Update version in setup.py from "1.0.0" to "1.1.0". Verify a...
[21:53:26] INFO: AI request (iteration 1, msgs=495)
[21:53:26] Stream error: [Errno 111] Connection refused
[21:53:26] Stream error: [Errno 111] Connection refused
[21:53:26] INFO: AI response: 0 prompt + 0 response tokens (total: 12500986 / 70963)
[21:53:26] Auto-continue: AI round 48/50 — task 12/12: Update version in setup.py from "1.0.0" to "1.1.0". Verify a...
[21:53:26] INFO: AI request (iteration 1, msgs=497)
[21:53:26] Stream error: [Errno 111] Connection refused
[21:53:26] Stream error: [Errno 111] Connection refused
[21:53:26] INFO: AI response: 0 prompt + 0 response tokens (total: 12500986 / 70963)
[21:53:26] Auto-continue: AI round 49/50 — task 12/12: Update version in setup.py from "1.0.0" to "1.1.0". Verify a...
[21:53:26] INFO: AI request (iteration 1, msgs=499)
[21:53:26] Stream error: [Errno 111] Connection refused
[21:53:26] Stream error: [Errno 111] Connection refused
[21:53:26] INFO: AI response: 0 prompt + 0 response tokens (total: 12500986 / 70963)
[21:53:26] Auto-continue: reached 50 rounds — stopping.
[21:53:26] You: 
[21:53:57] INFO: AI request (iteration 1, msgs=501)
[21:54:07] INFO: AI response: 155858 prompt + 66 response tokens (total: 12656844 / 71029)
[21:54:07] INFO: AI request (iteration 2, msgs=503)
[21:54:11] INFO: AI response: 156095 prompt + 80 response tokens (total: 12812939 / 71109)
[21:54:11] INFO: AI request (iteration 3, msgs=505)
[21:54:15] INFO: AI response: 156212 prompt + 34 response tokens (total: 12969151 / 71143)
[21:54:15] INFO: AI request (iteration 4, msgs=507)
[21:54:20] INFO: AI response: 156427 prompt + 41 response tokens (total: 13125578 / 71184)
[21:54:20] Auto-continue: task 12/12 — Update version in setup.py from "1.0.0" to "1.1.0". Verify a...
[21:54:20] INFO: AI request (iteration 5, msgs=509)
[21:54:27] INFO: AI response: 156524 prompt + 210 response tokens (total: 13282102 / 71394)
[21:54:27] INFO: AI request (iteration 6, msgs=511)
[21:54:31] INFO: AI response: 156626 prompt + 49 response tokens (total: 13438728 / 71443)
[21:54:31] Auto-continue: AI round 1/50 — task 12/12: Update version in setup.py from "1.0.0" to "1.1.0". Verify a...
[21:54:31] INFO: AI request (iteration 1, msgs=513)
[21:54:36] INFO: AI response: 156703 prompt + 176 response tokens (total: 13595431 / 71619)
[21:54:36] INFO: AI request (iteration 2, msgs=515)
[21:54:41] INFO: AI response: 156956 prompt + 136 response tokens (total: 13752387 / 71755)
[21:54:42] INFO: AI request (iteration 3, msgs=517)
[21:54:47] INFO: AI response: 157084 prompt + 74 response tokens (total: 13909471 / 71829)
[21:54:47] INFO: AI request (iteration 4, msgs=519)
[21:54:51] INFO: AI response: 157178 prompt + 66 response tokens (total: 14066649 / 71895)
[21:55:21] ✓ Terminal: Error: Command timed out (30s limit)
[21:55:21] INFO: AI request (iteration 5, msgs=521)
[21:55:25] INFO: AI response: 157253 prompt + 80 response tokens (total: 14223902 / 71975)
[21:55:25] INFO: AI request (iteration 6, msgs=523)
[21:55:29] INFO: AI response: 157381 prompt + 72 response tokens (total: 14381283 / 72047)
[21:55:29] INFO: AI request (iteration 7, msgs=525)
[21:55:34] INFO: AI response: 157489 prompt + 279 response tokens (total: 14538772 / 72326)
[21:55:34] INFO: AI request (iteration 8, msgs=527)
[21:55:37] INFO: AI response: 157642 prompt + 70 response tokens (total: 14696414 / 72396)
[21:55:37] INFO: AI request (iteration 9, msgs=529)
[21:55:44] INFO: AI response: 157753 prompt + 250 response tokens (total: 14854167 / 72646)
[21:55:44] INFO: AI request (iteration 10, msgs=531)
[21:55:48] INFO: AI response: 158057 prompt + 90 response tokens (total: 15012224 / 72736)
[21:55:48] You: 
[21:56:00] INFO: AI request (iteration 1, msgs=534)
[21:56:06] INFO: AI response: 158093 prompt + 315 response tokens (total: 15170317 / 73051)
[21:56:06] You: 
[21:56:15] You: 
[21:56:19] You: 
[21:57:15] INFO: Session started, sess_id=320, mode=build, model=kimi-k2.5:cloud
[21:57:15] You: 
[21:57:19] You: 
[21:57:24] You: 
[21:58:14] INFO: Session started, sess_id=321, mode=build, model=kimi-k2.5:cloud
[21:58:14] You: 
[21:58:16] You: 
[21:58:26] INFO: AI request (iteration 1, msgs=536)
[21:58:31] INFO: AI response: 158637 prompt + 196 response tokens (total: 15328954 / 73247)
[21:58:31] INFO: AI request (iteration 2, msgs=538)
[21:58:37] INFO: AI response: 160840 prompt + 245 response tokens (total: 15489794 / 73492)
[21:58:37] INFO: AI request (iteration 3, msgs=540)
[21:58:42] INFO: AI response: 161069 prompt + 107 response tokens (total: 15650863 / 73599)
[21:58:42] INFO: AI request (iteration 4, msgs=542)
[21:58:46] INFO: AI response: 161178 prompt + 40 response tokens (total: 15812041 / 73639)
[21:58:46] INFO: AI request (iteration 5, msgs=544)
[21:58:51] INFO: AI response: 163387 prompt + 195 response tokens (total: 15975428 / 73834)
[21:58:51] INFO: AI request (iteration 6, msgs=546)
[21:58:54] INFO: AI response: 163649 prompt + 47 response tokens (total: 16139077 / 73881)
[21:58:54] INFO: AI request (iteration 7, msgs=548)
[21:58:59] INFO: AI response: 163746 prompt + 52 response tokens (total: 16302823 / 73933)
[21:58:59] INFO: AI request (iteration 8, msgs=550)
[21:59:02] INFO: AI response: 163823 prompt + 69 response tokens (total: 16466646 / 74002)
[21:59:02] INFO: AI request (iteration 9, msgs=552)
[21:59:07] INFO: AI response: 163917 prompt + 85 response tokens (total: 16630563 / 74087)
[21:59:07] You: 
[22:00:00] INFO: AI request (iteration 1, msgs=554)
[22:00:18] INFO: AI response: 164242 prompt + 144 response tokens (total: 16794805 / 74231)
[22:00:26] INFO: AI request (iteration 2, msgs=50)
[22:00:32] INFO: AI response: 4793 prompt + 343 response tokens (total: 16799598 / 74574)
[22:00:32] INFO: AI request (iteration 3, msgs=52)
[22:00:34] INFO: AI response: 5009 prompt + 101 response tokens (total: 16804607 / 74675)
[22:00:34] INFO: AI request (iteration 4, msgs=54)
[22:00:36] INFO: AI response: 6288 prompt + 90 response tokens (total: 16810895 / 74765)
[22:00:36] INFO: AI request (iteration 5, msgs=56)
[22:00:38] INFO: AI response: 6380 prompt + 52 response tokens (total: 16817275 / 74817)
[22:00:38] INFO: AI request (iteration 6, msgs=58)
[22:00:39] INFO: AI response: 6614 prompt + 52 response tokens (total: 16823889 / 74869)
[22:00:39] INFO: AI request (iteration 7, msgs=60)
[22:00:53] INFO: AI response: 9164 prompt + 1326 response tokens (total: 16833053 / 76195)
[22:00:53] INFO: AI request (iteration 8, msgs=62)
[22:00:55] INFO: AI response: 10494 prompt + 55 response tokens (total: 16843547 / 76250)
[22:00:55] INFO: AI request (iteration 9, msgs=64)
[22:00:58] INFO: AI response: 10585 prompt + 115 response tokens (total: 16854132 / 76365)
[22:00:58] You: 
[22:01:31] INFO: AI request (iteration 1, msgs=66)
[22:01:33] INFO: AI response: 10841 prompt + 81 response tokens (total: 16864973 / 76446)
[22:01:33] INFO: AI request (iteration 2, msgs=68)
[22:01:36] INFO: AI response: 11025 prompt + 237 response tokens (total: 16875998 / 76683)
[22:01:36] INFO: AI request (iteration 3, msgs=71)
[22:01:40] INFO: AI response: 11301 prompt + 143 response tokens (total: 16887299 / 76826)
[22:01:40] INFO: AI request (iteration 4, msgs=73)
[22:01:43] INFO: AI response: 11418 prompt + 204 response tokens (total: 16898717 / 77030)
[22:01:43] You: 
[22:02:05] INFO: AI request (iteration 1, msgs=75)
[22:02:07] INFO: AI response: 11768 prompt + 61 response tokens (total: 16910485 / 77091)
[22:02:07] INFO: AI request (iteration 2, msgs=77)
[22:02:42] INFO: AI response: 15395 prompt + 3626 response tokens (total: 16925880 / 80717)
[22:02:42] INFO: AI request (iteration 3, msgs=79)
[22:02:44] INFO: AI response: 19009 prompt + 54 response tokens (total: 16944889 / 80771)
[22:02:44] INFO: AI request (iteration 4, msgs=81)
[22:02:46] INFO: AI response: 19105 prompt + 53 response tokens (total: 16963994 / 80824)
[22:02:46] INFO: AI request (iteration 5, msgs=83)
[22:02:49] INFO: AI response: 19181 prompt + 108 response tokens (total: 16983175 / 80932)
[22:02:49] You: 
[22:04:45] INFO: AI request (iteration 1, msgs=85)
[22:04:47] INFO: AI response: 19974 prompt + 71 response tokens (total: 17003149 / 81003)
[22:04:47] INFO: AI request (iteration 2, msgs=87)
[22:04:51] INFO: AI response: 22178 prompt + 174 response tokens (total: 17025327 / 81177)
[22:04:51] INFO: AI request (iteration 3, msgs=89)
[22:04:54] INFO: AI response: 23865 prompt + 175 response tokens (total: 17049192 / 81352)
[22:04:54] INFO: AI request (iteration 4, msgs=91)
[22:04:57] INFO: AI response: 24091 prompt + 112 response tokens (total: 17073283 / 81464)
[22:04:57] INFO: AI request (iteration 5, msgs=93)
[22:05:00] INFO: AI response: 24295 prompt + 49 response tokens (total: 17097578 / 81513)
[22:05:00] INFO: AI request (iteration 6, msgs=95)
[22:05:01] INFO: AI response: 24967 prompt + 40 response tokens (total: 17122545 / 81553)
[22:05:01] INFO: AI request (iteration 7, msgs=97)
[22:05:04] INFO: AI response: 26600 prompt + 117 response tokens (total: 17149145 / 81670)
[22:05:04] INFO: AI request (iteration 8, msgs=99)
[22:05:06] INFO: AI response: 26764 prompt + 58 response tokens (total: 17175909 / 81728)
[22:05:06] INFO: AI request (iteration 9, msgs=101)
[22:05:09] INFO: AI response: 27512 prompt + 182 response tokens (total: 17203421 / 81910)
[22:05:09] INFO: AI request (iteration 10, msgs=103)
[22:05:11] INFO: AI response: 27761 prompt + 57 response tokens (total: 17231182 / 81967)
[22:05:11] You: 
[22:06:05] INFO: AI request (iteration 1, msgs=106)
[22:06:18] INFO: AI response: 28019 prompt + 1648 response tokens (total: 17259201 / 83615)
[22:06:18] INFO: AI request (iteration 2, msgs=108)
[22:06:20] INFO: AI response: 29681 prompt + 42 response tokens (total: 17288882 / 83657)
[22:06:20] INFO: AI request (iteration 3, msgs=110)
[22:06:23] INFO: AI response: 29757 prompt + 205 response tokens (total: 17318639 / 83862)
[22:06:23] INFO: AI request (iteration 4, msgs=113)
[22:06:25] INFO: AI response: 30006 prompt + 161 response tokens (total: 17348645 / 84023)
[22:06:25] INFO: AI request (iteration 5, msgs=115)
[22:07:02] INFO: AI response: 30313 prompt + 115 response tokens (total: 17378958 / 84138)
[22:07:32] ✓ Terminal: Error: Command timed out (30s limit)
[22:07:32] INFO: AI request (iteration 6, msgs=117)
[22:07:35] INFO: AI response: 30394 prompt + 125 response tokens (total: 17409352 / 84263)
[22:07:35] INFO: AI request (iteration 7, msgs=119)
[22:07:39] INFO: AI response: 30505 prompt + 159 response tokens (total: 17439857 / 84422)
[22:07:39] INFO: AI request (iteration 8, msgs=121)
[22:07:42] INFO: AI response: 31034 prompt + 247 response tokens (total: 17470891 / 84669)
[22:07:42] INFO: AI request (iteration 9, msgs=123)
[22:07:45] INFO: AI response: 31250 prompt + 105 response tokens (total: 17502141 / 84774)
[22:07:45] INFO: AI request (iteration 10, msgs=125)
[22:07:49] INFO: AI response: 34018 prompt + 371 response tokens (total: 17536159 / 85145)
[22:07:49] You: 
[22:09:44] INFO: AI request (iteration 1, msgs=128)
[22:09:48] INFO: AI response: 35438 prompt + 323 response tokens (total: 17571597 / 85468)
[22:09:48] INFO: AI request (iteration 2, msgs=130)
[22:09:51] INFO: AI response: 35924 prompt + 184 response tokens (total: 17607521 / 85652)
[22:09:51] INFO: AI request (iteration 3, msgs=132)
[22:09:54] INFO: AI response: 36183 prompt + 150 response tokens (total: 17643704 / 85802)
[22:09:54] INFO: AI request (iteration 4, msgs=134)
[22:10:01] INFO: AI response: 36407 prompt + 651 response tokens (total: 17680111 / 86453)
[22:10:01] INFO: AI request (iteration 5, msgs=136)
[22:10:04] INFO: AI response: 37143 prompt + 42 response tokens (total: 17717254 / 86495)
[22:10:04] INFO: AI request (iteration 6, msgs=138)
[22:10:20] INFO: AI response: 37236 prompt + 1720 response tokens (total: 17754490 / 88215)
[22:10:20] INFO: AI request (iteration 7, msgs=140)
[22:10:23] INFO: AI response: 38966 prompt + 139 response tokens (total: 17793456 / 88354)
[22:10:23] INFO: AI request (iteration 8, msgs=142)
[22:10:26] INFO: AI response: 39042 prompt + 224 response tokens (total: 17832498 / 88578)
[22:10:26] INFO: AI request (iteration 9, msgs=144)
[22:10:34] INFO: AI response: 39590 prompt + 676 response tokens (total: 17872088 / 89254)
[22:10:34] You: 
[22:11:06] INFO: AI request (iteration 1, msgs=146)
[22:11:11] INFO: AI response: 40359 prompt + 339 response tokens (total: 17912447 / 89593)
[22:11:11] INFO: AI request (iteration 2, msgs=148)
[22:11:14] INFO: AI response: 40728 prompt + 179 response tokens (total: 17953175 / 89772)
[22:11:14] You: 
[22:11:23] INFO: AI request (iteration 1, msgs=150)
[22:11:25] INFO: AI response: 40740 prompt + 60 response tokens (total: 17993915 / 89832)
[22:11:25] INFO: AI request (iteration 2, msgs=152)
[22:11:28] INFO: AI response: 40839 prompt + 37 response tokens (total: 18034754 / 89869)
[22:11:28] INFO: AI request (iteration 3, msgs=155)
[22:11:44] INFO: AI response: 42722 prompt + 1833 response tokens (total: 18077476 / 91702)
[22:11:44] INFO: AI request (iteration 4, msgs=157)
[22:11:46] INFO: AI response: 44566 prompt + 53 response tokens (total: 18122042 / 91755)
[22:11:46] INFO: AI request (iteration 5, msgs=159)
[22:11:49] INFO: AI response: 44642 prompt + 102 response tokens (total: 18166684 / 91857)
[22:11:49] You: 
[22:12:56] INFO: AI request (iteration 1, msgs=161)
[22:13:05] INFO: AI response: 45367 prompt + 710 response tokens (total: 18212051 / 92567)
[22:13:05] INFO: AI request (iteration 2, msgs=163)
[22:13:08] INFO: AI response: 46141 prompt + 55 response tokens (total: 18258192 / 92622)
[22:13:08] INFO: AI request (iteration 3, msgs=165)
[22:13:24] INFO: AI response: 46262 prompt + 2006 response tokens (total: 18304454 / 94628)
[22:13:24] INFO: AI request (iteration 4, msgs=167)
[22:13:26] INFO: AI response: 48248 prompt + 35 response tokens (total: 18352702 / 94663)
[22:13:26] You: 
[22:13:32] INFO: AI request (iteration 1, msgs=169)
[22:13:35] INFO: AI response: 48259 prompt + 54 response tokens (total: 18400961 / 94717)
[22:13:35] INFO: AI request (iteration 2, msgs=171)
[22:13:38] INFO: AI response: 48335 prompt + 116 response tokens (total: 18449296 / 94833)
[22:13:38] INFO: AI request (iteration 3, msgs=173)
[22:13:43] INFO: AI response: 48848 prompt + 235 response tokens (total: 18498144 / 95068)
[22:13:43] You: 
[22:17:22] INFO: AI request (iteration 1, msgs=175)
[22:17:27] INFO: AI response: 50393 prompt + 300 response tokens (total: 18548537 / 95368)
[22:17:27] INFO: AI request (iteration 2, msgs=177)
[22:17:52] INFO: AI response: 52094 prompt + 2770 response tokens (total: 18600631 / 98138)
[22:17:52] INFO: AI request (iteration 3, msgs=179)
[22:17:56] INFO: AI response: 54774 prompt + 273 response tokens (total: 18655405 / 98411)
[22:17:56] INFO: AI request (iteration 4, msgs=181)
[22:18:00] INFO: AI response: 54851 prompt + 272 response tokens (total: 18710256 / 98683)
[22:18:00] You: 
[22:18:35] You: 
[22:18:40] INFO: AI request (iteration 1, msgs=184)
[22:18:49] INFO: AI response: 55064 prompt + 778 response tokens (total: 18765320 / 99461)
[22:18:49] You: 
[22:18:54] You: 
[22:20:03] INFO: AI request (iteration 1, msgs=200)
[22:20:05] INFO: AI response: 56435 prompt + 115 response tokens (total: 18821755 / 99576)
[22:20:05] INFO: AI request (iteration 2, msgs=202)
[22:20:08] INFO: AI response: 56547 prompt + 138 response tokens (total: 18878302 / 99714)
[22:20:08] INFO: AI request (iteration 3, msgs=204)
[22:20:11] INFO: AI response: 56709 prompt + 123 response tokens (total: 18935011 / 99837)
[22:20:11] You: 
[22:20:32] INFO: AI request (iteration 1, msgs=206)
[22:20:34] INFO: AI response: 56733 prompt + 142 response tokens (total: 18991744 / 99979)
[22:20:34] INFO: AI request (iteration 2, msgs=208)
[22:20:38] INFO: AI response: 56864 prompt + 138 response tokens (total: 19048608 / 100117)
[22:20:38] INFO: AI request (iteration 3, msgs=211)
[22:20:41] INFO: AI response: 57073 prompt + 151 response tokens (total: 19105681 / 100268)
[22:20:41] INFO: AI request (iteration 4, msgs=213)
[22:20:43] INFO: AI response: 57225 prompt + 22 response tokens (total: 19162906 / 100290)
[22:20:43] INFO: AI request (iteration 5, msgs=216)
[22:20:45] INFO: AI response: 57467 prompt + 87 response tokens (total: 19220373 / 100377)
[22:20:45] INFO: AI request (iteration 6, msgs=218)
[22:20:48] INFO: AI response: 57776 prompt + 61 response tokens (total: 19278149 / 100438)
[22:20:48] INFO: AI request (iteration 7, msgs=220)
[22:20:50] INFO: AI response: 58914 prompt + 161 response tokens (total: 19337063 / 100599)
[22:20:50] INFO: AI request (iteration 8, msgs=222)
[22:20:53] INFO: AI response: 61549 prompt + 67 response tokens (total: 19398612 / 100666)
[22:20:53] INFO: AI request (iteration 9, msgs=224)
[22:20:55] INFO: AI response: 62357 prompt + 49 response tokens (total: 19460969 / 100715)
[22:20:55] INFO: AI request (iteration 10, msgs=226)
[22:20:57] INFO: AI response: 63154 prompt + 97 response tokens (total: 19524123 / 100812)
[22:20:57] You: 
[22:21:16] You: 
[22:21:20] INFO: AI request (iteration 1, msgs=229)
[22:21:28] INFO: AI response: 63823 prompt + 756 response tokens (total: 19587946 / 101568)
[22:21:28] INFO: AI request (iteration 2, msgs=231)
[22:21:30] INFO: AI response: 64036 prompt + 48 response tokens (total: 19651982 / 101616)
[22:21:30] INFO: AI request (iteration 3, msgs=234)
[22:21:32] INFO: AI response: 64217 prompt + 56 response tokens (total: 19716199 / 101672)
[22:21:32] INFO: AI request (iteration 4, msgs=236)
[22:21:36] INFO: AI response: 66845 prompt + 192 response tokens (total: 19783044 / 101864)
[22:21:36] INFO: AI request (iteration 5, msgs=238)
[22:21:38] INFO: AI response: 66922 prompt + 60 response tokens (total: 19849966 / 101924)
[22:21:38] INFO: AI request (iteration 6, msgs=240)
[22:21:41] INFO: AI response: 68885 prompt + 158 response tokens (total: 19918851 / 102082)
[22:21:41] INFO: AI request (iteration 7, msgs=242)
[22:21:44] INFO: AI response: 69003 prompt + 139 response tokens (total: 19987854 / 102221)
[22:21:44] INFO: AI request (iteration 8, msgs=244)
[22:21:47] INFO: AI response: 70162 prompt + 46 response tokens (total: 20058016 / 102267)
[22:21:47] INFO: AI request (iteration 9, msgs=246)
[22:21:54] INFO: AI response: 72359 prompt + 596 response tokens (total: 20130375 / 102863)
[22:21:54] INFO: AI request (iteration 10, msgs=248)
[22:21:57] INFO: AI response: 72565 prompt + 124 response tokens (total: 20202940 / 102987)
[22:21:57] Auto-continue: AI round 1/50 — task 3/4: 1. Read webcms/admin/api.py and verify all endpoints
2. Chec...
[22:21:57] INFO: AI request (iteration 1, msgs=252)
[22:22:00] INFO: AI response: 72865 prompt + 80 response tokens (total: 20275805 / 103067)
[22:22:00] INFO: AI request (iteration 2, msgs=254)
[22:22:05] INFO: AI response: 76445 prompt + 306 response tokens (total: 20352250 / 103373)
[22:22:05] INFO: AI request (iteration 3, msgs=256)
[22:22:08] INFO: AI response: 76711 prompt + 114 response tokens (total: 20428961 / 103487)
[22:22:08] INFO: AI request (iteration 4, msgs=259)
[22:22:13] INFO: AI response: 76926 prompt + 344 response tokens (total: 20505887 / 103831)
[22:22:13] INFO: AI request (iteration 5, msgs=261)
[22:22:21] INFO: AI response: 77158 prompt + 849 response tokens (total: 20583045 / 104680)
[22:22:21] INFO: AI request (iteration 6, msgs=263)
[22:22:25] INFO: AI response: 78067 prompt + 328 response tokens (total: 20661112 / 105008)
[22:22:25] INFO: AI request (iteration 7, msgs=265)
[22:22:28] INFO: AI response: 78482 prompt + 209 response tokens (total: 20739594 / 105217)
[22:22:28] INFO: AI request (iteration 8, msgs=267)
[22:22:30] INFO: AI response: 78754 prompt + 44 response tokens (total: 20818348 / 105261)
[22:22:30] INFO: AI request (iteration 9, msgs=269)
[22:22:33] INFO: AI response: 78857 prompt + 50 response tokens (total: 20897205 / 105311)
[22:22:33] INFO: AI request (iteration 10, msgs=271)
[22:22:50] INFO: AI response: 80915 prompt + 1867 response tokens (total: 20978120 / 107178)
[22:22:50] Auto-continue: AI round 2/50 — task 4/4: 1. Fix any routing issues found (missing handlers, wrong met...
[22:22:50] INFO: AI request (iteration 1, msgs=274)
[22:22:53] INFO: AI response: 82893 prompt + 66 response tokens (total: 21061013 / 107244)
[22:22:53] INFO: AI request (iteration 2, msgs=276)
[22:22:57] INFO: AI response: 82969 prompt + 210 response tokens (total: 21143982 / 107454)
[22:22:57] INFO: AI request (iteration 3, msgs=278)
[22:23:01] INFO: AI response: 83633 prompt + 146 response tokens (total: 21227615 / 107600)
[22:23:01] INFO: AI request (iteration 4, msgs=280)
[22:23:04] INFO: AI response: 84400 prompt + 132 response tokens (total: 21312015 / 107732)
[22:23:04] INFO: AI request (iteration 5, msgs=282)
[22:23:07] INFO: AI response: 84612 prompt + 88 response tokens (total: 21396627 / 107820)
[22:23:07] INFO: AI request (iteration 6, msgs=284)
[22:23:11] INFO: AI response: 84641 prompt + 319 response tokens (total: 21481268 / 108139)
[22:23:11] You: 
[22:24:58] INFO: AI request (iteration 1, msgs=287)
[22:25:02] INFO: AI response: 87972 prompt + 314 response tokens (total: 21569240 / 108453)
[22:25:02] INFO: AI request (iteration 2, msgs=289)
[22:25:08] INFO: AI response: 88599 prompt + 411 response tokens (total: 21657839 / 108864)
[22:25:08] You: 
[22:26:28] INFO: AI request (iteration 1, msgs=291)
[22:26:34] INFO: AI response: 89440 prompt + 395 response tokens (total: 21747279 / 109259)
[22:26:34] INFO: AI request (iteration 2, msgs=293)
[22:26:41] INFO: AI response: 90310 prompt + 437 response tokens (total: 21837589 / 109696)
[22:26:41] INFO: AI request (iteration 3, msgs=295)
[22:26:47] INFO: AI response: 91294 prompt + 460 response tokens (total: 21928883 / 110156)
[22:26:47] INFO: AI request (iteration 4, msgs=297)
[22:26:56] INFO: AI response: 92343 prompt + 549 response tokens (total: 22021226 / 110705)
[22:26:56] INFO: AI request (iteration 5, msgs=299)
[22:27:00] INFO: AI response: 93159 prompt + 132 response tokens (total: 22114385 / 110837)
[22:27:00] INFO: AI request (iteration 6, msgs=301)
[22:27:05] INFO: AI response: 93290 prompt + 247 response tokens (total: 22207675 / 111084)
[22:27:05] You: 
[22:31:34] INFO: AI request (iteration 1, msgs=303)
[22:31:40] INFO: AI response: 93302 prompt + 280 response tokens (total: 22300977 / 111364)
[22:31:40] INFO: AI request (iteration 2, msgs=305)
[22:31:51] INFO: AI response: 93643 prompt + 403 response tokens (total: 22394620 / 111767)
[22:31:51] INFO: AI request (iteration 3, msgs=307)
[22:31:54] INFO: AI response: 93961 prompt + 61 response tokens (total: 22488581 / 111828)
[22:31:54] You: 
[22:33:18] INFO: AI request (iteration 1, msgs=309)
[22:33:22] INFO: AI response: 93972 prompt + 59 response tokens (total: 22582553 / 111887)
[22:33:52] ✓ ExecuteScript: Error: Command timed out (30s limit)
[22:33:52] INFO: AI request (iteration 2, msgs=311)
[22:33:57] INFO: AI response: 94026 prompt + 226 response tokens (total: 22676579 / 112113)
[22:33:57] INFO: AI request (iteration 3, msgs=313)
[22:34:05] INFO: AI response: 95198 prompt + 677 response tokens (total: 22771777 / 112790)
[22:34:05] INFO: AI request (iteration 4, msgs=315)
[22:34:08] INFO: AI response: 95622 prompt + 51 response tokens (total: 22867399 / 112841)
[22:34:08] INFO: AI request (iteration 5, msgs=317)
[22:34:14] INFO: AI response: 95876 prompt + 355 response tokens (total: 22963275 / 113196)
[22:34:14] INFO: AI request (iteration 6, msgs=319)
[22:34:18] INFO: AI response: 96191 prompt + 124 response tokens (total: 23059466 / 113320)
[22:34:18] You: 
[22:36:15] INFO: AI request (iteration 1, msgs=321)
[22:36:25] INFO: AI response: 104103 prompt + 580 response tokens (total: 23163569 / 113900)
[22:36:25] INFO: AI request (iteration 2, msgs=323)
[22:36:31] INFO: AI response: 104465 prompt + 324 response tokens (total: 23268034 / 114224)
[22:36:31] INFO: AI request (iteration 3, msgs=325)
[22:36:36] INFO: AI response: 104665 prompt + 125 response tokens (total: 23372699 / 114349)
[22:36:36] INFO: AI request (iteration 4, msgs=328)
[22:36:44] INFO: AI response: 104752 prompt + 507 response tokens (total: 23477451 / 114856)
[22:36:44] INFO: AI request (iteration 5, msgs=330)
[22:36:49] INFO: AI response: 105207 prompt + 133 response tokens (total: 23582658 / 114989)
[22:36:49] INFO: AI request (iteration 6, msgs=332)
[22:36:56] INFO: AI response: 105750 prompt + 379 response tokens (total: 23688408 / 115368)
[22:36:56] You: 
[22:37:42] INFO: AI request (iteration 1, msgs=334)
[22:37:50] INFO: AI response: 106085 prompt + 473 response tokens (total: 23794493 / 115841)
[22:37:50] INFO: AI request (iteration 2, msgs=336)
[22:37:56] INFO: AI response: 106542 prompt + 345 response tokens (total: 23901035 / 116186)
[22:37:56] INFO: AI request (iteration 3, msgs=338)
[22:38:00] INFO: AI response: 106854 prompt + 41 response tokens (total: 24007889 / 116227)
[22:38:30] ✓ ExecuteScript: Error: Command timed out (30s limit)
[22:38:30] INFO: AI request (iteration 4, msgs=340)
[22:38:35] INFO: AI response: 106910 prompt + 300 response tokens (total: 24114799 / 116527)
[22:38:35] You: 
[22:41:40] INFO: AI request (iteration 1, msgs=342)
[22:41:45] INFO: AI response: 107219 prompt + 397 response tokens (total: 24222018 / 116924)
[22:41:45] INFO: AI request (iteration 2, msgs=344)
[22:41:49] INFO: AI response: 107509 prompt + 110 response tokens (total: 24329527 / 117034)
[22:41:49] INFO: AI request (iteration 3, msgs=346)
[22:41:59] INFO: AI response: 107689 prompt + 50 response tokens (total: 24437216 / 117084)
[22:41:59] INFO: AI request (iteration 4, msgs=348)
[22:42:06] INFO: AI response: 107798 prompt + 38 response tokens (total: 24545014 / 117122)
[22:42:06] INFO: AI request (iteration 5, msgs=350)
[22:42:25] INFO: AI response: 109976 prompt + 2225 response tokens (total: 24654990 / 119347)
[22:42:25] INFO: AI request (iteration 6, msgs=352)
[22:42:29] INFO: AI response: 112216 prompt + 50 response tokens (total: 24767206 / 119397)
[22:42:29] INFO: AI request (iteration 7, msgs=354)
[22:42:32] INFO: AI response: 112313 prompt + 52 response tokens (total: 24879519 / 119449)
[22:42:32] INFO: AI request (iteration 8, msgs=356)
[22:42:37] INFO: AI response: 112390 prompt + 219 response tokens (total: 24991909 / 119668)
[22:42:37] INFO: AI request (iteration 9, msgs=358)
[22:42:45] INFO: AI response: 113115 prompt + 428 response tokens (total: 25105024 / 120096)
[22:42:45] You: 
[22:47:08] You: 
[22:47:13] INFO: AI request (iteration 1, msgs=361)
[22:47:21] INFO: AI response: 113523 prompt + 638 response tokens (total: 25218547 / 120734)
[22:47:21] You: 
[22:50:14] You: 
[22:50:52] INFO: AI request (iteration 1, msgs=377)
[22:50:56] INFO: AI response: 114893 prompt + 179 response tokens (total: 25333440 / 120913)
[22:50:56] INFO: AI request (iteration 2, msgs=379)
[22:51:01] INFO: AI response: 114985 prompt + 157 response tokens (total: 25448425 / 121070)
[22:51:01] INFO: AI request (iteration 3, msgs=382)
[22:51:06] INFO: AI response: 115201 prompt + 170 response tokens (total: 25563626 / 121240)
[22:51:06] INFO: AI request (iteration 4, msgs=384)
[22:51:10] INFO: AI response: 115317 prompt + 101 response tokens (total: 25678943 / 121341)
[22:51:10] INFO: AI request (iteration 5, msgs=386)
[22:51:15] INFO: AI response: 115434 prompt + 53 response tokens (total: 25794377 / 121394)
[22:51:15] INFO: AI request (iteration 6, msgs=389)
[22:51:19] <Execute
[Aborted: 'ExecuteScript' cannot be used in PLAN mode]
[22:51:19] Stream aborted: 'ExecuteScript' cannot be used in PLAN mode
[22:51:19] INFO: AI response: 0 prompt + 0 response tokens (total: 25794377 / 121394)
[22:51:19] Model tried to use 'ExecuteScript' in PLAN mode.
[22:51:19]   1. Switch to BUILD mode (allow the tool)
[22:51:19]   2. Stay in PLAN mode (block the tool, continue planning)
[22:51:19]   3. Cancel AI (return to user prompt)
[22:51:19]   4. Continue (dismiss, let the model proceed)
[22:51:19] Choice (1-4): 
[22:51:37] INFO: AI request (iteration 1, msgs=390)
[22:51:43] INFO: AI response: 115698 prompt + 520 response tokens (total: 25910075 / 121914)
[22:51:43] INFO: AI request (iteration 2, msgs=392)
[22:51:47] INFO: AI response: 116735 prompt + 143 response tokens (total: 26026810 / 122057)
[22:51:47] INFO: AI request (iteration 3, msgs=394)
[22:51:51] INFO: AI response: 116931 prompt + 29 response tokens (total: 26143741 / 122086)
[22:51:51] INFO: AI request (iteration 4, msgs=397)
[22:51:58] INFO: AI response: 117082 prompt + 571 response tokens (total: 26260823 / 122657)
[22:51:58] INFO: AI request (iteration 5, msgs=399)
[22:52:04] INFO: AI response: 118125 prompt + 416 response tokens (total: 26378948 / 123073)
[22:52:04] INFO: AI request (iteration 6, msgs=401)
[22:52:10] INFO: AI response: 118841 prompt + 215 response tokens (total: 26497789 / 123288)
[22:52:10] INFO: AI request (iteration 7, msgs=403)
[22:52:16] INFO: AI response: 121493 prompt + 270 response tokens (total: 26619282 / 123558)
[22:52:16] INFO: AI request (iteration 8, msgs=405)
[22:52:20] INFO: AI response: 121727 prompt + 136 response tokens (total: 26741009 / 123694)
[22:52:20] INFO: AI request (iteration 9, msgs=408)
[22:52:24] INFO: AI response: 121876 prompt + 90 response tokens (total: 26862885 / 123784)
[22:52:24] INFO: AI request (iteration 10, msgs=410)
[22:52:27] INFO: AI response: 121923 prompt + 72 response tokens (total: 26984808 / 123856)
[22:52:27] Auto-continue: AI round 1/50 — task 3/3: 1. Summarize all security header changes made
2. Document wh...
[22:52:27] INFO: AI request (iteration 1, msgs=413)
[22:52:31] INFO: AI response: 122107 prompt + 57 response tokens (total: 27106915 / 123913)
[22:52:31] INFO: AI request (iteration 2, msgs=415)
[22:52:34] INFO: AI response: 122184 prompt + 47 response tokens (total: 27229099 / 123960)
[22:52:34] INFO: AI request (iteration 3, msgs=417)
[22:52:44] INFO: AI response: 122260 prompt + 804 response tokens (total: 27351359 / 124764)
[22:52:44] INFO: AI request (iteration 4, msgs=419)
[22:52:49] INFO: AI response: 123076 prompt + 166 response tokens (total: 27474435 / 124930)
[22:52:49] INFO: AI request (iteration 5, msgs=421)
[22:52:55] INFO: AI response: 123364 prompt + 281 response tokens (total: 27597799 / 125211)
[22:52:55] Auto-continue: AI round 2/50 — task 3/3: 1. Summarize all security header changes made
2. Document wh...
[22:52:55] INFO: AI request (iteration 1, msgs=423)
[22:52:58] INFO: AI response: 123437 prompt + 51 response tokens (total: 27721236 / 125262)
[22:52:58] INFO: AI request (iteration 2, msgs=425)
[22:53:04] INFO: AI response: 123466 prompt + 378 response tokens (total: 27844702 / 125640)
[22:53:04] You: 
[05:24:36] INFO: Session started, sess_id=322, mode=build, model=kimi-k2.5:cloud
[05:24:36] You: 
[05:24:41] You: 
[05:24:44] You: 
[05:24:48] You: 
[05:24:53] INFO: AI request (iteration 1, msgs=429)
[05:25:07] INFO: AI response: 123883 prompt + 592 response tokens (total: 14843007 / 55048)
[05:25:07] You: 
[05:26:51] INFO: AI request (iteration 1, msgs=431)
[05:26:55] INFO: AI response: 123951 prompt + 57 response tokens (total: 14966958 / 55105)
[05:26:55] INFO: AI request (iteration 2, msgs=433)
[05:26:59] INFO: AI response: 124584 prompt + 35 response tokens (total: 15091542 / 55140)
[05:26:59] INFO: AI request (iteration 3, msgs=435)
[05:27:02] INFO: AI response: 124700 prompt + 73 response tokens (total: 15216242 / 55213)
[05:27:02] INFO: AI request (iteration 4, msgs=437)
[05:27:07] INFO: AI response: 125442 prompt + 191 response tokens (total: 15341684 / 55404)
[05:27:07] INFO: AI request (iteration 5, msgs=439)
[05:27:12] INFO: AI response: 125552 prompt + 251 response tokens (total: 15467236 / 55655)
[05:27:12] INFO: AI request (iteration 6, msgs=441)
[05:27:16] INFO: AI response: 125711 prompt + 123 response tokens (total: 15592947 / 55778)
[05:27:16] INFO: AI request (iteration 7, msgs=443)
[05:27:20] INFO: AI response: 125836 prompt + 118 response tokens (total: 15718783 / 55896)
[05:27:20] INFO: AI request (iteration 8, msgs=445)
[05:27:24] INFO: AI response: 125959 prompt + 120 response tokens (total: 15844742 / 56016)
[05:27:24] INFO: AI request (iteration 9, msgs=447)
[05:27:28] INFO: AI response: 126088 prompt + 125 response tokens (total: 15970830 / 56141)
[05:27:28] INFO: AI request (iteration 10, msgs=449)
[05:27:31] INFO: AI response: 126221 prompt + 111 response tokens (total: 16097051 / 56252)
[05:27:31] Auto-continue: AI round 1/50 — continuing plan creation
[05:27:31] INFO: AI request (iteration 1, msgs=452)
[05:27:35] INFO: AI response: 126348 prompt + 129 response tokens (total: 16223399 / 56381)
[05:27:35] INFO: AI request (iteration 2, msgs=454)
[05:27:39] INFO: AI response: 126473 prompt + 123 response tokens (total: 16349872 / 56504)
[05:27:39] INFO: AI request (iteration 3, msgs=456)
[05:27:42] INFO: AI response: 126608 prompt + 113 response tokens (total: 16476480 / 56617)
[05:27:42] INFO: AI request (iteration 4, msgs=458)
[05:27:46] INFO: AI response: 126731 prompt + 115 response tokens (total: 16603211 / 56732)
[05:27:46] INFO: AI request (iteration 5, msgs=460)
[05:27:50] INFO: AI response: 126853 prompt + 112 response tokens (total: 16730064 / 56844)
[05:27:50] INFO: AI request (iteration 6, msgs=462)
[05:27:56] INFO: AI response: 126972 prompt + 139 response tokens (total: 16857036 / 56983)
[05:27:56] INFO: AI request (iteration 7, msgs=464)
[05:28:01] INFO: AI response: 127109 prompt + 38 response tokens (total: 16984145 / 57021)
[05:28:01] INFO: AI request (iteration 8, msgs=467)
[05:28:05] <ReplaceLine
[Aborted: 'ReplaceLine' cannot be used in PLAN mode]
[05:28:05] Stream aborted: 'ReplaceLine' cannot be used in PLAN mode
[05:28:05] INFO: AI response: 0 prompt + 0 response tokens (total: 16984145 / 57021)
[05:28:05] Model tried to use 'ReplaceLine' in PLAN mode.
[05:28:05]   1. Switch to BUILD mode (allow the tool)
[05:28:05]   2. Stay in PLAN mode (block the tool, continue planning)
[05:28:05]   3. Cancel AI (return to user prompt)
[05:28:05]   4. Continue (dismiss, let the model proceed)
[05:28:05] Choice (1-4): 
[05:28:13] You: 
[05:28:16] You: 
[05:28:19] INFO: AI request (iteration 1, msgs=470)
[05:28:26] INFO: AI response: 127365 prompt + 370 response tokens (total: 17111510 / 57391)
[05:28:26] Auto-continue: AI round 1/50 — task 1/12: 1. Update __init__.py version from 1.0.0 to 1.2.0
2. Update ...
[05:28:26] INFO: AI request (iteration 1, msgs=472)
[05:28:31] INFO: AI response: 127673 prompt + 122 response tokens (total: 17239183 / 57513)
[05:28:31] INFO: AI request (iteration 2, msgs=474)
[05:28:36] INFO: AI response: 127800 prompt + 35 response tokens (total: 17366983 / 57548)
[05:28:36] INFO: AI request (iteration 3, msgs=476)
[05:28:40] INFO: AI response: 128173 prompt + 127 response tokens (total: 17495156 / 57675)
[05:28:40] INFO: AI request (iteration 4, msgs=479)
[05:28:43] INFO: AI response: 128342 prompt + 40 response tokens (total: 17623498 / 57715)
[05:28:43] INFO: AI request (iteration 5, msgs=481)
[05:28:49] INFO: AI response: 128584 prompt + 145 response tokens (total: 17752082 / 57860)
[05:28:49] INFO: AI request (iteration 6, msgs=483)
[05:28:58] INFO: AI response: 128729 prompt + 465 response tokens (total: 17880811 / 58325)
[05:28:58] INFO: AI request (iteration 7, msgs=485)
[05:29:11] INFO: AI response: 129217 prompt + 1103 response tokens (total: 18010028 / 59428)
[05:29:11] INFO: AI request (iteration 8, msgs=487)
[05:29:16] INFO: AI response: 130342 prompt + 205 response tokens (total: 18140370 / 59633)
[05:29:16] INFO: AI request (iteration 9, msgs=489)
[05:29:19] INFO: AI response: 130651 prompt + 53 response tokens (total: 18271021 / 59686)
[05:29:19] INFO: AI request (iteration 10, msgs=491)
[05:29:24] INFO: AI response: 130778 prompt + 112 response tokens (total: 18401799 / 59798)
[05:29:24] Auto-continue: AI round 2/50 — task 1/12: 1. Update __init__.py version from 1.0.0 to 1.2.0
2. Update ...
[05:29:24] INFO: AI request (iteration 1, msgs=494)
[05:29:31] INFO: AI response: 131020 prompt + 420 response tokens (total: 18532819 / 60218)
[05:29:31] INFO: AI request (iteration 2, msgs=496)
[05:29:34] INFO: AI response: 131529 prompt + 130 response tokens (total: 18664348 / 60348)
[05:29:34] INFO: AI request (iteration 3, msgs=498)
[05:29:40] INFO: AI response: 131668 prompt + 390 response tokens (total: 18796016 / 60738)
[05:29:40] INFO: AI request (iteration 4, msgs=500)
[05:29:45] INFO: AI response: 132166 prompt + 256 response tokens (total: 18928182 / 60994)
[05:29:45] INFO: AI request (iteration 5, msgs=502)
[05:29:49] INFO: AI response: 132502 prompt + 82 response tokens (total: 19060684 / 61076)
[05:29:49] INFO: AI request (iteration 6, msgs=505)
[05:29:54] INFO: AI response: 132673 prompt + 209 response tokens (total: 19193357 / 61285)
[05:29:54] INFO: AI request (iteration 7, msgs=507)
[05:30:12] INFO: AI response: 132815 prompt + 1415 response tokens (total: 19326172 / 62700)
[05:30:12] INFO: AI request (iteration 8, msgs=509)
[05:30:39] INFO: AI response: 134235 prompt + 2344 response tokens (total: 19460407 / 65044)
[05:30:39] INFO: AI request (iteration 9, msgs=511)
[05:30:59] INFO: AI response: 136591 prompt + 2149 response tokens (total: 19596998 / 67193)
[05:30:59] INFO: AI request (iteration 10, msgs=513)
[05:31:09] INFO: AI response: 138757 prompt + 833 response tokens (total: 19735755 / 68026)
[05:31:09] Auto-continue: AI round 3/50 — task 2/12: 1. Implement WebSocket support for real-time editing
2. Crea...
[05:31:09] INFO: AI request (iteration 1, msgs=516)
[05:32:15] INFO: Session started, sess_id=323, mode=build, model=kimi-k2.5:cloud
[05:32:15] You: 
[05:32:19] You: 
[05:32:28] You: 
[05:33:20] INFO: AI request (iteration 1, msgs=517)
[05:33:29] INFO: AI response: 140264 prompt + 182 response tokens (total: 19876019 / 68208)
[05:33:29] INFO: AI request (iteration 2, msgs=519)
[05:33:31] INFO: AI response: 140481 prompt + 69 response tokens (total: 20016500 / 68277)
[05:33:31] ✓ ReadFile: Error: File `webcms/collaborationmanager.py` not found (checked workin/ and CWD)
[05:33:31] INFO: AI request (iteration 3, msgs=521)
[05:33:35] INFO: AI response: 140519 prompt + 196 response tokens (total: 20157019 / 68473)
[05:33:35] INFO: AI request (iteration 4, msgs=523)
[05:33:38] INFO: AI response: 140670 prompt + 116 response tokens (total: 20297689 / 68589)
[05:33:38] INFO: AI request (iteration 5, msgs=525)
[05:33:49] INFO: AI response: 142037 prompt + 1695 response tokens (total: 20439726 / 70284)
[05:33:49] INFO: AI request (iteration 6, msgs=527)
[05:34:03] INFO: AI response: 142067 prompt + 2185 response tokens (total: 20581793 / 72469)
[05:34:03] INFO: AI request (iteration 7, msgs=529)
[05:34:05] INFO: AI response: 144162 prompt + 67 response tokens (total: 20725955 / 72536)
[05:34:05] INFO: AI request (iteration 8, msgs=531)
[05:34:16] INFO: AI response: 144317 prompt + 2011 response tokens (total: 20870272 / 74547)
[05:34:16] INFO: AI request (iteration 9, msgs=533)
[05:34:32] INFO: AI response: 144346 prompt + 2073 response tokens (total: 21014618 / 76620)
[05:34:32] INFO: AI request (iteration 10, msgs=535)
[05:34:34] INFO: AI response: 144375 prompt + 26 response tokens (total: 21158993 / 76646)
[05:34:34] Auto-continue: AI round 1/50 — task 1/12: 1. Update __init__.py version from 1.0.0 to 1.2.0
2. Update ...
[05:34:34] INFO: AI request (iteration 1, msgs=538)
[05:34:37] INFO: AI response: 146127 prompt + 107 response tokens (total: 21305120 / 76753)
[05:34:37] INFO: AI request (iteration 2, msgs=540)
[05:34:40] INFO: AI response: 146274 prompt + 112 response tokens (total: 21451394 / 76865)
[05:34:40] INFO: AI request (iteration 3, msgs=542)
[05:34:45] INFO: AI response: 147618 prompt + 550 response tokens (total: 21599012 / 77415)
[05:34:45] INFO: AI request (iteration 4, msgs=544)
[05:34:48] INFO: AI response: 148126 prompt + 116 response tokens (total: 21747138 / 77531)
[05:34:48] INFO: AI request (iteration 5, msgs=546)
[05:34:50] INFO: AI response: 148202 prompt + 103 response tokens (total: 21895340 / 77634)
[05:34:50] INFO: AI request (iteration 6, msgs=548)
[05:34:55] INFO: AI response: 148333 prompt + 306 response tokens (total: 22043673 / 77940)
[05:34:55] INFO: AI request (iteration 7, msgs=550)
[05:35:01] INFO: AI response: 148727 prompt + 180 response tokens (total: 22192400 / 78120)
[05:35:01] INFO: AI request (iteration 8, msgs=552)
[05:35:03] INFO: AI response: 148985 prompt + 11 response tokens (total: 22341385 / 78131)
[05:35:03] INFO: AI request (iteration 9, msgs=555)
[05:35:11] INFO: AI response: 149156 prompt + 748 response tokens (total: 22490541 / 78879)
[05:35:11] INFO: AI request (iteration 10, msgs=557)
[05:35:17] INFO: AI response: 149728 prompt + 424 response tokens (total: 22640269 / 79303)
[05:35:17] Auto-continue: AI round 2/50 — task 2/12: 1. Implement WebSocket support for real-time editing
2. Crea...
[05:35:17] INFO: AI request (iteration 1, msgs=560)
[05:35:20] INFO: AI response: 149976 prompt + 57 response tokens (total: 22790245 / 79360)
[05:35:20] INFO: AI request (iteration 2, msgs=563)
[05:35:23] INFO: AI response: 150141 prompt + 110 response tokens (total: 22940386 / 79470)
[05:35:23] INFO: AI request (iteration 3, msgs=565)
[05:35:30] INFO: AI response: 150277 prompt + 621 response tokens (total: 23090663 / 80091)
[05:35:30] INFO: AI request (iteration 4, msgs=567)
[05:35:42] INFO: AI response: 150853 prompt + 1024 response tokens (total: 23241516 / 81115)
[05:35:42] INFO: AI request (iteration 5, msgs=569)
[05:35:50] INFO: AI response: 151903 prompt + 791 response tokens (total: 23393419 / 81906)
[05:35:50] INFO: AI request (iteration 6, msgs=571)
[05:36:04] INFO: AI response: 152692 prompt + 2045 response tokens (total: 23546111 / 83951)
[05:36:04] INFO: AI request (iteration 7, msgs=573)
[05:36:07] INFO: AI response: 154763 prompt + 91 response tokens (total: 23700874 / 84042)
[05:36:07] INFO: AI request (iteration 8, msgs=575)
[05:36:20] INFO: AI response: 155126 prompt + 1615 response tokens (total: 23856000 / 85657)
[05:36:20] INFO: AI request (iteration 9, msgs=577)
[05:36:24] INFO: AI response: 156767 prompt + 83 response tokens (total: 24012767 / 85740)
[05:36:24] INFO: AI request (iteration 10, msgs=579)
[05:36:26] INFO: AI response: 156839 prompt + 51 response tokens (total: 24169606 / 85791)
[05:36:26] Auto-continue: AI round 3/50 — task 3/12: 1. Create Version model with history tracking
2. Implement a...
[05:36:26] INFO: AI request (iteration 1, msgs=582)
[05:36:29] INFO: AI response: 157011 prompt + 36 response tokens (total: 24326617 / 85827)
[05:36:29] INFO: AI request (iteration 2, msgs=584)
[05:36:33] INFO: Session started, sess_id=324, mode=build, model=kimi-k2.7-code:cloud
[05:36:33] You: 
[05:37:03] INFO: AI request (iteration 1, msgs=585)
[05:37:07] INFO: AI response: 157198 prompt + 229 response tokens (total: 24483815 / 86056)
[05:37:07] INFO: AI request (iteration 2, msgs=587)
[05:37:20] INFO: AI response: 157340 prompt + 1581 response tokens (total: 24641155 / 87637)
[05:37:20] INFO: AI request (iteration 3, msgs=589)
[05:37:30] INFO: AI response: 157368 prompt + 1326 response tokens (total: 24798523 / 88963)
[05:37:30] INFO: AI request (iteration 4, msgs=591)
[05:37:33] INFO: AI response: 158720 prompt + 134 response tokens (total: 24957243 / 89097)
[05:37:33] INFO: AI request (iteration 5, msgs=593)
[05:37:38] INFO: AI response: 158762 prompt + 471 response tokens (total: 25116005 / 89568)
[05:37:38] INFO: AI request (iteration 6, msgs=595)
[05:37:53] INFO: AI response: 159268 prompt + 1183 response tokens (total: 25275273 / 90751)
[05:37:53] INFO: AI request (iteration 7, msgs=597)
[05:38:04] INFO: AI response: 160415 prompt + 1277 response tokens (total: 25435688 / 92028)
[05:38:04] INFO: AI request (iteration 8, msgs=599)
[05:38:06] INFO: AI response: 160442 prompt + 37 response tokens (total: 25596130 / 92065)
[05:38:06] INFO: AI request (iteration 9, msgs=601)
[05:38:10] INFO: AI response: 160519 prompt + 166 response tokens (total: 25756649 / 92231)
[05:38:10] INFO: AI request (iteration 10, msgs=603)
[05:38:12] INFO: AI response: 160781 prompt + 11 response tokens (total: 25917430 / 92242)
[05:38:12] Auto-continue: AI round 1/50 — task 3/12: 1. Create Version model with history tracking
2. Implement a...
[05:38:12] INFO: AI request (iteration 1, msgs=607)
[05:38:15] INFO: AI response: 161021 prompt + 104 response tokens (total: 26078451 / 92346)
[05:38:15] INFO: AI request (iteration 2, msgs=609)
[05:38:17] INFO: AI response: 161203 prompt + 11 response tokens (total: 26239654 / 92357)
[05:38:17] INFO: AI request (iteration 3, msgs=612)
[05:38:20] INFO: AI response: 161380 prompt + 138 response tokens (total: 26401034 / 92495)
[05:38:20] INFO: AI request (iteration 4, msgs=614)
[05:38:29] INFO: AI response: 161544 prompt + 1006 response tokens (total: 26562578 / 93501)
[05:38:29] INFO: AI request (iteration 5, msgs=616)
[05:38:36] INFO: AI response: 162542 prompt + 717 response tokens (total: 26725120 / 94218)
[05:38:36] INFO: AI request (iteration 6, msgs=618)
[05:38:39] INFO: AI response: 163285 prompt + 73 response tokens (total: 26888405 / 94291)
[05:38:39] INFO: AI request (iteration 7, msgs=620)
[05:38:58] INFO: AI response: 163384 prompt + 2447 response tokens (total: 27051789 / 96738)
[05:38:58] INFO: AI request (iteration 8, msgs=622)
[05:39:01] INFO: AI response: 163412 prompt + 99 response tokens (total: 27215201 / 96837)
[05:39:01] INFO: AI request (iteration 9, msgs=624)
[05:39:08] INFO: AI response: 163511 prompt + 541 response tokens (total: 27378712 / 97378)
[05:39:08] INFO: AI request (iteration 10, msgs=626)
[05:39:13] INFO: AI response: 164464 prompt + 363 response tokens (total: 27543176 / 97741)
[05:39:13] Auto-continue: AI round 2/50 — task 4/12: 1. Create Workflow model with states (draft, review, approve...
[05:39:13] INFO: AI request (iteration 1, msgs=629)
[05:39:16] INFO: AI response: 164976 prompt + 146 response tokens (total: 27708152 / 97887)
[05:39:16] INFO: AI request (iteration 2, msgs=631)
[05:39:19] INFO: AI response: 165165 prompt + 60 response tokens (total: 27873317 / 97947)
[05:39:19] INFO: AI request (iteration 3, msgs=633)
[05:39:22] INFO: AI response: 165265 prompt + 113 response tokens (total: 28038582 / 98060)
[05:39:22] INFO: AI request (iteration 4, msgs=635)
[05:39:27] INFO: AI response: 167309 prompt + 494 response tokens (total: 28205891 / 98554)
[05:39:27] INFO: AI request (iteration 5, msgs=637)
[05:39:30] INFO: AI response: 167791 prompt + 32 response tokens (total: 28373682 / 98586)
[05:39:30] INFO: AI request (iteration 6, msgs=639)
[05:39:33] INFO: AI response: 168118 prompt + 134 response tokens (total: 28541800 / 98720)
[05:39:33] INFO: AI request (iteration 7, msgs=641)
[05:39:35] INFO: AI response: 168267 prompt + 32 response tokens (total: 28710067 / 98752)
[05:39:35] INFO: AI request (iteration 8, msgs=643)
[05:39:38] INFO: AI response: 168595 prompt + 138 response tokens (total: 28878662 / 98890)
[05:39:38] INFO: AI request (iteration 9, msgs=645)
[05:39:40] INFO: AI response: 168749 prompt + 32 response tokens (total: 29047411 / 98922)
[05:39:40] INFO: AI request (iteration 10, msgs=647)
[05:39:46] INFO: AI response: 168888 prompt + 451 response tokens (total: 29216299 / 99373)
[05:39:46] Auto-continue: AI round 3/50 — task 4/12: 1. Create Workflow model with states (draft, review, approve...
[05:39:46] INFO: AI request (iteration 1, msgs=650)
[05:39:49] INFO: AI response: 169443 prompt + 33 response tokens (total: 29385742 / 99406)
[05:39:49] INFO: AI request (iteration 2, msgs=652)
[05:39:59] INFO: AI response: 169643 prompt + 1208 response tokens (total: 29555385 / 100614)
[05:39:59] INFO: AI request (iteration 3, msgs=655)
[05:40:02] INFO: AI response: 170905 prompt + 37 response tokens (total: 29726290 / 100651)
[05:40:02] INFO: AI request (iteration 4, msgs=657)
[05:40:07] INFO: AI response: 170982 prompt + 221 response tokens (total: 29897272 / 100872)
[05:40:07] INFO: AI request (iteration 5, msgs=659)
[05:40:09] INFO: AI response: 171248 prompt + 11 response tokens (total: 30068520 / 100883)
[05:40:09] INFO: AI request (iteration 6, msgs=662)
[05:40:12] INFO: AI response: 171434 prompt + 103 response tokens (total: 30239954 / 100986)
[05:40:12] INFO: AI request (iteration 7, msgs=664)
[05:40:19] INFO: AI response: 171562 prompt + 608 response tokens (total: 30411516 / 101594)
[05:40:24] INFO: AI request (iteration 8, msgs=58)
[05:40:34] INFO: AI response: 8862 prompt + 1568 response tokens (total: 30420378 / 103162)
[05:40:34] INFO: AI request (iteration 9, msgs=60)
[05:40:49] INFO: AI response: 10454 prompt + 440 response tokens (total: 30430832 / 103602)
[05:40:49] INFO: AI request (iteration 10, msgs=62)
[05:40:54] INFO: AI response: 10919 prompt + 568 response tokens (total: 30441751 / 104170)
[05:40:54] Auto-continue: AI round 4/50 — task 5/12: 1. Set up Graphene for GraphQL schema
2. Create GraphQL type...
[05:40:54] INFO: AI request (iteration 1, msgs=65)
[05:41:10] INFO: AI response: 11596 prompt + 52 response tokens (total: 30453347 / 104222)
[05:41:10] INFO: AI request (iteration 2, msgs=67)
[05:41:13] INFO: AI response: 11688 prompt + 300 response tokens (total: 30465035 / 104522)
[05:41:13] INFO: AI request (iteration 3, msgs=69)
[05:41:14] INFO: AI response: 12011 prompt + 32 response tokens (total: 30477046 / 104554)
[05:41:14] INFO: AI request (iteration 4, msgs=71)
[05:41:29] INFO: AI response: 12236 prompt + 39 response tokens (total: 30489282 / 104593)
[05:41:30] INFO: AI request (iteration 5, msgs=73)
[05:41:31] INFO: AI response: 12648 prompt + 32 response tokens (total: 30501930 / 104625)
[05:41:31] INFO: AI request (iteration 6, msgs=75)
[05:41:34] INFO: AI response: 12989 prompt + 107 response tokens (total: 30514919 / 104732)
[05:41:34] INFO: AI request (iteration 7, msgs=77)
[05:41:35] INFO: AI response: 13175 prompt + 80 response tokens (total: 30528094 / 104812)
[05:41:35] INFO: AI request (iteration 8, msgs=79)
[05:41:37] INFO: AI response: 13329 prompt + 71 response tokens (total: 30541423 / 104883)
[05:41:37] INFO: AI request (iteration 9, msgs=81)
[05:41:39] INFO: AI response: 13463 prompt + 32 response tokens (total: 30554886 / 104915)
[05:41:39] INFO: AI request (iteration 10, msgs=83)
[05:41:40] INFO: AI response: 13746 prompt + 31 response tokens (total: 30568632 / 104946)
[05:41:40] Auto-continue: AI round 5/50 — task 5/12: 1. Set up Graphene for GraphQL schema
2. Create GraphQL type...
[05:41:40] INFO: AI request (iteration 1, msgs=86)
[05:41:44] INFO: AI response: 13907 prompt + 609 response tokens (total: 30582539 / 105555)
[05:41:44] INFO: AI request (iteration 2, msgs=88)
[05:41:46] INFO: AI response: 14540 prompt + 32 response tokens (total: 30597079 / 105587)
[05:41:46] INFO: AI request (iteration 3, msgs=90)
[05:41:49] INFO: AI response: 14719 prompt + 208 response tokens (total: 30611798 / 105795)
[05:41:49] INFO: AI request (iteration 4, msgs=92)
[05:41:51] INFO: AI response: 14951 prompt + 151 response tokens (total: 30626749 / 105946)
[05:41:51] INFO: AI request (iteration 5, msgs=94)
[05:41:53] INFO: AI response: 15126 prompt + 116 response tokens (total: 30641875 / 106062)
[05:41:53] INFO: AI request (iteration 6, msgs=97)
[05:41:55] INFO: AI response: 15287 prompt + 160 response tokens (total: 30657162 / 106222)
[05:41:55] INFO: AI request (iteration 7, msgs=99)
[05:41:56] INFO: AI response: 15607 prompt + 11 response tokens (total: 30672769 / 106233)
[05:41:56] INFO: AI request (iteration 8, msgs=102)
[05:41:59] INFO: AI response: 15761 prompt + 144 response tokens (total: 30688530 / 106377)
[05:41:59] INFO: AI request (iteration 9, msgs=104)
[05:42:03] INFO: AI response: 15930 prompt + 408 response tokens (total: 30704460 / 106785)
[05:42:03] INFO: AI request (iteration 10, msgs=106)
[05:42:09] INFO: AI response: 16363 prompt + 706 response tokens (total: 30720823 / 107491)
[05:42:09] Auto-continue: AI round 6/50 — task 6/12: 1. Add Redis cache backend
2. Implement distributed locking ...
[05:42:09] INFO: AI request (iteration 1, msgs=109)
[05:42:12] INFO: AI response: 17163 prompt + 357 response tokens (total: 30737986 / 107848)
[05:42:12] INFO: AI request (iteration 2, msgs=111)
[05:42:15] INFO: AI response: 17545 prompt + 335 response tokens (total: 30755531 / 108183)
[05:42:15] INFO: AI request (iteration 3, msgs=113)
[05:42:22] INFO: AI response: 17905 prompt + 570 response tokens (total: 30773436 / 108753)
[05:42:22] INFO: AI request (iteration 4, msgs=115)
[05:42:26] INFO: AI response: 18500 prompt + 243 response tokens (total: 30791936 / 108996)
[05:42:26] INFO: AI request (iteration 5, msgs=117)
[05:42:30] INFO: AI response: 18769 prompt + 240 response tokens (total: 30810705 / 109236)
[05:42:30] INFO: AI request (iteration 6, msgs=119)
[05:42:32] INFO: AI response: 19034 prompt + 81 response tokens (total: 30829739 / 109317)
[05:42:32] INFO: AI request (iteration 7, msgs=121)
[05:42:39] INFO: AI response: 19155 prompt + 552 response tokens (total: 30848894 / 109869)
[05:42:39] INFO: AI request (iteration 8, msgs=123)
[05:42:40] INFO: AI response: 19729 prompt + 31 response tokens (total: 30868623 / 109900)
[05:42:40] INFO: AI request (iteration 9, msgs=125)
[05:42:43] INFO: AI response: 20110 prompt + 170 response tokens (total: 30888733 / 110070)
[05:42:43] INFO: AI request (iteration 10, msgs=127)
[05:42:44] INFO: AI response: 20324 prompt + 31 response tokens (total: 30909057 / 110101)
[05:42:44] Auto-continue: AI round 7/50 — task 6/12: 1. Add Redis cache backend
2. Implement distributed locking ...
[05:42:44] INFO: AI request (iteration 1, msgs=130)
[05:42:49] INFO: AI response: 20557 prompt + 349 response tokens (total: 30929614 / 110450)
[05:42:49] INFO: AI request (iteration 2, msgs=132)
[05:42:50] INFO: AI response: 20933 prompt + 38 response tokens (total: 30950547 / 110488)
[05:42:50] INFO: AI request (iteration 3, msgs=134)
[05:42:53] INFO: AI response: 21011 prompt + 228 response tokens (total: 30971558 / 110716)
[05:42:53] INFO: AI request (iteration 4, msgs=136)
[05:42:55] INFO: AI response: 21282 prompt + 38 response tokens (total: 30992840 / 110754)
[05:42:55] INFO: AI request (iteration 5, msgs=138)
[05:42:57] INFO: AI response: 21377 prompt + 44 response tokens (total: 31014217 / 110798)
[05:42:57] INFO: AI request (iteration 6, msgs=140)
[05:43:00] INFO: AI response: 21566 prompt + 173 response tokens (total: 31035783 / 110971)
[05:43:00] INFO: AI request (iteration 7, msgs=142)
[05:43:02] INFO: AI response: 21763 prompt + 45 response tokens (total: 31057546 / 111016)
[05:43:02] INFO: AI request (iteration 8, msgs=145)
[05:43:04] INFO: AI response: 21905 prompt + 148 response tokens (total: 31079451 / 111164)
[05:43:04] INFO: AI request (iteration 9, msgs=147)
[05:43:05] INFO: AI response: 22201 prompt + 11 response tokens (total: 31101652 / 111175)
[05:43:05] INFO: AI request (iteration 10, msgs=150)
[05:43:08] INFO: AI response: 22367 prompt + 118 response tokens (total: 31124019 / 111293)
[05:43:08] Auto-continue: AI round 8/50 — task 7/12: 1. Create Tenant model with isolation
2. Implement tenant-aw...
[05:43:08] INFO: AI request (iteration 1, msgs=153)
[05:43:12] INFO: AI response: 22587 prompt + 567 response tokens (total: 31146606 / 111860)
[05:43:12] INFO: AI request (iteration 2, msgs=155)
[05:43:19] INFO: AI response: 23180 prompt + 388 response tokens (total: 31169786 / 112248)
[05:43:19] INFO: AI request (iteration 3, msgs=157)
[05:43:31] INFO: AI response: 23594 prompt + 1490 response tokens (total: 31193380 / 113738)
[05:43:31] INFO: AI request (iteration 4, msgs=159)
[05:43:41] INFO: AI response: 25111 prompt + 1562 response tokens (total: 31218491 / 115300)
[05:43:41] INFO: AI request (iteration 5, msgs=161)
[05:43:43] INFO: AI response: 26699 prompt + 69 response tokens (total: 31245190 / 115369)
[05:43:43] INFO: AI request (iteration 6, msgs=163)
[05:43:48] INFO: AI response: 26808 prompt + 521 response tokens (total: 31271998 / 115890)
[05:43:48] INFO: AI request (iteration 7, msgs=165)
[05:43:49] INFO: AI response: 27353 prompt + 33 response tokens (total: 31299351 / 115923)
[05:43:49] INFO: AI request (iteration 8, msgs=167)
[05:43:52] INFO: AI response: 27701 prompt + 203 response tokens (total: 31327052 / 116126)
[05:43:52] INFO: AI request (iteration 9, msgs=169)
[05:43:53] INFO: AI response: 28029 prompt + 11 response tokens (total: 31355081 / 116137)
[05:43:53] INFO: AI request (iteration 10, msgs=172)
[05:43:57] INFO: AI response: 28208 prompt + 312 response tokens (total: 31383289 / 116449)
[05:43:57] Auto-continue: AI round 9/50 — task 8/12: 1. Set up modern frontend build system (Vite/Webpack)
2. Cre...
[05:43:57] INFO: AI request (iteration 1, msgs=175)
[05:43:59] INFO: AI response: 28626 prompt + 163 response tokens (total: 31411915 / 116612)
[05:43:59] INFO: AI request (iteration 2, msgs=177)
[05:44:01] INFO: AI response: 28814 prompt + 121 response tokens (total: 31440729 / 116733)
[05:44:01] INFO: AI request (iteration 3, msgs=179)
[05:44:03] INFO: AI response: 28959 prompt + 118 response tokens (total: 31469688 / 116851)
[05:44:03] INFO: AI request (iteration 4, msgs=182)
[05:44:07] INFO: AI response: 29119 prompt + 224 response tokens (total: 31498807 / 117075)
[05:44:07] INFO: AI request (iteration 5, msgs=188)
[05:44:12] INFO: AI response: 29437 prompt + 561 response tokens (total: 31528244 / 117636)
[05:44:12] INFO: AI request (iteration 6, msgs=190)
[05:44:16] INFO: AI response: 30024 prompt + 216 response tokens (total: 31558268 / 117852)
[05:44:16] INFO: AI request (iteration 7, msgs=192)
[05:44:20] INFO: AI response: 30268 prompt + 240 response tokens (total: 31588536 / 118092)
[05:44:20] INFO: AI request (iteration 8, msgs=194)
[05:44:23] INFO: AI response: 30536 prompt + 267 response tokens (total: 31619072 / 118359)
[05:44:23] INFO: AI request (iteration 9, msgs=196)
[05:44:25] INFO: AI response: 30830 prompt + 110 response tokens (total: 31649902 / 118469)
[05:44:25] INFO: AI request (iteration 10, msgs=198)
[05:44:27] INFO: AI response: 30966 prompt + 89 response tokens (total: 31680868 / 118558)
[05:44:27] Auto-continue: AI round 10/50 — task 8/12: 1. Set up modern frontend build system (Vite/Webpack)
2. Cre...
[05:44:27] INFO: AI request (iteration 1, msgs=201)
[05:44:29] INFO: AI response: 31164 prompt + 186 response tokens (total: 31712032 / 118744)
[05:44:29] INFO: AI request (iteration 2, msgs=203)
[05:44:35] INFO: AI response: 31377 prompt + 790 response tokens (total: 31743409 / 119534)
[05:44:35] INFO: AI request (iteration 3, msgs=205)
[05:44:38] INFO: AI response: 32195 prompt + 277 response tokens (total: 31775604 / 119811)
[05:44:38] INFO: AI request (iteration 4, msgs=207)
[05:44:41] INFO: AI response: 32499 prompt + 274 response tokens (total: 31808103 / 120085)
[05:44:41] INFO: AI request (iteration 5, msgs=209)
[05:44:45] INFO: AI response: 32779 prompt + 517 response tokens (total: 31840882 / 120602)
[05:44:45] INFO: AI request (iteration 6, msgs=211)
[05:44:49] INFO: AI response: 33324 prompt + 473 response tokens (total: 31874206 / 121075)
[05:44:49] INFO: AI request (iteration 7, msgs=213)
[05:44:51] INFO: AI response: 33804 prompt + 43 response tokens (total: 31908010 / 121118)
[05:44:51] ✓ ExecuteScript: Error: Program 'node' not found in PATH
[05:44:51] INFO: AI request (iteration 8, msgs=215)
[05:44:53] INFO: AI response: 33869 prompt + 101 response tokens (total: 31941879 / 121219)
[05:44:53] INFO: AI request (iteration 9, msgs=217)
[05:44:56] INFO: AI response: 34061 prompt + 191 response tokens (total: 31975940 / 121410)
[05:44:56] INFO: AI request (iteration 10, msgs=220)
[05:44:58] INFO: AI response: 34464 prompt + 11 response tokens (total: 32010404 / 121421)
[05:44:58] Auto-continue: AI round 11/50 — task 9/12: 1. Add Elasticsearch integration
2. Implement faceted search...
[05:44:58] INFO: AI request (iteration 1, msgs=224)
[05:45:00] INFO: AI response: 34705 prompt + 128 response tokens (total: 32045109 / 121549)
[05:45:00] INFO: AI request (iteration 2, msgs=226)
[05:45:03] INFO: AI response: 34858 prompt + 238 response tokens (total: 32079967 / 121787)
[05:45:03] INFO: AI request (iteration 3, msgs=228)
[05:45:09] INFO: AI response: 35120 prompt + 609 response tokens (total: 32115087 / 122396)
[05:45:09] INFO: AI request (iteration 4, msgs=230)
[05:45:11] INFO: AI response: 35754 prompt + 97 response tokens (total: 32150841 / 122493)
[05:45:11] INFO: AI request (iteration 5, msgs=232)
[05:45:17] INFO: AI response: 35879 prompt + 683 response tokens (total: 32186720 / 123176)
[05:45:17] INFO: AI request (iteration 6, msgs=234)
[05:45:18] INFO: AI response: 35906 prompt + 25 response tokens (total: 32222626 / 123201)
[05:45:18] INFO: AI request (iteration 7, msgs=236)
[05:45:28] INFO: AI response: 36442 prompt + 1199 response tokens (total: 32259068 / 124400)
[05:45:28] INFO: AI request (iteration 8, msgs=238)
[05:45:29] INFO: AI response: 37666 prompt + 54 response tokens (total: 32296734 / 124454)
[05:45:29] INFO: AI request (iteration 9, msgs=240)
[05:45:37] INFO: AI response: 37798 prompt + 1040 response tokens (total: 32334532 / 125494)
[05:45:37] INFO: AI request (iteration 10, msgs=242)
[05:45:39] INFO: AI response: 38863 prompt + 64 response tokens (total: 32373395 / 125558)
[05:45:39] Auto-continue: AI round 12/50 — task 9/12: 1. Add Elasticsearch integration
2. Implement faceted search...
[05:45:39] INFO: AI request (iteration 1, msgs=245)
[05:45:40] INFO: AI response: 39037 prompt + 45 response tokens (total: 32412432 / 125603)
[05:45:40] INFO: AI request (iteration 2, msgs=247)
[05:45:42] INFO: AI response: 39137 prompt + 70 response tokens (total: 32451569 / 125673)
[05:45:42] INFO: AI request (iteration 3, msgs=249)
[05:45:45] INFO: AI response: 40176 prompt + 172 response tokens (total: 32491745 / 125845)
[05:45:45] ✓ ReplaceLine: Error: fromLine 135 exceeds file length (125 lines).
[05:45:45] INFO: AI request (iteration 4, msgs=251)
[05:45:47] INFO: AI response: 40337 prompt + 155 response tokens (total: 32532082 / 126000)
[05:45:47] INFO: AI request (iteration 5, msgs=253)
[05:45:49] INFO: AI response: 40550 prompt + 55 response tokens (total: 32572632 / 126055)
[05:45:49] INFO: AI request (iteration 6, msgs=255)
[05:45:50] INFO: AI response: 40674 prompt + 49 response tokens (total: 32613306 / 126104)
[05:45:50] INFO: AI request (iteration 7, msgs=257)
[05:45:58] INFO: AI response: 41165 prompt + 1050 response tokens (total: 32654471 / 127154)
[05:45:58] INFO: AI request (iteration 8, msgs=259)
[05:46:00] INFO: AI response: 42213 prompt + 55 response tokens (total: 32696684 / 127209)
[05:46:00] INFO: AI request (iteration 9, msgs=261)
[05:46:06] INFO: AI response: 42308 prompt + 517 response tokens (total: 32738992 / 127726)
[05:46:06] INFO: AI request (iteration 10, msgs=263)
[05:46:11] INFO: AI response: 42850 prompt + 501 response tokens (total: 32781842 / 128227)
[05:46:11] Auto-continue: AI round 13/50 — task 9/12: 1. Add Elasticsearch integration
2. Implement faceted search...
[05:46:11] INFO: AI request (iteration 1, msgs=267)
[05:46:15] INFO: AI response: 43508 prompt + 459 response tokens (total: 32825350 / 128686)
[05:46:15] INFO: AI request (iteration 2, msgs=269)
[05:46:24] INFO: AI response: 43992 prompt + 1265 response tokens (total: 32869342 / 129951)
[05:46:24] INFO: AI request (iteration 3, msgs=271)
[05:46:32] INFO: AI response: 45281 prompt + 1100 response tokens (total: 32914623 / 131051)
[05:46:32] INFO: AI request (iteration 4, msgs=273)
[05:46:33] INFO: AI response: 46387 prompt + 66 response tokens (total: 32961010 / 131117)
[05:46:33] INFO: AI request (iteration 5, msgs=275)
[05:46:42] INFO: AI response: 46493 prompt + 1252 response tokens (total: 33007503 / 132369)
[05:46:42] INFO: AI request (iteration 6, msgs=277)
[05:46:49] INFO: AI response: 47681 prompt + 1085 response tokens (total: 33055184 / 133454)
[05:46:49] INFO: AI request (iteration 7, msgs=279)
[05:46:52] INFO: AI response: 48763 prompt + 227 response tokens (total: 33103947 / 133681)
[05:46:52] INFO: AI request (iteration 8, msgs=281)
[05:46:53] INFO: AI response: 49011 prompt + 31 response tokens (total: 33152958 / 133712)
[05:46:53] INFO: AI request (iteration 9, msgs=283)
[05:46:55] INFO: AI response: 49238 prompt + 75 response tokens (total: 33202196 / 133787)
[05:46:56] INFO: AI request (iteration 10, msgs=285)
[05:46:58] INFO: AI response: 49935 prompt + 31 response tokens (total: 33252131 / 133818)
[05:46:58] Auto-continue: AI round 14/50 — task 9/12: 1. Add Elasticsearch integration
2. Implement faceted search...
[05:46:58] INFO: AI request (iteration 1, msgs=288)
[05:47:00] INFO: AI response: 50304 prompt + 168 response tokens (total: 33302435 / 133986)
[05:47:00] INFO: AI request (iteration 2, msgs=290)
[05:47:02] INFO: AI response: 50640 prompt + 11 response tokens (total: 33353075 / 133997)
[05:47:02] INFO: AI request (iteration 3, msgs=293)
[05:47:05] INFO: AI response: 50803 prompt + 162 response tokens (total: 33403878 / 134159)
[05:47:05] INFO: AI request (iteration 4, msgs=295)
[05:47:10] INFO: AI response: 50991 prompt + 538 response tokens (total: 33454869 / 134697)
[05:47:10] INFO: AI request (iteration 5, msgs=297)
[05:47:15] INFO: AI response: 51554 prompt + 565 response tokens (total: 33506423 / 135262)
[05:47:15] INFO: AI request (iteration 6, msgs=299)
[05:47:20] INFO: AI response: 51581 prompt + 462 response tokens (total: 33558004 / 135724)
[05:47:20] INFO: AI request (iteration 7, msgs=301)
[05:47:27] INFO: AI response: 52068 prompt + 672 response tokens (total: 33610072 / 136396)
[05:47:27] INFO: AI request (iteration 8, msgs=303)
[05:47:31] INFO: AI response: 52766 prompt + 539 response tokens (total: 33662838 / 136935)
[05:47:31] INFO: AI request (iteration 9, msgs=305)
[05:47:35] INFO: AI response: 53330 prompt + 476 response tokens (total: 33716168 / 137411)
[05:47:35] INFO: AI request (iteration 10, msgs=307)
[05:47:39] INFO: AI response: 53817 prompt + 676 response tokens (total: 33769985 / 138087)
[05:47:39] Auto-continue: AI round 15/50 — task 10/12: 1. Create email template system
2. Implement SMTP and sendgr...
[05:47:39] INFO: AI request (iteration 1, msgs=310)
[05:47:43] INFO: AI response: 54593 prompt + 592 response tokens (total: 33824578 / 138679)
[05:47:43] INFO: AI request (iteration 2, msgs=312)
[05:47:50] INFO: AI response: 55211 prompt + 991 response tokens (total: 33879789 / 139670)
[05:47:50] INFO: AI request (iteration 3, msgs=314)
[05:47:57] INFO: AI response: 56228 prompt + 1019 response tokens (total: 33936017 / 140689)
[05:47:57] INFO: AI request (iteration 4, msgs=316)
[05:48:03] INFO: AI response: 56256 prompt + 878 response tokens (total: 33992273 / 141567)
[05:48:03] INFO: AI request (iteration 5, msgs=318)
[05:48:12] INFO: AI response: 57143 prompt + 1088 response tokens (total: 34049416 / 142655)
[05:48:12] INFO: AI request (iteration 6, msgs=320)
[05:48:18] INFO: AI response: 58256 prompt + 896 response tokens (total: 34107672 / 143551)
[05:48:18] INFO: AI request (iteration 7, msgs=322)
[05:48:20] INFO: AI response: 59176 prompt + 78 response tokens (total: 34166848 / 143629)
[05:48:20] INFO: AI request (iteration 8, msgs=324)
[05:48:23] INFO: AI response: 59294 prompt + 349 response tokens (total: 34226142 / 143978)
[05:48:23] INFO: AI request (iteration 9, msgs=326)
[05:48:25] INFO: AI response: 59665 prompt + 31 response tokens (total: 34285807 / 144009)
[05:48:25] INFO: AI request (iteration 10, msgs=328)
[05:48:27] INFO: AI response: 59841 prompt + 197 response tokens (total: 34345648 / 144206)
[05:48:27] Auto-continue: AI round 16/50 — task 10/12: 1. Create email template system
2. Implement SMTP and sendgr...
[05:48:27] INFO: AI request (iteration 1, msgs=331)
[05:48:29] INFO: AI response: 60253 prompt + 11 response tokens (total: 34405901 / 144217)
[05:48:29] INFO: AI request (iteration 2, msgs=334)
[05:48:31] INFO: AI response: 60410 prompt + 150 response tokens (total: 34466311 / 144367)
[05:48:31] INFO: AI request (iteration 3, msgs=336)
[05:48:35] INFO: AI response: 60586 prompt + 426 response tokens (total: 34526897 / 144793)
[05:48:35] INFO: AI request (iteration 4, msgs=338)
[05:48:39] INFO: AI response: 61038 prompt + 394 response tokens (total: 34587935 / 145187)
[05:48:39] INFO: AI request (iteration 5, msgs=340)
[05:48:45] INFO: AI response: 61433 prompt + 662 response tokens (total: 34649368 / 145849)
[05:48:45] INFO: AI request (iteration 6, msgs=342)
[05:48:50] INFO: AI response: 62120 prompt + 577 response tokens (total: 34711488 / 146426)
[05:48:50] INFO: AI request (iteration 7, msgs=344)
[05:48:56] INFO: AI response: 62722 prompt + 704 response tokens (total: 34774210 / 147130)
[05:48:56] INFO: AI request (iteration 8, msgs=346)
[05:49:00] INFO: AI response: 63451 prompt + 643 response tokens (total: 34837661 / 147773)
[05:49:00] INFO: AI request (iteration 9, msgs=348)
[05:49:02] INFO: AI response: 64119 prompt + 204 response tokens (total: 34901780 / 147977)
[05:49:02] INFO: AI request (iteration 10, msgs=350)
[05:49:05] INFO: AI response: 64348 prompt + 194 response tokens (total: 34966128 / 148171)
[05:49:05] Auto-continue: AI round 17/50 — task 11/12: 1. Create automated backup scheduler
2. Implement incrementa...
[05:49:05] INFO: AI request (iteration 1, msgs=353)
[05:49:09] INFO: AI response: 64621 prompt + 560 response tokens (total: 35030749 / 148731)
[05:49:09] INFO: AI request (iteration 2, msgs=355)
[05:49:13] INFO: AI response: 65207 prompt + 506 response tokens (total: 35095956 / 149237)
[05:49:13] INFO: AI request (iteration 3, msgs=357)
[05:49:18] INFO: AI response: 65738 prompt + 510 response tokens (total: 35161694 / 149747)
[05:49:18] INFO: AI request (iteration 4, msgs=359)
[05:49:22] INFO: AI response: 66274 prompt + 455 response tokens (total: 35227968 / 150202)
[05:49:22] INFO: AI request (iteration 5, msgs=361)
[05:49:29] INFO: AI response: 66736 prompt + 1134 response tokens (total: 35294704 / 151336)
[05:49:29] INFO: AI request (iteration 6, msgs=363)
[05:49:35] INFO: AI response: 67895 prompt + 958 response tokens (total: 35362599 / 152294)
[05:49:35] INFO: AI request (iteration 7, msgs=365)
[05:49:38] INFO: AI response: 68878 prompt + 310 response tokens (total: 35431477 / 152604)
[05:49:38] INFO: AI request (iteration 8, msgs=367)
[05:49:40] INFO: AI response: 69217 prompt + 85 response tokens (total: 35500694 / 152689)
[05:49:40] INFO: AI request (iteration 9, msgs=369)
[05:49:44] INFO: AI response: 69342 prompt + 357 response tokens (total: 35570036 / 153046)
[05:49:44] INFO: AI request (iteration 10, msgs=371)
[05:49:46] INFO: AI response: 69721 prompt + 31 response tokens (total: 35639757 / 153077)
[05:49:46] Auto-continue: AI round 18/50 — task 11/12: 1. Create automated backup scheduler
2. Implement incrementa...
[05:49:46] INFO: AI request (iteration 1, msgs=374)
[05:49:48] INFO: AI response: 70380 prompt + 38 response tokens (total: 35710137 / 153115)
[05:49:48] INFO: AI request (iteration 2, msgs=377)
[05:49:49] INFO: AI response: 70499 prompt + 31 response tokens (total: 35780636 / 153146)
[05:49:49] INFO: AI request (iteration 3, msgs=379)
[05:49:53] INFO: AI response: 71087 prompt + 74 response tokens (total: 35851723 / 153220)
[05:49:53] INFO: AI request (iteration 4, msgs=381)
[05:49:55] INFO: AI response: 71216 prompt + 31 response tokens (total: 35922939 / 153251)
[05:49:55] INFO: AI request (iteration 5, msgs=383)
[05:50:03] INFO: AI response: 71553 prompt + 898 response tokens (total: 35994492 / 154149)
[05:50:03] INFO: AI request (iteration 6, msgs=385)
[05:50:05] INFO: AI response: 72174 prompt + 153 response tokens (total: 36066666 / 154302)
[05:50:05] INFO: AI request (iteration 7, msgs=387)
[05:50:07] INFO: AI response: 72338 prompt + 31 response tokens (total: 36139004 / 154333)
[05:50:07] INFO: AI request (iteration 8, msgs=389)
[05:50:10] INFO: AI response: 72675 prompt + 121 response tokens (total: 36211679 / 154454)
[05:50:10] INFO: AI request (iteration 9, msgs=391)
[05:50:11] INFO: AI response: 72854 prompt + 31 response tokens (total: 36284533 / 154485)
[05:50:11] INFO: AI request (iteration 10, msgs=393)
[05:50:15] INFO: AI response: 73308 prompt + 240 response tokens (total: 36357841 / 154725)
[05:50:15] Auto-continue: AI round 19/50 — task 11/12: 1. Create automated backup scheduler
2. Implement incrementa...
[05:50:15] INFO: AI request (iteration 1, msgs=396)
[05:50:16] INFO: AI response: 73651 prompt + 37 response tokens (total: 36431492 / 154762)
[05:50:16] INFO: AI request (iteration 2, msgs=398)
[05:50:20] INFO: AI response: 73959 prompt + 526 response tokens (total: 36505451 / 155288)
[05:50:20] INFO: AI request (iteration 3, msgs=400)
[05:50:22] INFO: AI response: 74488 prompt + 31 response tokens (total: 36579939 / 155319)
[05:50:22] INFO: AI request (iteration 4, msgs=402)
[05:50:23] INFO: AI response: 74946 prompt + 29 response tokens (total: 36654885 / 155348)
[05:50:24] INFO: AI request (iteration 5, msgs=404)
[05:50:27] INFO: AI response: 75106 prompt + 156 response tokens (total: 36729991 / 155504)
[05:50:27] INFO: AI request (iteration 6, msgs=406)
[05:50:29] INFO: AI response: 75253 prompt + 153 response tokens (total: 36805244 / 155657)
[05:50:29] INFO: AI request (iteration 7, msgs=408)
[05:50:32] INFO: AI response: 75476 prompt + 31 response tokens (total: 36880720 / 155688)
[05:50:33] INFO: AI request (iteration 8, msgs=410)
[05:50:35] INFO: AI response: 75547 prompt + 107 response tokens (total: 36956267 / 155795)
[05:50:35] INFO: AI request (iteration 9, msgs=412)
[05:50:37] INFO: AI response: 75619 prompt + 57 response tokens (total: 37031886 / 155852)
[05:50:37] INFO: AI request (iteration 10, msgs=414)
[05:50:42] INFO: AI response: 76145 prompt + 446 response tokens (total: 37108031 / 156298)
[05:50:42] Auto-continue: AI round 20/50 — task 11/12: 1. Create automated backup scheduler
2. Implement incrementa...
[05:50:42] INFO: AI request (iteration 1, msgs=417)
[05:50:44] INFO: AI response: 76667 prompt + 31 response tokens (total: 37184698 / 156329)
[05:50:44] INFO: AI request (iteration 2, msgs=420)
[05:50:47] INFO: AI response: 77028 prompt + 168 response tokens (total: 37261726 / 156497)
[05:50:47] INFO: AI request (iteration 3, msgs=422)
[05:50:49] INFO: AI response: 77364 prompt + 11 response tokens (total: 37339090 / 156508)
[05:50:49] INFO: AI request (iteration 4, msgs=425)
[05:50:53] INFO: AI response: 77556 prompt + 334 response tokens (total: 37416646 / 156842)
[05:50:53] INFO: AI request (iteration 5, msgs=427)
[05:50:56] INFO: AI response: 77915 prompt + 286 response tokens (total: 37494561 / 157128)
[05:50:56] INFO: AI request (iteration 6, msgs=429)
[05:50:59] INFO: AI response: 78225 prompt + 287 response tokens (total: 37572786 / 157415)
[05:50:59] INFO: AI request (iteration 7, msgs=431)
[05:51:03] INFO: AI response: 78538 prompt + 384 response tokens (total: 37651324 / 157799)
[05:51:03] INFO: AI request (iteration 8, msgs=433)
[05:51:07] INFO: AI response: 78946 prompt + 352 response tokens (total: 37730270 / 158151)
[05:51:07] INFO: AI request (iteration 9, msgs=435)
[05:51:10] INFO: AI response: 79321 prompt + 265 response tokens (total: 37809591 / 158416)
[05:51:10] INFO: AI request (iteration 10, msgs=437)
[05:51:13] INFO: AI response: 79610 prompt + 262 response tokens (total: 37889201 / 158678)
[05:51:13] Auto-continue: AI round 21/50 — task 12/12: 1. Create integration tests for all new features
2. Add load...
[05:51:13] INFO: AI request (iteration 1, msgs=440)
[05:51:16] INFO: AI response: 79984 prompt + 240 response tokens (total: 37969185 / 158918)
[05:51:16] INFO: AI request (iteration 2, msgs=442)
[05:51:20] INFO: AI response: 80247 prompt + 232 response tokens (total: 38049432 / 159150)
[05:51:20] INFO: AI request (iteration 3, msgs=444)
[05:51:23] INFO: AI response: 80504 prompt + 184 response tokens (total: 38129936 / 159334)
[05:51:23] INFO: AI request (iteration 4, msgs=446)
[05:51:31] INFO: AI response: 80711 prompt + 614 response tokens (total: 38210647 / 159948)
[05:51:31] INFO: AI request (iteration 5, msgs=448)
[05:51:37] INFO: AI response: 81349 prompt + 556 response tokens (total: 38291996 / 160504)
[05:51:37] INFO: AI request (iteration 6, msgs=450)
[05:51:42] INFO: AI response: 81913 prompt + 352 response tokens (total: 38373909 / 160856)
[05:51:42] INFO: AI request (iteration 7, msgs=452)
[05:51:46] INFO: AI response: 82290 prompt + 224 response tokens (total: 38456199 / 161080)
[05:51:46] INFO: AI request (iteration 8, msgs=454)
[05:51:49] INFO: AI response: 82537 prompt + 136 response tokens (total: 38538736 / 161216)
[05:51:49] INFO: AI request (iteration 9, msgs=456)
[05:51:51] INFO: AI response: 82700 prompt + 135 response tokens (total: 38621436 / 161351)
[05:51:51] INFO: AI request (iteration 10, msgs=458)
[05:51:54] INFO: AI response: 82863 prompt + 130 response tokens (total: 38704299 / 161481)
[05:51:54] Auto-continue: AI round 22/50 — task 12/12: 1. Create integration tests for all new features
2. Add load...
[05:51:54] INFO: AI request (iteration 1, msgs=461)
[05:51:56] INFO: AI response: 83107 prompt + 282 response tokens (total: 38787406 / 161763)
[05:51:56] INFO: AI request (iteration 2, msgs=463)
[05:52:00] INFO: AI response: 83413 prompt + 263 response tokens (total: 38870819 / 162026)
[05:52:00] INFO: AI request (iteration 3, msgs=465)
[05:52:04] INFO: AI response: 83700 prompt + 238 response tokens (total: 38954519 / 162264)
[05:52:04] INFO: AI request (iteration 4, msgs=468)
[05:52:06] INFO: AI response: 84021 prompt + 205 response tokens (total: 39038540 / 162469)
[05:52:06] INFO: AI request (iteration 5, msgs=470)
[05:52:12] INFO: AI response: 84247 prompt + 580 response tokens (total: 39122787 / 163049)
[05:52:12] INFO: AI request (iteration 6, msgs=472)
[05:52:17] INFO: AI response: 84853 prompt + 519 response tokens (total: 39207640 / 163568)
[05:52:17] INFO: AI request (iteration 7, msgs=474)
[05:52:19] INFO: AI response: 85381 prompt + 35 response tokens (total: 39293021 / 163603)
[05:52:19] INFO: AI request (iteration 8, msgs=476)
[05:52:22] INFO: AI response: 85805 prompt + 116 response tokens (total: 39378826 / 163719)
[05:52:22] INFO: AI request (iteration 9, msgs=478)
[05:52:24] INFO: AI response: 86001 prompt + 35 response tokens (total: 39464827 / 163754)
[05:52:24] INFO: AI request (iteration 10, msgs=480)
[05:52:26] INFO: AI response: 86229 prompt + 33 response tokens (total: 39551056 / 163787)
[05:52:28] Auto-continue: AI round 23/50 — task 12/12: 1. Create integration tests for all new features
2. Add load...
[05:52:28] INFO: AI request (iteration 1, msgs=483)
[05:53:10] INFO: AI response: 86882 prompt + 35 response tokens (total: 39637938 / 163822)
[05:53:11] INFO: AI request (iteration 2, msgs=485)
[05:53:13] INFO: AI response: 88972 prompt + 98 response tokens (total: 39726910 / 163920)
[05:53:13] INFO: AI request (iteration 3, msgs=487)
[05:53:14] INFO: AI response: 89167 prompt + 35 response tokens (total: 39816077 / 163955)
[05:53:15] INFO: AI request (iteration 4, msgs=489)
[05:53:20] INFO: AI response: 89784 prompt + 355 response tokens (total: 39905861 / 164310)
[05:53:20] INFO: AI request (iteration 5, msgs=491)
[05:53:22] INFO: AI response: 90149 prompt + 35 response tokens (total: 39996010 / 164345)
[05:53:22] INFO: AI request (iteration 6, msgs=493)
[05:53:25] INFO: AI response: 91875 prompt + 60 response tokens (total: 40087885 / 164405)
[05:53:25] INFO: AI request (iteration 7, msgs=495)
[05:53:27] INFO: AI response: 92062 prompt + 44 response tokens (total: 40179947 / 164449)
[05:53:28] INFO: AI request (iteration 8, msgs=497)
[05:53:30] INFO: AI response: 92436 prompt + 45 response tokens (total: 40272383 / 164494)
[05:53:30] INFO: AI request (iteration 9, msgs=499)
[05:53:33] INFO: AI response: 97640 prompt + 108 response tokens (total: 40370023 / 164602)
[05:53:33] INFO: AI request (iteration 10, msgs=501)
[05:53:39] INFO: AI response: 97808 prompt + 427 response tokens (total: 40467831 / 165029)
[05:53:39] Auto-continue: AI round 24/50 — task 12/12: 1. Create integration tests for all new features
2. Add load...
[05:53:39] INFO: AI request (iteration 1, msgs=504)
[05:53:43] INFO: AI response: 97922 prompt + 292 response tokens (total: 40565753 / 165321)
[05:53:43] INFO: AI request (iteration 2, msgs=506)
[05:53:45] INFO: AI response: 98239 prompt + 206 response tokens (total: 40663992 / 165527)
[05:53:45] INFO: AI request (iteration 3, msgs=508)
[05:53:48] INFO: AI response: 98470 prompt + 181 response tokens (total: 40762462 / 165708)
[05:53:48] INFO: AI request (iteration 4, msgs=511)
[05:53:51] INFO: AI response: 98732 prompt + 210 response tokens (total: 40861194 / 165918)
[05:53:51] INFO: AI request (iteration 5, msgs=513)
[05:53:53] INFO: AI response: 98966 prompt + 125 response tokens (total: 40960160 / 166043)
[05:53:53] INFO: AI request (iteration 6, msgs=515)
[05:53:56] INFO: AI response: 99115 prompt + 124 response tokens (total: 41059275 / 166167)
[05:53:56] INFO: AI request (iteration 7, msgs=517)
[05:53:57] INFO: AI response: 99264 prompt + 42 response tokens (total: 41158539 / 166209)
[05:53:57] INFO: AI request (iteration 8, msgs=519)
[05:53:59] INFO: AI response: 99395 prompt + 33 response tokens (total: 41257934 / 166242)
[05:53:59] INFO: AI request (iteration 9, msgs=521)
[05:54:02] INFO: AI response: 99640 prompt + 220 response tokens (total: 41357574 / 166462)
[05:54:02] INFO: AI request (iteration 10, msgs=523)
[05:54:04] INFO: AI response: 99866 prompt + 42 response tokens (total: 41457440 / 166504)
[05:54:05] Auto-continue: AI round 25/50 — task 12/12: 1. Create integration tests for all new features
2. Add load...
[05:54:05] INFO: AI request (iteration 1, msgs=526)
[05:54:07] INFO: AI response: 101349 prompt + 105 response tokens (total: 41558789 / 166609)
[05:54:07] INFO: AI request (iteration 2, msgs=528)
[05:54:09] INFO: AI response: 101522 prompt + 55 response tokens (total: 41660311 / 166664)
[05:54:09] INFO: AI request (iteration 3, msgs=530)
[05:54:12] INFO: AI response: 101823 prompt + 116 response tokens (total: 41762134 / 166780)
[05:54:12] INFO: AI request (iteration 4, msgs=532)
[05:54:14] INFO: AI response: 101959 prompt + 109 response tokens (total: 41864093 / 166889)
[05:54:14] INFO: AI request (iteration 5, msgs=534)
[05:54:17] INFO: AI response: 102142 prompt + 109 response tokens (total: 41966235 / 166998)
[05:54:18] INFO: AI request (iteration 6, msgs=536)
[05:54:22] INFO: AI response: 104160 prompt + 601 response tokens (total: 42070395 / 167599)
[05:54:22] INFO: AI request (iteration 7, msgs=538)
[05:54:24] INFO: AI response: 104770 prompt + 42 response tokens (total: 42175165 / 167641)
[05:54:25] INFO: AI request (iteration 8, msgs=540)
[05:54:28] INFO: AI response: 105212 prompt + 388 response tokens (total: 42280377 / 168029)
[05:54:28] INFO: AI request (iteration 9, msgs=542)
[05:54:30] INFO: AI response: 105557 prompt + 95 response tokens (total: 42385934 / 168124)
[05:54:30] INFO: AI request (iteration 10, msgs=544)
[05:54:32] INFO: AI response: 105691 prompt + 95 response tokens (total: 42491625 / 168219)
[05:54:32] Auto-continue: AI round 26/50 — task 12/12: 1. Create integration tests for all new features
2. Add load...
[05:54:32] INFO: AI request (iteration 1, msgs=547)
[05:54:34] INFO: AI response: 105930 prompt + 42 response tokens (total: 42597555 / 168261)
[05:54:35] INFO: AI request (iteration 2, msgs=549)
[05:54:38] INFO: AI response: 106328 prompt + 161 response tokens (total: 42703883 / 168422)
[05:54:38] INFO: AI request (iteration 3, msgs=551)
[05:54:40] INFO: AI response: 108456 prompt + 117 response tokens (total: 42812339 / 168539)
[05:54:41] INFO: AI request (iteration 4, msgs=554)
[05:54:44] INFO: AI response: 113870 prompt + 225 response tokens (total: 42926209 / 168764)
[05:54:44] INFO: AI request (iteration 5, msgs=556)
[05:54:46] INFO: AI response: 114320 prompt + 11 response tokens (total: 43040529 / 168775)
[05:54:46] INFO: AI request (iteration 6, msgs=558)
[05:54:51] INFO: AI response: 114349 prompt + 202 response tokens (total: 43154878 / 168977)
[05:54:51] You: 
[05:56:39] You: 
[05:56:55] INFO: AI request (iteration 1, msgs=561)
[05:56:57] INFO: AI response: 114597 prompt + 32 response tokens (total: 43269475 / 169009)
[05:56:57] INFO: AI request (iteration 2, msgs=563)
[05:56:59] INFO: AI response: 115134 prompt + 32 response tokens (total: 43384609 / 169041)
[05:56:59] INFO: AI request (iteration 3, msgs=565)
[05:57:01] INFO: AI response: 116133 prompt + 32 response tokens (total: 43500742 / 169073)
[05:57:01] INFO: AI request (iteration 4, msgs=567)
[05:57:07] INFO: AI response: 116601 prompt + 213 response tokens (total: 43617343 / 169286)
[05:57:07] INFO: AI request (iteration 5, msgs=569)
[05:57:09] INFO: AI response: 116693 prompt + 82 response tokens (total: 43734036 / 169368)
[05:57:09] INFO: AI request (iteration 6, msgs=571)
[05:57:11] INFO: AI response: 116842 prompt + 66 response tokens (total: 43850878 / 169434)
[05:57:11] INFO: AI request (iteration 7, msgs=573)
[05:57:14] INFO: AI response: 116957 prompt + 64 response tokens (total: 43967835 / 169498)
[05:57:14] INFO: AI request (iteration 8, msgs=575)
[05:57:16] INFO: AI response: 117068 prompt + 54 response tokens (total: 44084903 / 169552)
[05:57:16] INFO: AI request (iteration 9, msgs=577)
[05:57:21] INFO: AI response: 117397 prompt + 277 response tokens (total: 44202300 / 169829)
[05:57:21] INFO: AI request (iteration 10, msgs=579)
[05:57:26] INFO: AI response: 117766 prompt + 139 response tokens (total: 44320066 / 169968)
[05:57:26] You: 
[05:57:38] INFO: AI request (iteration 1, msgs=582)
[05:57:39] INFO: AI response: 119259 prompt + 50 response tokens (total: 44439325 / 170018)
[05:57:39] INFO: AI request (iteration 2, msgs=584)
[05:57:41] INFO: AI response: 119816 prompt + 75 response tokens (total: 44559141 / 170093)
[05:57:41] You: 
[05:58:35] INFO: AI request (iteration 1, msgs=586)
[05:58:48] INFO: AI response: 119917 prompt + 2154 response tokens (total: 44679058 / 172247)
[05:58:48] INFO: AI request (iteration 2, msgs=588)
[05:58:50] INFO: AI response: 122092 prompt + 100 response tokens (total: 44801150 / 172347)
[05:58:50] You: 
[06:01:07] INFO: AI request (iteration 1, msgs=590)
[06:01:10] INFO: AI response: 122148 prompt + 87 response tokens (total: 44923298 / 172434)
[06:01:10] You: 
[06:02:17] INFO: AI request (iteration 1, msgs=592)
[06:02:21] INFO: AI response: 122297 prompt + 346 response tokens (total: 45045595 / 172780)
[06:02:21] INFO: AI request (iteration 2, msgs=594)
[06:02:26] INFO: AI response: 122405 prompt + 315 response tokens (total: 45168000 / 173095)
[06:02:26] INFO: AI request (iteration 3, msgs=596)
[06:02:32] INFO: AI response: 122579 prompt + 303 response tokens (total: 45290579 / 173398)
[06:02:32] INFO: AI request (iteration 4, msgs=598)
[06:02:35] INFO: AI response: 122880 prompt + 84 response tokens (total: 45413459 / 173482)
[06:02:35] INFO: AI request (iteration 5, msgs=600)
[06:02:38] INFO: AI response: 123640 prompt + 250 response tokens (total: 45537099 / 173732)
[06:02:38] INFO: AI request (iteration 6, msgs=603)
[06:02:41] INFO: AI response: 124007 prompt + 284 response tokens (total: 45661106 / 174016)
[06:02:41] INFO: AI request (iteration 7, msgs=605)
[06:02:45] INFO: AI response: 124336 prompt + 173 response tokens (total: 45785442 / 174189)
[06:02:45] INFO: AI request (iteration 8, msgs=607)
[06:02:49] INFO: AI response: 124979 prompt + 322 response tokens (total: 45910421 / 174511)
[06:02:49] INFO: AI request (iteration 9, msgs=609)
[06:02:52] INFO: AI response: 125337 prompt + 138 response tokens (total: 46035758 / 174649)
[06:02:52] INFO: AI request (iteration 10, msgs=611)
[06:02:56] INFO: AI response: 125878 prompt + 113 response tokens (total: 46161636 / 174762)
[06:02:56] You: 
[06:03:03] INFO: AI request (iteration 1, msgs=614)
[06:03:05] INFO: AI response: 126043 prompt + 59 response tokens (total: 46287679 / 174821)
[06:03:05] INFO: AI request (iteration 2, msgs=616)
[06:03:09] INFO: AI response: 126689 prompt + 322 response tokens (total: 46414368 / 175143)
[06:03:09] INFO: AI request (iteration 3, msgs=618)
[06:03:11] INFO: AI response: 127030 prompt + 33 response tokens (total: 46541398 / 175176)
[06:03:11] INFO: AI request (iteration 4, msgs=620)
[06:03:24] INFO: AI response: 127345 prompt + 2299 response tokens (total: 46668743 / 177475)
[06:03:24] INFO: AI request (iteration 5, msgs=622)
[06:03:27] INFO: AI response: 129664 prompt + 113 response tokens (total: 46798407 / 177588)
[06:03:27] You: 
[06:04:05] You: 
[06:17:11] INFO: Session started, sess_id=325, mode=build, model=kimi-k2.7-code:cloud
[06:17:11] You: 
[06:17:13] You: 
[06:17:17] You: 
[06:17:21] You: 
[06:17:26] INFO: AI request (iteration 1, msgs=625)
[06:17:35] INFO: AI response: 129816 prompt + 374 response tokens (total: 20688569 / 85605)
[06:17:35] INFO: AI request (iteration 2, msgs=627)
[06:17:39] INFO: AI response: 134801 prompt + 340 response tokens (total: 20823370 / 85945)
[06:17:39] You: 
[06:18:46] INFO: AI request (iteration 1, msgs=637)
[06:18:49] INFO: AI response: 135605 prompt + 143 response tokens (total: 20958975 / 86088)
[06:18:49] INFO: AI request (iteration 2, msgs=639)
[06:18:52] INFO: AI response: 135775 prompt + 92 response tokens (total: 21094750 / 86180)
[06:18:52] INFO: AI request (iteration 3, msgs=641)
[06:18:54] INFO: AI response: 135899 prompt + 78 response tokens (total: 21230649 / 86258)
[06:18:54] INFO: AI request (iteration 4, msgs=643)
[06:18:56] INFO: AI response: 136008 prompt + 95 response tokens (total: 21366657 / 86353)
[06:18:56] INFO: AI request (iteration 5, msgs=645)
[06:19:00] INFO: AI response: 136136 prompt + 136 response tokens (total: 21502793 / 86489)
[06:19:00] INFO: AI request (iteration 6, msgs=647)
[06:19:03] INFO: AI response: 136251 prompt + 76 response tokens (total: 21639044 / 86565)
[06:19:03] INFO: AI request (iteration 7, msgs=649)
[06:19:05] INFO: AI response: 136363 prompt + 77 response tokens (total: 21775407 / 86642)
[06:19:05] INFO: AI request (iteration 8, msgs=651)
[06:19:09] INFO: AI response: 136474 prompt + 110 response tokens (total: 21911881 / 86752)
[06:19:09] INFO: AI request (iteration 9, msgs=653)
[06:19:11] INFO: AI response: 136579 prompt + 66 response tokens (total: 22048460 / 86818)
[06:19:11] INFO: AI request (iteration 10, msgs=655)
[06:19:14] INFO: AI response: 136680 prompt + 83 response tokens (total: 22185140 / 86901)
[06:19:14] You: 
[06:19:21] You: 
[06:19:25] INFO: AI request (iteration 1, msgs=658)
[06:19:28] INFO: AI response: 136806 prompt + 239 response tokens (total: 22321946 / 87140)
[06:19:28] INFO: AI request (iteration 2, msgs=661)
[06:19:30] <WriteFile
[Aborted: 'WriteFile' cannot be used in PLAN mode]
[06:19:30] Stream aborted: 'WriteFile' cannot be used in PLAN mode
[06:19:30] INFO: AI response: 0 prompt + 0 response tokens (total: 22321946 / 87140)
[06:19:30] Model tried to use 'WriteFile' in PLAN mode.
[06:19:30]   1. Switch to BUILD mode (allow the tool)
[06:19:30]   2. Stay in PLAN mode (block the tool, continue planning)
[06:19:30]   3. Cancel AI (return to user prompt)
[06:19:30]   4. Continue (dismiss, let the model proceed)
[06:19:30] Choice (1-4): 
[06:19:33] INFO: AI request (iteration 1, msgs=662)
[06:19:55] INFO: AI response: 137238 prompt + 3084 response tokens (total: 22459184 / 90224)
[06:19:55] INFO: AI request (iteration 2, msgs=664)
[06:20:12] INFO: AI response: 140347 prompt + 2657 response tokens (total: 22599531 / 92881)
[06:20:12] INFO: AI request (iteration 3, msgs=666)
[06:20:15] INFO: AI response: 143013 prompt + 68 response tokens (total: 22742544 / 92949)
[06:20:15] INFO: AI request (iteration 4, msgs=668)
[06:20:18] INFO: AI response: 143090 prompt + 238 response tokens (total: 22885634 / 93187)
[06:20:18] INFO: AI request (iteration 5, msgs=670)
[06:20:20] INFO: AI response: 143306 prompt + 11 response tokens (total: 23028940 / 93198)
[06:20:20] INFO: AI request (iteration 6, msgs=673)
[06:20:30] INFO: AI response: 143447 prompt + 1037 response tokens (total: 23172387 / 94235)
[06:20:30] INFO: AI request (iteration 7, msgs=675)
[06:20:34] INFO: AI response: 144508 prompt + 236 response tokens (total: 23316895 / 94471)
[06:20:34] INFO: AI request (iteration 8, msgs=677)
[06:20:36] INFO: AI response: 144742 prompt + 101 response tokens (total: 23461637 / 94572)
[06:20:36] INFO: AI request (iteration 9, msgs=679)
[06:20:39] INFO: AI response: 144923 prompt + 68 response tokens (total: 23606560 / 94640)
[06:20:39] INFO: AI request (iteration 10, msgs=681)
[06:20:41] INFO: AI response: 145031 prompt + 53 response tokens (total: 23751591 / 94693)
[06:20:41] Auto-continue: AI round 1/50 — task 2/9: Implement backend dashboard widget system in webcms/admin/wi...
[06:20:41] INFO: AI request (iteration 1, msgs=684)
[06:21:00] INFO: AI response: 145287 prompt + 2529 response tokens (total: 23896878 / 97222)
[06:21:00] INFO: AI request (iteration 2, msgs=686)
[06:21:02] INFO: AI response: 147818 prompt + 42 response tokens (total: 24044696 / 97264)
[06:21:02] INFO: AI request (iteration 3, msgs=688)
[06:21:06] INFO: AI response: 147900 prompt + 153 response tokens (total: 24192596 / 97417)
[06:21:06] INFO: AI request (iteration 4, msgs=690)
[06:21:08] INFO: AI response: 148074 prompt + 32 response tokens (total: 24340670 / 97449)
[06:21:08] INFO: AI request (iteration 5, msgs=692)
[06:21:11] INFO: AI response: 148343 prompt + 121 response tokens (total: 24489013 / 97570)
[06:21:11] INFO: AI request (iteration 6, msgs=694)
[06:21:14] INFO: AI response: 148548 prompt + 57 response tokens (total: 24637561 / 97627)
[06:21:14] INFO: AI request (iteration 7, msgs=696)
[06:21:17] INFO: AI response: 148849 prompt + 145 response tokens (total: 24786410 / 97772)
[06:21:17] INFO: AI request (iteration 8, msgs=698)
[06:21:19] INFO: AI response: 149103 prompt + 11 response tokens (total: 24935513 / 97783)
[06:21:19] INFO: AI request (iteration 9, msgs=701)
[06:21:29] INFO: AI response: 149274 prompt + 1296 response tokens (total: 25084787 / 99079)
[06:21:29] INFO: AI request (iteration 10, msgs=721)
[06:21:35] INFO: AI response: 150919 prompt + 764 response tokens (total: 25235706 / 99843)
[06:21:35] Auto-continue: AI round 2/50 — task 3/9: Create webcms/admin-ui/src/admin/AdminShell.jsx with sidebar...
[06:21:35] INFO: AI request (iteration 1, msgs=724)
[06:21:39] INFO: AI response: 151746 prompt + 263 response tokens (total: 25387452 / 100106)
[06:21:39] INFO: AI request (iteration 2, msgs=726)
[06:21:43] INFO: AI response: 152037 prompt + 243 response tokens (total: 25539489 / 100349)
[06:21:43] INFO: AI request (iteration 3, msgs=728)
[06:21:46] INFO: AI response: 152285 prompt + 100 response tokens (total: 25691774 / 100449)
[06:21:46] INFO: AI request (iteration 4, msgs=730)
[06:21:48] INFO: AI response: 152414 prompt + 97 response tokens (total: 25844188 / 100546)
[06:21:48] INFO: AI request (iteration 5, msgs=732)
[06:21:50] INFO: AI response: 152538 prompt + 101 response tokens (total: 25996726 / 100647)
[06:21:50] INFO: AI request (iteration 6, msgs=734)
[06:21:53] INFO: AI response: 152668 prompt + 96 response tokens (total: 26149394 / 100743)
[06:21:53] INFO: AI request (iteration 7, msgs=736)
[06:21:55] INFO: AI response: 152793 prompt + 98 response tokens (total: 26302187 / 100841)
[06:21:55] INFO: AI request (iteration 8, msgs=738)
[06:21:58] INFO: AI response: 152920 prompt + 99 response tokens (total: 26455107 / 100940)
[06:21:58] INFO: AI request (iteration 9, msgs=740)
[06:22:00] INFO: AI response: 153047 prompt + 94 response tokens (total: 26608154 / 101034)
[06:22:00] INFO: AI request (iteration 10, msgs=742)
[06:22:03] INFO: AI response: 153169 prompt + 102 response tokens (total: 26761323 / 101136)
[06:22:03] Auto-continue: AI round 3/50 — task 3/9: Create webcms/admin-ui/src/admin/AdminShell.jsx with sidebar...
[06:22:03] INFO: AI request (iteration 1, msgs=745)
[06:22:06] INFO: AI response: 153378 prompt + 113 response tokens (total: 26914701 / 101249)
[06:22:06] INFO: AI request (iteration 2, msgs=747)
[06:22:08] INFO: AI response: 153520 prompt + 100 response tokens (total: 27068221 / 101349)
[06:22:08] INFO: AI request (iteration 3, msgs=749)
[06:22:11] INFO: AI response: 153649 prompt + 99 response tokens (total: 27221870 / 101448)
[06:22:11] INFO: AI request (iteration 4, msgs=751)
[06:22:14] INFO: AI response: 153777 prompt + 99 response tokens (total: 27375647 / 101547)
[06:22:14] INFO: AI request (iteration 5, msgs=753)
[06:22:17] INFO: AI response: 153905 prompt + 103 response tokens (total: 27529552 / 101650)
[06:22:17] INFO: AI request (iteration 6, msgs=755)
[06:22:21] INFO: AI response: 154037 prompt + 175 response tokens (total: 27683589 / 101825)
[06:22:21] INFO: AI request (iteration 7, msgs=757)
[06:22:23] INFO: AI response: 154240 prompt + 73 response tokens (total: 27837829 / 101898)
[06:22:23] INFO: AI request (iteration 8, msgs=759)
[06:22:27] INFO: AI response: 154392 prompt + 146 response tokens (total: 27992221 / 102044)
[06:22:27] INFO: AI request (iteration 9, msgs=762)
[06:22:29] INFO: AI response: 154740 prompt + 11 response tokens (total: 28146961 / 102055)
[06:22:29] INFO: AI request (iteration 10, msgs=765)
[06:22:35] INFO: AI response: 154887 prompt + 654 response tokens (total: 28301848 / 102709)
[06:22:35] Auto-continue: AI round 4/50 — task 4/9: Create React components for listing, creating, editing, and ...
[06:22:35] INFO: AI request (iteration 1, msgs=768)
[06:22:40] INFO: AI response: 155636 prompt + 640 response tokens (total: 28457484 / 103349)
[06:22:40] INFO: AI request (iteration 2, msgs=770)
[06:22:48] INFO: AI response: 156287 prompt + 757 response tokens (total: 28613771 / 104106)
[06:22:48] INFO: AI request (iteration 3, msgs=772)
[06:22:55] INFO: AI response: 157074 prompt + 737 response tokens (total: 28770845 / 104843)
[06:22:55] INFO: AI request (iteration 4, msgs=774)
[06:23:03] INFO: AI response: 157841 prompt + 721 response tokens (total: 28928686 / 105564)
[06:23:03] INFO: AI request (iteration 5, msgs=776)
[06:23:09] INFO: AI response: 158567 prompt + 468 response tokens (total: 29087253 / 106032)
[06:23:09] INFO: AI request (iteration 6, msgs=778)
[06:23:11] INFO: AI response: 159064 prompt + 56 response tokens (total: 29246317 / 106088)
[06:23:11] INFO: AI request (iteration 7, msgs=780)
[06:23:14] INFO: AI response: 159233 prompt + 180 response tokens (total: 29405550 / 106268)
[06:23:14] INFO: AI request (iteration 8, msgs=782)
[06:23:20] INFO: AI response: 159485 prompt + 11 response tokens (total: 29565035 / 106279)
[06:23:20] INFO: AI request (iteration 9, msgs=785)
[06:23:26] INFO: AI response: 159612 prompt + 683 response tokens (total: 29724647 / 106962)
[06:23:26] INFO: AI request (iteration 10, msgs=787)
[06:23:32] INFO: AI response: 160324 prompt + 665 response tokens (total: 29884971 / 107627)
[06:23:32] Auto-continue: AI round 5/50 — task 5/9: Create management screens: Media gallery with upload, delete...
[06:23:32] INFO: AI request (iteration 1, msgs=790)
[06:23:36] INFO: AI response: 161025 prompt + 483 response tokens (total: 30045996 / 108110)
[06:23:36] INFO: AI request (iteration 2, msgs=792)
[06:23:40] INFO: AI response: 161537 prompt + 459 response tokens (total: 30207533 / 108569)
[06:23:40] INFO: AI request (iteration 3, msgs=794)
[06:23:47] INFO: AI response: 162009 prompt + 705 response tokens (total: 30369542 / 109274)
[06:23:47] INFO: AI request (iteration 4, msgs=796)
[06:23:53] INFO: AI response: 162744 prompt + 701 response tokens (total: 30532286 / 109975)
[06:23:53] INFO: AI request (iteration 5, msgs=798)
[06:23:58] INFO: AI response: 163453 prompt + 455 response tokens (total: 30695739 / 110430)
[06:23:58] INFO: AI request (iteration 6, msgs=800)
[06:24:03] INFO: AI response: 163938 prompt + 427 response tokens (total: 30859677 / 110857)
[06:24:03] INFO: AI request (iteration 7, msgs=802)
[06:24:07] INFO: AI response: 164394 prompt + 452 response tokens (total: 31024071 / 111309)
[06:24:07] INFO: AI request (iteration 8, msgs=804)
[06:24:10] INFO: AI response: 164821 prompt + 165 response tokens (total: 31188892 / 111474)
[06:24:10] INFO: AI request (iteration 9, msgs=806)
[06:24:12] INFO: AI response: 165069 prompt + 11 response tokens (total: 31353961 / 111485)
[06:24:12] INFO: AI request (iteration 10, msgs=809)
[06:24:19] INFO: AI response: 165202 prompt + 1138 response tokens (total: 31519163 / 112623)
[06:24:19] Auto-continue: AI round 6/50 — task 6/9: Create admin screens for user management (list, create, edit...
[06:24:19] INFO: AI request (iteration 1, msgs=812)
[06:24:29] INFO: AI response: 166374 prompt + 1571 response tokens (total: 31685537 / 114194)
[06:24:29] INFO: AI request (iteration 2, msgs=814)
[06:24:34] INFO: AI response: 167429 prompt + 706 response tokens (total: 31852966 / 114900)
[06:24:34] INFO: AI request (iteration 3, msgs=816)
[06:24:38] INFO: AI response: 168165 prompt + 671 response tokens (total: 32021131 / 115571)
[06:24:38] INFO: AI request (iteration 4, msgs=818)
[06:24:45] INFO: AI response: 168850 prompt + 1086 response tokens (total: 32189981 / 116657)
[06:24:45] INFO: AI request (iteration 5, msgs=820)
[06:24:52] INFO: AI response: 169954 prompt + 1018 response tokens (total: 32359935 / 117675)
[06:24:52] INFO: AI request (iteration 6, msgs=822)
[06:24:54] INFO: AI response: 170965 prompt + 121 response tokens (total: 32530900 / 117796)
[06:24:54] INFO: AI request (iteration 7, msgs=824)
[06:24:56] INFO: AI response: 171137 prompt + 100 response tokens (total: 32702037 / 117896)
[06:24:56] ✓ ReplaceLine: Error: fromLine 90 exceeds file length (82 lines).
[06:24:56] INFO: AI request (iteration 8, msgs=829)
[06:24:59] INFO: AI response: 171315 prompt + 91 response tokens (total: 32873352 / 117987)
[06:24:59] INFO: AI request (iteration 9, msgs=831)
[06:25:03] INFO: AI response: 171954 prompt + 273 response tokens (total: 33045306 / 118260)
[06:25:03] INFO: AI request (iteration 10, msgs=833)
[06:25:05] INFO: AI response: 172304 prompt + 71 response tokens (total: 33217610 / 118331)
[06:25:05] Auto-continue: AI round 7/50 — task 6/9: Create admin screens for user management (list, create, edit...
[06:25:05] INFO: AI request (iteration 1, msgs=836)
[06:25:13] INFO: AI response: 172998 prompt + 1257 response tokens (total: 33390608 / 119588)
[06:25:20] INFO: AI request (iteration 2, msgs=58)
[06:25:22] INFO: AI response: 14978 prompt + 246 response tokens (total: 33405586 / 119834)
[06:25:22] INFO: AI request (iteration 3, msgs=60)
[06:25:24] INFO: AI response: 15253 prompt + 100 response tokens (total: 33420839 / 119934)
[06:25:24] INFO: AI request (iteration 4, msgs=62)
[06:25:25] INFO: AI response: 15377 prompt + 11 response tokens (total: 33436216 / 119945)
[06:25:25] INFO: AI request (iteration 5, msgs=65)
[06:25:29] INFO: AI response: 15486 prompt + 730 response tokens (total: 33451702 / 120675)
[06:25:29] INFO: AI request (iteration 6, msgs=67)
[06:25:33] INFO: AI response: 16246 prompt + 747 response tokens (total: 33467948 / 121422)
[06:25:33] INFO: AI request (iteration 7, msgs=69)
[06:25:38] INFO: AI response: 16278 prompt + 661 response tokens (total: 33484226 / 122083)
[06:25:38] INFO: AI request (iteration 8, msgs=71)
[06:25:42] INFO: AI response: 16968 prompt + 762 response tokens (total: 33501194 / 122845)
[06:25:42] INFO: AI request (iteration 9, msgs=73)
[06:25:45] INFO: AI response: 17760 prompt + 691 response tokens (total: 33518954 / 123536)
[06:25:45] INFO: AI request (iteration 10, msgs=75)
[06:25:51] INFO: AI response: 18481 prompt + 1038 response tokens (total: 33537435 / 124574)
[06:25:51] Auto-continue: AI round 8/50 — task 7/9: Create admin screens for cache analytics, warm/invalidate ca...
[06:25:51] INFO: AI request (iteration 1, msgs=78)
[06:25:55] INFO: AI response: 19596 prompt + 929 response tokens (total: 33557031 / 125503)
[06:25:55] INFO: AI request (iteration 2, msgs=80)
[06:25:57] INFO: AI response: 20555 prompt + 219 response tokens (total: 33577586 / 125722)
[06:25:57] INFO: AI request (iteration 3, msgs=82)
[06:25:59] INFO: AI response: 20803 prompt + 116 response tokens (total: 33598389 / 125838)
[06:25:59] INFO: AI request (iteration 4, msgs=84)
[06:26:01] INFO: AI response: 20924 prompt + 12 response tokens (total: 33619313 / 125850)
[06:26:01] INFO: AI request (iteration 5, msgs=87)
[06:26:07] INFO: AI response: 21033 prompt + 996 response tokens (total: 33640346 / 126846)
[06:26:07] INFO: AI request (iteration 6, msgs=89)
[06:26:12] INFO: AI response: 22059 prompt + 919 response tokens (total: 33662405 / 127765)
[06:26:12] INFO: AI request (iteration 7, msgs=91)
[06:26:16] INFO: AI response: 23008 prompt + 707 response tokens (total: 33685413 / 128472)
[06:26:16] INFO: AI request (iteration 8, msgs=93)
[06:26:20] INFO: AI response: 23744 prompt + 646 response tokens (total: 33709157 / 129118)
[06:26:20] INFO: AI request (iteration 9, msgs=95)
[06:26:27] INFO: AI response: 24420 prompt + 1188 response tokens (total: 33733577 / 130306)
[06:26:27] INFO: AI request (iteration 10, msgs=97)
[06:26:32] INFO: AI response: 25638 prompt + 1088 response tokens (total: 33759215 / 131394)
[06:26:32] Auto-continue: AI round 9/50 — task 8/9: Create admin screens for tenant CRUD and analytics, search a...
[06:26:32] INFO: AI request (iteration 1, msgs=100)
[06:26:34] INFO: AI response: 26802 prompt + 125 response tokens (total: 33786017 / 131519)
[06:26:34] INFO: AI request (iteration 2, msgs=102)
[06:26:35] INFO: AI response: 26951 prompt + 11 response tokens (total: 33812968 / 131530)
[06:26:35] INFO: AI request (iteration 3, msgs=105)
[06:26:37] INFO: AI response: 27091 prompt + 39 response tokens (total: 33840059 / 131569)
[06:26:37] INFO: AI request (iteration 4, msgs=109)
[06:26:38] INFO: AI response: 31945 prompt + 39 response tokens (total: 33872004 / 131608)
[06:26:38] INFO: AI request (iteration 5, msgs=111)
[06:26:39] INFO: AI response: 33006 prompt + 36 response tokens (total: 33905010 / 131644)
[06:26:39] INFO: AI request (iteration 6, msgs=113)
[06:26:42] INFO: AI response: 34097 prompt + 36 response tokens (total: 33939107 / 131680)
[06:26:42] INFO: AI request (iteration 7, msgs=115)
[06:26:43] INFO: AI response: 35029 prompt + 36 response tokens (total: 33974136 / 131716)
[06:26:43] INFO: AI request (iteration 8, msgs=117)
[06:26:44] INFO: AI response: 35935 prompt + 39 response tokens (total: 34010071 / 131755)
[06:26:44] ✓ ReadFile: Error: Missing required parameter(s): fileName
Usage:
<ReadFile>
<fileName>string</fileName>
<max_chars>string</max_chars>
</ReadFile>
[06:26:44] INFO: AI request (iteration 9, msgs=119)
[06:26:46] INFO: AI response: 35984 prompt + 36 response tokens (total: 34046055 / 131791)
[06:26:46] INFO: AI request (iteration 10, msgs=121)
[06:26:47] INFO: AI response: 36890 prompt + 38 response tokens (total: 34082945 / 131829)
[06:26:47] Auto-continue: AI round 10/50 — task 9/9: Register /admin route in backend to serve the React admin UI...
[06:26:47] INFO: AI request (iteration 1, msgs=124)
[06:26:48] INFO: AI response: 37009 prompt + 80 response tokens (total: 34119954 / 131909)
[06:26:48] INFO: AI request (iteration 2, msgs=126)
[06:26:50] INFO: AI response: 37287 prompt + 106 response tokens (total: 34157241 / 132015)
[06:26:50] INFO: AI request (iteration 3, msgs=128)
[06:26:55] INFO: AI response: 37382 prompt + 36 response tokens (total: 34194623 / 132051)
[06:26:55] INFO: AI request (iteration 4, msgs=130)
[06:26:56] INFO: AI response: 37511 prompt + 37 response tokens (total: 34232134 / 132088)
[06:26:56] INFO: AI request (iteration 5, msgs=132)
[06:26:59] INFO: AI response: 37686 prompt + 192 response tokens (total: 34269820 / 132280)
[06:26:59] INFO: AI request (iteration 6, msgs=134)
[06:27:00] INFO: AI response: 37996 prompt + 41 response tokens (total: 34307816 / 132321)
[06:27:00] INFO: AI request (iteration 7, msgs=136)
[06:27:02] INFO: AI response: 38631 prompt + 44 response tokens (total: 34346447 / 132365)
[06:27:02] INFO: AI request (iteration 8, msgs=138)
[06:27:03] INFO: AI response: 38687 prompt + 37 response tokens (total: 34385134 / 132402)
[06:27:03] INFO: AI request (iteration 9, msgs=140)
[06:27:07] INFO: AI response: 39541 prompt + 249 response tokens (total: 34424675 / 132651)
[06:27:07] INFO: AI request (iteration 10, msgs=143)
[06:27:15] INFO: AI response: 39833 prompt + 1392 response tokens (total: 34464508 / 134043)
[06:27:15] Auto-continue: AI round 11/50 — task 9/9: Register /admin route in backend to serve the React admin UI...
[06:27:15] INFO: AI request (iteration 1, msgs=164)
[06:27:17] INFO: AI response: 41559 prompt + 77 response tokens (total: 34506067 / 134120)
[06:27:17] INFO: AI request (iteration 2, msgs=166)
[06:27:19] INFO: AI response: 42532 prompt + 79 response tokens (total: 34548599 / 134199)
[06:27:19] INFO: AI request (iteration 3, msgs=169)
[06:27:20] INFO: AI response: 43539 prompt + 71 response tokens (total: 34592138 / 134270)
[06:27:20] INFO: AI request (iteration 4, msgs=171)
[06:27:22] INFO: AI response: 44634 prompt + 96 response tokens (total: 34636772 / 134366)
[06:27:22] INFO: AI request (iteration 5, msgs=173)
[06:27:23] INFO: AI response: 45414 prompt + 32 response tokens (total: 34682186 / 134398)
[06:27:23] INFO: AI request (iteration 6, msgs=175)
[06:27:25] INFO: AI response: 45980 prompt + 52 response tokens (total: 34728166 / 134450)
[06:27:25] INFO: AI request (iteration 7, msgs=177)
[06:27:26] INFO: AI response: 46806 prompt + 60 response tokens (total: 34774972 / 134510)
[06:27:26] INFO: AI request (iteration 8, msgs=179)
[06:27:31] INFO: AI response: 47610 prompt + 447 response tokens (total: 34822582 / 134957)
[06:27:31] INFO: AI request (iteration 9, msgs=181)
[06:27:32] INFO: AI response: 48081 prompt + 55 response tokens (total: 34870663 / 135012)
[06:27:32] INFO: AI request (iteration 10, msgs=183)
[06:27:34] INFO: AI response: 48933 prompt + 75 response tokens (total: 34919596 / 135087)
[06:27:34] Auto-continue: AI round 12/50 — task 9/9: Register /admin route in backend to serve the React admin UI...
[06:27:34] INFO: AI request (iteration 1, msgs=186)
[06:27:37] INFO: AI response: 49209 prompt + 127 response tokens (total: 34968805 / 135214)
[06:27:37] INFO: AI request (iteration 2, msgs=188)
[06:27:38] INFO: AI response: 49262 prompt + 92 response tokens (total: 35018067 / 135306)
[06:27:38] INFO: AI request (iteration 3, msgs=190)
[06:27:40] INFO: AI response: 49456 prompt + 77 response tokens (total: 35067523 / 135383)
[06:27:40] INFO: AI request (iteration 4, msgs=192)
[06:27:42] INFO: AI response: 49898 prompt + 80 response tokens (total: 35117421 / 135463)
[06:27:42] INFO: AI request (iteration 5, msgs=194)
[06:27:44] INFO: AI response: 50018 prompt + 43 response tokens (total: 35167439 / 135506)
[06:27:44] ✓ Terminal: Error: Program 'npm' is not in the allowed programs list.
Allowed: ls, dir, cat, echo, pwd, whoami, date, id, grep, find, sort, head, tail, wc, awk, sed, bash, sh, python3, python, node, perl, ruby, git, make, cmake, gcc, g++, ping, curl, wget, netstat, ss, ps, top, df, du, free, mkdir, cp, mv, touch, rm, rmdir, ln, install, chmod, chown, cd, ollama, pip, pip3, nvidia-smi
[06:27:44] INFO: AI request (iteration 6, msgs=196)
[06:27:45] INFO: AI response: 50204 prompt + 38 response tokens (total: 35217643 / 135544)
[06:27:45] INFO: AI request (iteration 7, msgs=198)
[06:27:48] INFO: AI response: 50288 prompt + 93 response tokens (total: 35267931 / 135637)
[06:27:48] INFO: AI request (iteration 8, msgs=200)
[06:27:50] INFO: AI response: 52139 prompt + 108 response tokens (total: 35320070 / 135745)
[06:27:50] INFO: AI request (iteration 9, msgs=202)
[06:27:58] INFO: AI response: 52201 prompt + 178 response tokens (total: 35372271 / 135923)
[06:27:58] ✓ ReadFile: Error: File `webcms/admin-ui/src/admin/pages/RoleManager.jsx` not found (checked workin/ and CWD)
[06:27:58] INFO: AI request (iteration 10, msgs=204)
[06:28:04] INFO: AI response: 52280 prompt + 692 response tokens (total: 35424551 / 136615)
[06:28:04] Auto-continue: AI round 13/50 — task 9/9: Register /admin route in backend to serve the React admin UI...
[06:28:04] INFO: AI request (iteration 1, msgs=207)
[06:28:06] INFO: AI response: 53064 prompt + 77 response tokens (total: 35477615 / 136692)
[06:28:06] INFO: AI request (iteration 2, msgs=209)
[06:28:09] INFO: AI response: 53402 prompt + 236 response tokens (total: 35531017 / 136928)
[06:28:09] INFO: AI request (iteration 3, msgs=212)
[06:28:11] INFO: AI response: 53535 prompt + 53 response tokens (total: 35584552 / 136981)
[06:28:11] INFO: AI request (iteration 4, msgs=214)
[06:28:21] INFO: AI response: 53646 prompt + 1204 response tokens (total: 35638198 / 138185)
[06:28:21] INFO: AI request (iteration 5, msgs=216)
[06:28:22] INFO: AI response: 53673 prompt + 69 response tokens (total: 35691871 / 138254)
[06:28:22] INFO: AI request (iteration 6, msgs=218)
[06:28:49] INFO: AI response: 53760 prompt + 4511 response tokens (total: 35745631 / 142765)
[06:28:49] INFO: AI request (iteration 7, msgs=220)
[06:28:50] INFO: AI response: 58294 prompt + 68 response tokens (total: 35803925 / 142833)
[06:28:50] ✓ ReadFile: Error: File `run.py` not found (checked workin/ and CWD)
[06:28:50] INFO: AI request (iteration 8, msgs=222)
[06:28:52] INFO: AI response: 58391 prompt + 66 response tokens (total: 35862316 / 142899)
[06:28:52] INFO: AI request (iteration 9, msgs=224)
[06:28:57] INFO: AI response: 58724 prompt + 565 response tokens (total: 35921040 / 143464)
[06:28:57] INFO: AI request (iteration 10, msgs=226)
[06:28:58] INFO: AI response: 59197 prompt + 23 response tokens (total: 35980237 / 143487)
[06:28:58] Auto-continue: AI round 14/50 — task 9/9: Register /admin route in backend to serve the React admin UI...
[06:28:58] INFO: AI request (iteration 1, msgs=229)
[06:29:00] INFO: AI response: 59350 prompt + 80 response tokens (total: 36039587 / 143567)
[06:29:00] INFO: AI request (iteration 2, msgs=231)
[06:29:01] INFO: AI response: 59469 prompt + 34 response tokens (total: 36099056 / 143601)
[06:29:01] ✓ ExecuteScript: Error: File verify_admin_ui.py not found in 
[06:29:01] INFO: AI request (iteration 3, msgs=233)
[06:29:02] INFO: AI response: 59525 prompt + 72 response tokens (total: 36158581 / 143673)
[06:29:02] INFO: AI request (iteration 4, msgs=235)
[06:29:04] INFO: AI response: 59633 prompt + 59 response tokens (total: 36218214 / 143732)
[06:29:04] ✓ ExecuteScript: Error: File ./verify_admin_ui.py not found in 
[06:29:04] INFO: AI request (iteration 5, msgs=237)
[06:29:07] INFO: AI response: 59681 prompt + 54 response tokens (total: 36277895 / 143786)
[06:29:07] INFO: AI request (iteration 6, msgs=239)
[06:29:10] INFO: AI response: 60230 prompt + 384 response tokens (total: 36338125 / 144170)
[06:29:10] INFO: AI request (iteration 7, msgs=241)
[06:29:12] INFO: AI response: 60638 prompt + 41 response tokens (total: 36398763 / 144211)
[06:29:12] INFO: AI request (iteration 8, msgs=243)
[06:29:14] INFO: AI response: 61174 prompt + 84 response tokens (total: 36459937 / 144295)
[06:29:14] INFO: AI request (iteration 9, msgs=245)
[06:29:17] INFO: AI response: 61563 prompt + 203 response tokens (total: 36521500 / 144498)
[06:29:17] INFO: AI request (iteration 10, msgs=247)
[06:29:18] INFO: AI response: 61749 prompt + 44 response tokens (total: 36583249 / 144542)
[06:29:18] Auto-continue: AI round 15/50 — task 9/9: Register /admin route in backend to serve the React admin UI...
[06:29:18] INFO: AI request (iteration 1, msgs=250)
[06:29:21] INFO: AI response: 62351 prompt + 152 response tokens (total: 36645600 / 144694)
[06:29:21] INFO: AI request (iteration 2, msgs=252)
[06:29:25] INFO: AI response: 62836 prompt + 433 response tokens (total: 36708436 / 145127)
[06:29:25] INFO: AI request (iteration 3, msgs=255)
[06:29:27] INFO: AI response: 63366 prompt + 69 response tokens (total: 36771802 / 145196)
[06:29:27] INFO: AI request (iteration 4, msgs=257)
[06:29:28] INFO: AI response: 63474 prompt + 33 response tokens (total: 36835276 / 145229)
[06:29:28] ✓ ExecuteScript: Error: File verify_admin_ui.py not found in 
[06:29:28] INFO: AI request (iteration 5, msgs=259)
[06:29:30] INFO: AI response: 63520 prompt + 54 response tokens (total: 36898796 / 145283)
[06:29:30] INFO: AI request (iteration 6, msgs=261)
[06:29:32] INFO: AI response: 63723 prompt + 69 response tokens (total: 36962519 / 145352)
[06:29:32] INFO: AI request (iteration 7, msgs=263)
[06:29:35] INFO: AI response: 63855 prompt + 142 response tokens (total: 37026374 / 145494)
[06:29:35] INFO: AI request (iteration 8, msgs=265)
[06:30:04] INFO: AI response: 63952 prompt + 4496 response tokens (total: 37090326 / 149990)
[06:30:04] INFO: AI request (iteration 9, msgs=267)
[06:30:06] INFO: AI response: 63980 prompt + 39 response tokens (total: 37154306 / 150029)
[06:30:06] INFO: AI request (iteration 10, msgs=269)
[06:30:11] INFO: AI response: 64219 prompt + 200 response tokens (total: 37218525 / 150229)
[06:30:11] Auto-continue: AI round 16/50 — task 9/9: Register /admin route in backend to serve the React admin UI...
[06:30:11] INFO: AI request (iteration 1, msgs=272)
[06:30:13] INFO: AI response: 64351 prompt + 162 response tokens (total: 37282876 / 150391)
[06:30:13] INFO: AI request (iteration 2, msgs=274)
[06:30:16] INFO: AI response: 64628 prompt + 78 response tokens (total: 37347504 / 150469)
[06:30:16] ✓ Terminal: Error: Program 'file' is not in the allowed programs list.
Allowed: ls, dir, cat, echo, pwd, whoami, date, id, grep, find, sort, head, tail, wc, awk, sed, bash, sh, python3, python, node, perl, ruby, git, make, cmake, gcc, g++, ping, curl, wget, netstat, ss, ps, top, df, du, free, mkdir, cp, mv, touch, rm, rmdir, ln, install, chmod, chown, cd, ollama, pip, pip3, nvidia-smi
[06:30:16] INFO: AI request (iteration 3, msgs=276)
[06:30:19] INFO: AI response: 64849 prompt + 180 response tokens (total: 37412353 / 150649)
[06:30:19] INFO: AI request (iteration 4, msgs=278)
[06:30:24] INFO: AI response: 64907 prompt + 218 response tokens (total: 37477260 / 150867)
[06:30:24] INFO: AI request (iteration 5, msgs=280)
[06:30:52] INFO: AI response: 65025 prompt + 4516 response tokens (total: 37542285 / 155383)
[06:30:52] INFO: AI request (iteration 6, msgs=282)
[06:30:54] INFO: AI response: 65132 prompt + 65 response tokens (total: 37607417 / 155448)
[06:30:54] INFO: AI request (iteration 7, msgs=284)
[06:30:56] INFO: AI response: 65164 prompt + 63 response tokens (total: 37672581 / 155511)
[06:30:57] INFO: AI request (iteration 8, msgs=286)
[06:30:59] INFO: AI response: 65416 prompt + 143 response tokens (total: 37737997 / 155654)
[06:30:59] INFO: AI request (iteration 9, msgs=288)
[06:31:05] INFO: AI response: 65546 prompt + 393 response tokens (total: 37803543 / 156047)
[06:31:05] INFO: AI request (iteration 10, msgs=290)
[06:31:34] INFO: AI response: 65628 prompt + 4288 response tokens (total: 37869171 / 160335)
[06:31:34] Auto-continue: AI round 17/50 — task 9/9: Register /admin route in backend to serve the React admin UI...
[06:31:34] INFO: AI request (iteration 1, msgs=293)
[06:31:36] INFO: AI response: 69719 prompt + 78 response tokens (total: 37938890 / 160413)
[06:31:36] INFO: AI request (iteration 2, msgs=295)
[06:31:38] INFO: AI response: 69867 prompt + 158 response tokens (total: 38008757 / 160571)
[06:31:38] INFO: AI request (iteration 3, msgs=298)
[06:31:40] INFO: AI response: 70106 prompt + 11 response tokens (total: 38078863 / 160582)
[06:31:40] INFO: AI request (iteration 4, msgs=300)
[06:31:41] INFO: AI response: 70135 prompt + 6 response tokens (total: 38148998 / 160588)
[06:31:41] You: 
[06:52:40] You: 
[06:53:20] INFO: AI request (iteration 1, msgs=303)
[06:53:24] INFO: AI response: 70190 prompt + 91 response tokens (total: 38219188 / 160679)
[06:53:24] ✓ ReadFile: Error: File `README.md` not found (checked workin/ and CWD)
[06:53:24] INFO: AI request (iteration 2, msgs=305)
[06:53:26] INFO: AI response: 70222 prompt + 77 response tokens (total: 38289410 / 160756)
[06:53:26] ✓ ReadFile: Error: File `README.md` not found (checked workin/ and CWD)
[06:53:26] INFO: AI request (iteration 3, msgs=307)
[06:53:29] INFO: AI response: 70254 prompt + 111 response tokens (total: 38359664 / 160867)
[06:53:29] INFO: AI request (iteration 4, msgs=309)
[06:53:30] INFO: AI response: 70310 prompt + 62 response tokens (total: 38429974 / 160929)
[06:53:30] ✓ ReadFile: Error: File `README.md` not found (checked workin/ and CWD)
[06:53:30] INFO: AI request (iteration 5, msgs=311)
[06:53:32] INFO: AI response: 70342 prompt + 95 response tokens (total: 38500316 / 161024)
[06:53:32] INFO: AI request (iteration 6, msgs=313)
[06:53:43] INFO: AI response: 71324 prompt + 1475 response tokens (total: 38571640 / 162499)
[06:53:43] INFO: AI request (iteration 7, msgs=315)
[06:53:47] INFO: AI response: 71367 prompt + 243 response tokens (total: 38643007 / 162742)
[06:53:47] INFO: AI request (iteration 8, msgs=317)
[06:53:49] INFO: AI response: 72706 prompt + 22 response tokens (total: 38715713 / 162764)
[06:53:49] You: 
[06:54:04] You: 
[06:54:38] INFO: AI request (iteration 1, msgs=319)
[06:54:40] INFO: AI response: 72819 prompt + 177 response tokens (total: 38788532 / 162941)
[06:54:40] INFO: AI request (iteration 2, msgs=321)
[06:54:43] INFO: AI response: 72960 prompt + 139 response tokens (total: 38861492 / 163080)
[06:54:43] INFO: AI request (iteration 3, msgs=323)
[06:54:47] INFO: AI response: 73431 prompt + 302 response tokens (total: 38934923 / 163382)
[06:54:47] INFO: AI request (iteration 4, msgs=325)
[06:54:50] INFO: AI response: 73581 prompt + 202 response tokens (total: 39008504 / 163584)
[06:54:50] INFO: AI request (iteration 5, msgs=327)
[06:54:52] INFO: AI response: 73899 prompt + 54 response tokens (total: 39082403 / 163638)
[06:54:52] ✓ ReadFile: Error: File `webcms/admin/routes.py` not found (checked workin/ and CWD)
[06:54:52] INFO: AI request (iteration 6, msgs=329)
[06:54:55] INFO: AI response: 73969 prompt + 105 response tokens (total: 39156372 / 163743)
[06:54:55] INFO: AI request (iteration 7, msgs=331)
[06:54:57] INFO: AI response: 74039 prompt + 98 response tokens (total: 39230411 / 163841)
[06:54:57] INFO: AI request (iteration 8, msgs=333)
[06:55:00] INFO: AI response: 74411 prompt + 156 response tokens (total: 39304822 / 163997)
[06:55:00] INFO: AI request (iteration 9, msgs=335)
[06:55:03] INFO: AI response: 75446 prompt + 217 response tokens (total: 39380268 / 164214)
[06:55:03] INFO: AI request (iteration 10, msgs=337)
[06:55:07] INFO: AI response: 75971 prompt + 234 response tokens (total: 39456239 / 164448)
[06:55:07] You: 
[06:55:15] INFO: AI request (iteration 1, msgs=340)
[06:55:16] INFO: AI response: 76171 prompt + 77 response tokens (total: 39532410 / 164525)
[06:55:16] INFO: AI request (iteration 2, msgs=343)
[06:55:19] INFO: AI response: 76805 prompt + 117 response tokens (total: 39609215 / 164642)
[06:55:19] INFO: AI request (iteration 3, msgs=345)
[06:55:21] INFO: AI response: 76954 prompt + 73 response tokens (total: 39686169 / 164715)
[06:55:21] INFO: AI request (iteration 4, msgs=347)
[06:55:23] INFO: AI response: 77059 prompt + 75 response tokens (total: 39763228 / 164790)
[06:55:23] INFO: AI request (iteration 5, msgs=349)
[06:55:26] INFO: AI response: 77924 prompt + 280 response tokens (total: 39841152 / 165070)
[06:55:26] INFO: AI request (iteration 6, msgs=353)
[06:55:36] INFO: AI response: 78944 prompt + 1420 response tokens (total: 39920096 / 166490)
[06:55:36] INFO: AI request (iteration 7, msgs=355)
[06:55:39] INFO: AI response: 80405 prompt + 129 response tokens (total: 40000501 / 166619)
[06:55:39] You: 
[06:56:13] INFO: AI request (iteration 1, msgs=357)
[06:56:16] INFO: AI response: 80482 prompt + 133 response tokens (total: 40080983 / 166752)
[06:56:16] INFO: AI request (iteration 2, msgs=359)
[06:56:18] INFO: AI response: 80682 prompt + 145 response tokens (total: 40161665 / 166897)
[06:56:18] INFO: AI request (iteration 3, msgs=361)
[06:56:21] INFO: AI response: 80877 prompt + 130 response tokens (total: 40242542 / 167027)
[06:56:21] INFO: AI request (iteration 4, msgs=363)
[06:56:23] INFO: AI response: 81851 prompt + 169 response tokens (total: 40324393 / 167196)
[06:56:23] INFO: AI request (iteration 5, msgs=365)
[06:56:29] INFO: AI response: 82084 prompt + 600 response tokens (total: 40406477 / 167796)
[06:56:29] INFO: AI request (iteration 6, msgs=367)
[06:56:32] INFO: AI response: 82780 prompt + 81 response tokens (total: 40489257 / 167877)
[06:56:32] INFO: AI request (iteration 7, msgs=369)
[06:56:42] INFO: AI response: 83757 prompt + 1418 response tokens (total: 40573014 / 169295)
[06:56:42] INFO: AI request (iteration 8, msgs=371)
[06:56:44] INFO: AI response: 85191 prompt + 109 response tokens (total: 40658205 / 169404)
[06:56:44] You: 
[07:03:31] INFO: AI request (iteration 1, msgs=373)
[07:03:33] INFO: AI response: 85386 prompt + 79 response tokens (total: 40743591 / 169483)
[07:03:33] INFO: AI request (iteration 2, msgs=375)
[07:03:35] INFO: AI response: 85495 prompt + 89 response tokens (total: 40829086 / 169572)
[07:03:35] INFO: AI request (iteration 3, msgs=377)
[07:03:38] INFO: AI response: 85603 prompt + 67 response tokens (total: 40914689 / 169639)
[07:03:38] ✓ ReadFile: Error: File `webcms/__init__.py` not found (checked workin/ and CWD)
[07:03:38] INFO: AI request (iteration 4, msgs=379)
[07:03:39] INFO: AI response: 85672 prompt + 34 response tokens (total: 41000361 / 169673)
[07:03:39] INFO: AI request (iteration 5, msgs=381)
[07:03:42] INFO: AI response: 85822 prompt + 69 response tokens (total: 41086183 / 169742)
[07:03:42] ✓ ReplaceLine: Error: file 'webcms/__init__.py' not found.
[07:03:42] INFO: AI request (iteration 6, msgs=383)
[07:03:44] INFO: AI response: 85917 prompt + 100 response tokens (total: 41172100 / 169842)
[07:03:44] INFO: AI request (iteration 7, msgs=386)
[07:03:46] INFO: AI response: 86120 prompt + 96 response tokens (total: 41258220 / 169938)
[07:03:46] INFO: AI request (iteration 8, msgs=388)
[07:03:48] INFO: AI response: 86256 prompt + 51 response tokens (total: 41344476 / 169989)
[07:03:48] INFO: AI request (iteration 9, msgs=390)
[07:03:51] INFO: AI response: 86349 prompt + 201 response tokens (total: 41430825 / 170190)
[07:03:51] INFO: AI request (iteration 10, msgs=392)
[07:03:53] INFO: AI response: 86588 prompt + 154 response tokens (total: 41517413 / 170344)
[07:03:53] You: 
[07:04:19] INFO: AI request (iteration 1, msgs=394)
[07:04:21] INFO: AI response: 86758 prompt + 98 response tokens (total: 41604171 / 170442)
[07:04:21] INFO: AI request (iteration 2, msgs=396)
[07:04:23] INFO: AI response: 86896 prompt + 55 response tokens (total: 41691067 / 170497)
[07:04:23] INFO: AI request (iteration 3, msgs=398)
[07:04:25] INFO: AI response: 87207 prompt + 94 response tokens (total: 41778274 / 170591)
[07:04:25] You: 
[07:06:29] You: 
[07:06:31] INFO: AI request (iteration 1, msgs=401)
[07:06:36] INFO: AI response: 87316 prompt + 438 response tokens (total: 41865590 / 171029)
[07:06:36] You: 
[07:07:27] INFO: AI request (iteration 1, msgs=418)
[07:07:31] erminal
[Aborted: 'Terminal' cannot be used in PLAN mode]
[07:07:31] Stream aborted: 'Terminal' cannot be used in PLAN mode
[07:07:31] INFO: AI response: 0 prompt + 0 response tokens (total: 41865590 / 171029)
[07:07:31] Model tried to use 'Terminal' in PLAN mode.
[07:07:31]   1. Switch to BUILD mode (allow the tool)
[07:07:31]   2. Stay in PLAN mode (block the tool, continue planning)
[07:07:31]   3. Cancel AI (return to user prompt)
[07:07:31]   4. Continue (dismiss, let the model proceed)
[07:07:31] Choice (1-4): 
[07:07:42] INFO: AI request (iteration 1, msgs=419)
[07:07:47] INFO: AI response: 88545 prompt + 398 response tokens (total: 41954135 / 171427)
[07:07:47] INFO: AI request (iteration 2, msgs=421)
[07:07:51] INFO: AI response: 88991 prompt + 328 response tokens (total: 42043126 / 171755)
[07:07:51] INFO: AI request (iteration 3, msgs=423)
[07:07:57] INFO: AI response: 89878 prompt + 588 response tokens (total: 42133004 / 172343)
[07:07:57] INFO: AI request (iteration 4, msgs=425)
[07:08:14] INFO: AI response: 90141 prompt + 574 response tokens (total: 42223145 / 172917)
[07:08:14] INFO: AI request (iteration 5, msgs=427)
[07:08:16] INFO: AI response: 90301 prompt + 41 response tokens (total: 42313446 / 172958)
[07:08:16] ✓ Terminal: Error: Program 'node' not found in PATH
[07:08:16] INFO: AI request (iteration 6, msgs=429)
[07:08:51] INFO: AI response: 90365 prompt + 5180 response tokens (total: 42403811 / 178138)
[07:08:51] INFO: AI request (iteration 7, msgs=431)
[07:08:55] INFO: AI response: 94932 prompt + 292 response tokens (total: 42498743 / 178430)
[07:08:55] INFO: AI request (iteration 8, msgs=433)
[07:09:00] INFO: AI response: 95268 prompt + 430 response tokens (total: 42594011 / 178860)
[07:09:00] You: 
[07:10:05] INFO: AI request (iteration 1, msgs=435)
[07:10:14] INFO: AI response: 95560 prompt + 213 response tokens (total: 42689571 / 179073)
[07:10:14] INFO: AI request (iteration 2, msgs=437)
[07:10:36] INFO: AI response: 96538 prompt + 3321 response tokens (total: 42786109 / 182394)
[07:10:36] INFO: AI request (iteration 3, msgs=439)
[07:10:45] INFO: AI response: 99697 prompt + 1471 response tokens (total: 42885806 / 183865)
[07:10:45] INFO: AI request (iteration 4, msgs=441)
[07:10:49] INFO: AI response: 101213 prompt + 407 response tokens (total: 42987019 / 184272)
[07:10:50] INFO: AI request (iteration 5, msgs=443)
[07:10:53] INFO: AI response: 101612 prompt + 192 response tokens (total: 43088631 / 184464)
[07:10:53] INFO: AI request (iteration 6, msgs=445)
[07:10:55] INFO: AI response: 101806 prompt + 132 response tokens (total: 43190437 / 184596)
[07:10:55] INFO: AI request (iteration 7, msgs=447)
[07:11:04] INFO: AI response: 102378 prompt + 959 response tokens (total: 43292815 / 185555)
[07:11:04] INFO: AI request (iteration 8, msgs=449)
[07:11:07] INFO: AI response: 102996 prompt + 233 response tokens (total: 43395811 / 185788)
[07:11:07] INFO: AI request (iteration 9, msgs=451)
[07:11:10] INFO: AI response: 103338 prompt + 190 response tokens (total: 43499149 / 185978)
[07:11:10] INFO: AI request (iteration 10, msgs=453)
[07:11:12] INFO: AI response: 103474 prompt + 88 response tokens (total: 43602623 / 186066)
[07:11:12] You: 
[07:11:25] INFO: AI request (iteration 1, msgs=456)
[07:11:27] INFO: AI response: 103805 prompt + 88 response tokens (total: 43706428 / 186154)
[07:11:27] INFO: AI request (iteration 2, msgs=458)
[07:11:29] INFO: AI response: 103920 prompt + 103 response tokens (total: 43810348 / 186257)
[07:11:29] INFO: AI request (iteration 3, msgs=461)
[07:11:31] INFO: AI response: 104083 prompt + 69 response tokens (total: 43914431 / 186326)
[07:11:31] INFO: AI request (iteration 4, msgs=463)
[07:11:34] INFO: AI response: 104187 prompt + 65 response tokens (total: 44018618 / 186391)
[07:11:34] INFO: AI request (iteration 5, msgs=465)
[07:11:36] INFO: AI response: 104286 prompt + 65 response tokens (total: 44122904 / 186456)
[07:11:36] INFO: AI request (iteration 6, msgs=467)
[07:11:37] INFO: AI response: 104381 prompt + 6 response tokens (total: 44227285 / 186462)
[07:11:37] INFO: AI request (iteration 7, msgs=470)
[07:11:40] INFO: AI response: 104515 prompt + 155 response tokens (total: 44331800 / 186617)
[07:11:40] INFO: AI request (iteration 8, msgs=472)
[07:11:42] INFO: AI response: 104735 prompt + 101 response tokens (total: 44436535 / 186718)
[07:11:42] INFO: AI request (iteration 9, msgs=474)
[07:11:44] INFO: AI response: 104875 prompt + 11 response tokens (total: 44541410 / 186729)
[07:11:44] INFO: AI request (iteration 10, msgs=477)
[07:11:46] INFO: AI response: 104988 prompt + 73 response tokens (total: 44646398 / 186802)
[07:11:46] Auto-continue: AI round 1/50 — task 2/4: Update webcms/core/router.py _compile_pattern to support {pa...
[07:11:46] INFO: AI request (iteration 1, msgs=480)
[07:11:48] INFO: AI response: 105412 prompt + 81 response tokens (total: 44751810 / 186883)
[07:11:48] INFO: AI request (iteration 2, msgs=482)
[07:11:50] INFO: AI response: 105795 prompt + 80 response tokens (total: 44857605 / 186963)
[07:11:50] INFO: AI request (iteration 3, msgs=484)
[07:11:56] INFO: AI response: 106587 prompt + 804 response tokens (total: 44964192 / 187767)
[07:11:56] INFO: AI request (iteration 4, msgs=486)
[07:11:58] INFO: AI response: 107380 prompt + 92 response tokens (total: 45071572 / 187859)
[07:11:58] INFO: AI request (iteration 5, msgs=488)
[07:12:00] INFO: AI response: 107516 prompt + 11 response tokens (total: 45179088 / 187870)
[07:12:00] INFO: AI request (iteration 6, msgs=491)
[07:12:02] INFO: AI response: 107623 prompt + 74 response tokens (total: 45286711 / 187944)
[07:12:02] INFO: AI request (iteration 7, msgs=493)
[07:12:04] INFO: AI response: 108013 prompt + 95 response tokens (total: 45394724 / 188039)
[07:12:04] INFO: AI request (iteration 8, msgs=495)
[07:12:06] INFO: AI response: 108175 prompt + 76 response tokens (total: 45502899 / 188115)
[07:12:06] INFO: AI request (iteration 9, msgs=497)
[07:12:09] INFO: AI response: 108547 prompt + 121 response tokens (total: 45611446 / 188236)
[07:12:09] INFO: AI request (iteration 10, msgs=499)
[07:12:10] INFO: AI response: 108707 prompt + 56 response tokens (total: 45720153 / 188292)
[07:12:10] Auto-continue: AI round 2/50 — task 3/4: Change webcms/admin/routes.py asset route from /admin/&lt;pa...
[07:12:10] INFO: AI request (iteration 1, msgs=502)
[07:12:13] INFO: AI response: 109125 prompt + 81 response tokens (total: 45829278 / 188373)
[07:12:13] INFO: AI request (iteration 2, msgs=504)
[07:12:17] INFO: AI response: 109402 prompt + 413 response tokens (total: 45938680 / 188786)
[07:12:17] INFO: AI request (iteration 3, msgs=506)
[07:12:19] INFO: AI response: 109842 prompt + 69 response tokens (total: 46048522 / 188855)
[07:12:19] INFO: AI request (iteration 4, msgs=508)
[07:12:21] INFO: AI response: 109978 prompt + 11 response tokens (total: 46158500 / 188866)
[07:12:21] INFO: AI request (iteration 5, msgs=511)
[07:12:26] INFO: AI response: 110091 prompt + 602 response tokens (total: 46268591 / 189468)
[07:12:26] INFO: AI request (iteration 6, msgs=513)
[07:12:27] INFO: AI response: 110707 prompt + 45 response tokens (total: 46379298 / 189513)
[07:12:28] INFO: AI request (iteration 7, msgs=515)
[07:12:30] INFO: AI response: 110877 prompt + 80 response tokens (total: 46490175 / 189593)
[07:12:30] INFO: AI request (iteration 8, msgs=517)
[07:12:32] INFO: AI response: 111035 prompt + 48 response tokens (total: 46601210 / 189641)
[07:12:32] INFO: AI request (iteration 9, msgs=519)
[07:12:34] INFO: AI response: 111064 prompt + 6 response tokens (total: 46712274 / 189647)
[07:12:34] You: 
[08:12:07] INFO: Session started, sess_id=326, mode=build, model=kimi-k2.7-code:cloud
[08:12:07] You: 
[08:12:10] You: 
[08:12:36] INFO: AI request (iteration 1, msgs=522)
[08:12:44] INFO: AI response: 111139 prompt + 169 response tokens (total: 17258378 / 83537)
[08:12:44] INFO: AI request (iteration 2, msgs=524)
[08:12:49] INFO: AI response: 112313 prompt + 665 response tokens (total: 17370691 / 84202)
[08:12:49] INFO: AI request (iteration 3, msgs=526)
[08:13:01] INFO: AI response: 113295 prompt + 1657 response tokens (total: 17483986 / 85859)
[08:13:01] You: 
[08:13:11] INFO: AI request (iteration 1, msgs=528)
[08:13:17] INFO: AI response: 114087 prompt + 714 response tokens (total: 17598073 / 86573)
[08:13:17] INFO: AI request (iteration 2, msgs=530)
[08:13:22] INFO: AI response: 114999 prompt + 721 response tokens (total: 17713072 / 87294)
[08:13:22] INFO: AI request (iteration 3, msgs=532)
[08:13:26] INFO: AI response: 115762 prompt + 316 response tokens (total: 17828834 / 87610)
[08:13:26] INFO: AI request (iteration 4, msgs=534)
[08:13:30] INFO: AI response: 116338 prompt + 239 response tokens (total: 17945172 / 87849)
[08:13:30] INFO: AI request (iteration 5, msgs=536)
[08:13:36] INFO: AI response: 116595 prompt + 601 response tokens (total: 18061767 / 88450)
[08:13:36] You: 
[08:14:07] INFO: AI request (iteration 1, msgs=539)
[08:14:12] INFO: AI response: 116948 prompt + 431 response tokens (total: 18178715 / 88881)
[08:14:12] You: 
[08:14:48] INFO: AI request (iteration 1, msgs=556)
[08:14:50] INFO: AI response: 118052 prompt + 70 response tokens (total: 18296767 / 88951)
[08:14:50] INFO: AI request (iteration 2, msgs=558)
[08:14:53] INFO: AI response: 118149 prompt + 91 response tokens (total: 18414916 / 89042)
[08:14:53] INFO: AI request (iteration 3, msgs=560)
[08:14:55] INFO: AI response: 118275 prompt + 85 response tokens (total: 18533191 / 89127)
[08:14:55] INFO: AI request (iteration 4, msgs=562)
[08:14:58] INFO: AI response: 118394 prompt + 70 response tokens (total: 18651585 / 89197)
[08:14:58] INFO: AI request (iteration 5, msgs=564)
[08:15:00] INFO: AI response: 118496 prompt + 61 response tokens (total: 18770081 / 89258)
[08:15:00] INFO: AI request (iteration 6, msgs=566)
[08:15:04] INFO: AI response: 118589 prompt + 120 response tokens (total: 18888670 / 89378)
[08:15:04] You: 
[08:15:20] You: 
[08:15:23] INFO: AI request (iteration 1, msgs=569)
[08:15:25] INFO: AI response: 118745 prompt + 56 response tokens (total: 19007415 / 89434)
[08:15:25] INFO: AI request (iteration 2, msgs=573)
[08:15:27] INFO: AI response: 123615 prompt + 80 response tokens (total: 19131030 / 89514)
[08:15:27] INFO: AI request (iteration 3, msgs=575)
[08:15:31] INFO: AI response: 123950 prompt + 248 response tokens (total: 19254980 / 89762)
[08:15:31] INFO: AI request (iteration 4, msgs=577)
[08:15:34] INFO: AI response: 124091 prompt + 87 response tokens (total: 19379071 / 89849)
[08:15:34] INFO: AI request (iteration 5, msgs=579)
[08:15:40] INFO: AI response: 124916 prompt + 412 response tokens (total: 19503987 / 90261)
[08:15:40] INFO: AI request (iteration 6, msgs=581)
[08:15:42] INFO: AI response: 125715 prompt + 69 response tokens (total: 19629702 / 90330)
[08:15:42] INFO: AI request (iteration 7, msgs=583)
[08:15:54] INFO: AI response: 127068 prompt + 1398 response tokens (total: 19756770 / 91728)
[08:15:54] INFO: AI request (iteration 8, msgs=603)
[08:15:56] INFO: AI response: 128716 prompt + 78 response tokens (total: 19885486 / 91806)
[08:15:56] INFO: AI request (iteration 9, msgs=605)
[08:15:59] INFO: AI response: 128975 prompt + 88 response tokens (total: 20014461 / 91894)
[08:15:59] INFO: AI request (iteration 10, msgs=607)
[08:16:07] INFO: AI response: 129699 prompt + 722 response tokens (total: 20144160 / 92616)
[08:16:07] Auto-continue: AI round 1/50 — task 1/4: Inspect all files under webcms/admin-ui/src/admin (pages, co...
[08:16:07] INFO: AI request (iteration 1, msgs=610)
[08:16:12] INFO: AI response: 130474 prompt + 108 response tokens (total: 20274634 / 92724)
[08:16:12] INFO: AI request (iteration 2, msgs=612)
[08:16:15] INFO: AI response: 130663 prompt + 142 response tokens (total: 20405297 / 92866)
[08:16:15] INFO: AI request (iteration 3, msgs=614)
[08:16:18] INFO: AI response: 130967 prompt + 97 response tokens (total: 20536264 / 92963)
[08:16:18] INFO: AI request (iteration 4, msgs=616)
[08:16:22] INFO: AI response: 131691 prompt + 275 response tokens (total: 20667955 / 93238)
[08:16:22] INFO: AI request (iteration 5, msgs=619)
[08:16:28] INFO: AI response: 132411 prompt + 561 response tokens (total: 20800366 / 93799)
[08:16:28] INFO: AI request (iteration 6, msgs=621)
[08:16:30] INFO: AI response: 133014 prompt + 45 response tokens (total: 20933380 / 93844)
[08:16:30] INFO: AI request (iteration 7, msgs=623)
[08:16:34] INFO: AI response: 133079 prompt + 147 response tokens (total: 21066459 / 93991)
[08:16:34] INFO: AI request (iteration 8, msgs=625)
[08:16:36] INFO: AI response: 133315 prompt + 11 response tokens (total: 21199774 / 94002)
[08:16:36] INFO: AI request (iteration 9, msgs=628)
[08:16:38] INFO: AI response: 133462 prompt + 82 response tokens (total: 21333236 / 94084)
[08:16:38] INFO: AI request (iteration 10, msgs=630)
[08:16:40] INFO: AI response: 133882 prompt + 74 response tokens (total: 21467118 / 94158)
[08:16:40] Auto-continue: AI round 2/50 — task 2/4: Inspect webcms/admin/routes.py, webcms/admin/api.py, and web...
[08:16:40] INFO: AI request (iteration 1, msgs=633)
[08:16:43] INFO: AI response: 134359 prompt + 72 response tokens (total: 21601477 / 94230)
[08:16:43] INFO: AI request (iteration 2, msgs=635)
[08:16:45] INFO: AI response: 134697 prompt + 101 response tokens (total: 21736174 / 94331)
[08:16:45] INFO: AI request (iteration 3, msgs=637)
[08:16:47] INFO: AI response: 135650 prompt + 94 response tokens (total: 21871824 / 94425)
[08:16:47] INFO: AI request (iteration 4, msgs=639)
[08:16:49] INFO: AI response: 135777 prompt + 89 response tokens (total: 22007601 / 94514)
[08:16:49] ✓ ExecuteScript: Error: File /home/t3ch/adata2/OurAI/playground/collecting_program_data/KosCMS/inspect_admin_api.py not found in 
[08:16:49] INFO: AI request (iteration 5, msgs=641)
[08:16:53] INFO: AI response: 135887 prompt + 260 response tokens (total: 22143488 / 94774)
[08:16:53] INFO: AI request (iteration 6, msgs=643)
[08:16:55] INFO: AI response: 136190 prompt + 44 response tokens (total: 22279678 / 94818)
[08:16:55] INFO: AI request (iteration 7, msgs=645)
[08:16:59] INFO: AI response: 136326 prompt + 142 response tokens (total: 22416004 / 94960)
[08:16:59] INFO: AI request (iteration 8, msgs=647)
[08:17:02] INFO: AI response: 136473 prompt + 148 response tokens (total: 22552477 / 95108)
[08:17:02] INFO: AI request (iteration 9, msgs=649)
[08:17:04] INFO: AI response: 136638 prompt + 44 response tokens (total: 22689115 / 95152)
[08:17:04] INFO: AI request (iteration 10, msgs=651)
[08:17:09] INFO: AI response: 136941 prompt + 344 response tokens (total: 22826056 / 95496)
[08:17:09] Auto-continue: AI round 3/50 — task 2/4: Inspect webcms/admin/routes.py, webcms/admin/api.py, and web...
[08:17:09] INFO: AI request (iteration 1, msgs=654)
[08:17:11] INFO: AI response: 137652 prompt + 106 response tokens (total: 22963708 / 95602)
[08:17:11] INFO: AI request (iteration 2, msgs=656)
[08:17:13] INFO: AI response: 138060 prompt + 56 response tokens (total: 23101768 / 95658)
[08:17:13] INFO: AI request (iteration 3, msgs=658)
[08:17:17] INFO: AI response: 138843 prompt + 296 response tokens (total: 23240611 / 95954)
[08:17:18] INFO: AI request (iteration 4, msgs=660)
[08:17:23] INFO: AI response: 139399 prompt + 389 response tokens (total: 23380010 / 96343)
[08:17:23] INFO: AI request (iteration 5, msgs=662)
[08:17:25] INFO: AI response: 139763 prompt + 11 response tokens (total: 23519773 / 96354)
[08:17:25] INFO: AI request (iteration 6, msgs=665)
[08:17:27] INFO: AI response: 139880 prompt + 97 response tokens (total: 23659653 / 96451)
[08:17:27] INFO: AI request (iteration 7, msgs=667)
[08:17:29] INFO: AI response: 139997 prompt + 89 response tokens (total: 23799650 / 96540)
[08:17:29] INFO: AI request (iteration 8, msgs=669)
[08:17:34] INFO: AI response: 140093 prompt + 374 response tokens (total: 23939743 / 96914)
[08:17:34] INFO: AI request (iteration 9, msgs=671)
[08:17:37] INFO: AI response: 140509 prompt + 48 response tokens (total: 24080252 / 96962)
[08:17:38] INFO: AI request (iteration 10, msgs=673)
[08:17:42] INFO: AI response: 142727 prompt + 283 response tokens (total: 24222979 / 97245)
[08:17:42] Auto-continue: AI round 4/50 — task 3/4: Run the available test suites (pytest tests/, plus any stand...
[08:17:42] INFO: AI request (iteration 1, msgs=676)
[08:17:45] INFO: AI response: 143080 prompt + 93 response tokens (total: 24366059 / 97338)
[08:17:45] INFO: AI request (iteration 2, msgs=678)
[08:17:48] INFO: AI response: 143343 prompt + 104 response tokens (total: 24509402 / 97442)
[08:17:48] INFO: AI request (iteration 3, msgs=680)
[08:17:50] INFO: AI response: 143527 prompt + 60 response tokens (total: 24652929 / 97502)
[08:17:50] INFO: AI request (iteration 4, msgs=683)
[08:18:03] INFO: AI response: 143678 prompt + 1369 response tokens (total: 24796607 / 98871)
[08:18:03] INFO: AI request (iteration 5, msgs=686)
[08:18:05] INFO: AI response: 145191 prompt + 11 response tokens (total: 24941798 / 98882)
[08:18:05] INFO: AI request (iteration 6, msgs=688)
[08:18:07] INFO: AI response: 145220 prompt + 6 response tokens (total: 25087018 / 98888)
[08:18:07] You: 
[08:18:52] INFO: AI request (iteration 1, msgs=691)
[08:18:56] INFO: AI response: 145286 prompt + 322 response tokens (total: 25232304 / 99210)
[08:18:56] You: 
[08:22:06] You: 
[08:22:10] INFO: AI request (iteration 1, msgs=694)
[08:22:15] INFO: AI response: 145656 prompt + 476 response tokens (total: 25377960 / 99686)
[08:22:15] You: 
[08:23:10] INFO: AI request (iteration 1, msgs=711)
[08:23:16] INFO: AI response: 146824 prompt + 472 response tokens (total: 25524784 / 100158)
[08:23:16] INFO: AI request (iteration 2, msgs=713)
[08:23:19] INFO: AI response: 146970 prompt + 189 response tokens (total: 25671754 / 100347)
[08:23:19] INFO: AI request (iteration 3, msgs=715)
[08:23:22] INFO: AI response: 147098 prompt + 87 response tokens (total: 25818852 / 100434)
[08:23:22] INFO: AI request (iteration 4, msgs=717)
[08:23:25] INFO: AI response: 147218 prompt + 75 response tokens (total: 25966070 / 100509)
[08:23:25] INFO: AI request (iteration 5, msgs=719)
[08:23:30] INFO: AI response: 147324 prompt + 378 response tokens (total: 26113394 / 100887)
[08:23:30] INFO: AI request (iteration 6, msgs=721)
[08:23:34] INFO: AI response: 147440 prompt + 200 response tokens (total: 26260834 / 101087)
[08:23:34] You: 
[08:23:58] You: 
[08:24:12] INFO: AI request (iteration 1, msgs=724)
[08:24:15] INFO: AI response: 147678 prompt + 179 response tokens (total: 26408512 / 101266)
[08:24:15] INFO: AI request (iteration 2, msgs=726)
[08:24:18] INFO: AI response: 147764 prompt + 185 response tokens (total: 26556276 / 101451)
[08:24:18] INFO: AI request (iteration 3, msgs=728)
[08:24:21] INFO: AI response: 147898 prompt + 98 response tokens (total: 26704174 / 101549)
[08:24:21] INFO: AI request (iteration 4, msgs=730)
[08:24:32] INFO: AI response: 148026 prompt + 1216 response tokens (total: 26852200 / 102765)
[08:24:32] INFO: AI request (iteration 5, msgs=732)
[08:24:37] INFO: AI response: 148893 prompt + 515 response tokens (total: 27001093 / 103280)
[08:24:37] INFO: AI request (iteration 6, msgs=734)
[08:24:43] INFO: AI response: 149572 prompt + 456 response tokens (total: 27150665 / 103736)
[08:24:43] INFO: AI request (iteration 7, msgs=736)
[08:24:46] INFO: AI response: 150602 prompt + 195 response tokens (total: 27301267 / 103931)
[08:24:46] INFO: AI request (iteration 8, msgs=738)
[08:24:48] INFO: AI response: 150728 prompt + 68 response tokens (total: 27451995 / 103999)
[08:24:48] INFO: AI request (iteration 9, msgs=740)
[08:24:50] INFO: AI response: 150825 prompt + 78 response tokens (total: 27602820 / 104077)
[08:24:50] INFO: AI request (iteration 10, msgs=742)
[08:24:54] INFO: AI response: 150967 prompt + 223 response tokens (total: 27753787 / 104300)
[08:24:54] Auto-continue: AI round 1/50 — task 1/4: Check on the deployed server that webcms/admin/routes.py con...
[08:24:54] INFO: AI request (iteration 1, msgs=745)
[08:24:57] INFO: AI response: 151436 prompt + 166 response tokens (total: 27905223 / 104466)
[08:24:57] INFO: AI request (iteration 2, msgs=747)
[08:25:00] INFO: AI response: 152719 prompt + 211 response tokens (total: 28057942 / 104677)
[08:25:00] INFO: AI request (iteration 3, msgs=749)
[08:25:02] INFO: AI response: 153694 prompt + 72 response tokens (total: 28211636 / 104749)
[08:25:02] ✓ ExecuteScript: Error: File /home/t3ch/adata2/OurAI/playground/collecting_program_data/KosCMS/inspect_middleware.py not found in 
[08:25:02] INFO: AI request (iteration 4, msgs=751)
[08:25:05] INFO: AI response: 153810 prompt + 110 response tokens (total: 28365446 / 104859)
[08:25:05] INFO: AI request (iteration 5, msgs=754)
[08:25:07] INFO: AI response: 154021 prompt + 44 response tokens (total: 28519467 / 104903)
[08:25:07] INFO: AI request (iteration 6, msgs=756)
[08:25:12] INFO: AI response: 154831 prompt + 592 response tokens (total: 28674298 / 105495)
[08:25:12] INFO: AI request (iteration 7, msgs=758)
[08:25:16] INFO: AI response: 155536 prompt + 205 response tokens (total: 28829834 / 105700)
[08:25:16] INFO: AI request (iteration 8, msgs=760)
[08:25:18] INFO: AI response: 156046 prompt + 53 response tokens (total: 28985880 / 105753)
[08:25:18] INFO: AI request (iteration 9, msgs=762)
[08:25:21] INFO: AI response: 156602 prompt + 183 response tokens (total: 29142482 / 105936)
[08:25:21] INFO: AI request (iteration 10, msgs=764)
[08:25:23] INFO: AI response: 156852 prompt + 11 response tokens (total: 29299334 / 105947)
[08:25:23] Auto-continue: AI round 2/50 — task 2/4: Inspect webcms/security/middleware.py and the deployed confi...
[08:25:23] INFO: AI request (iteration 1, msgs=768)
[08:25:27] INFO: AI response: 157074 prompt + 198 response tokens (total: 29456408 / 106145)
[08:25:27] INFO: AI request (iteration 2, msgs=770)
[08:25:29] INFO: AI response: 158037 prompt + 68 response tokens (total: 29614445 / 106213)
[08:25:29] ✓ ExecuteScript: Error: File /home/t3ch/adata2/OurAI/playground/collecting_program_data/KosCMS/inspect_middleware2.py not found in 
[08:25:29] INFO: AI request (iteration 3, msgs=772)
[08:25:32] INFO: AI response: 158150 prompt + 103 response tokens (total: 29772595 / 106316)
[08:25:32] INFO: AI request (iteration 4, msgs=774)
[08:25:34] INFO: AI response: 158297 prompt + 45 response tokens (total: 29930892 / 106361)
[08:25:34] INFO: AI request (iteration 5, msgs=776)
[08:25:39] INFO: AI response: 158560 prompt + 382 response tokens (total: 30089452 / 106743)
[08:25:39] INFO: AI request (iteration 6, msgs=778)
[08:25:42] INFO: AI response: 159006 prompt + 99 response tokens (total: 30248458 / 106842)
[08:25:42] INFO: AI request (iteration 7, msgs=780)
[08:25:45] INFO: AI response: 159624 prompt + 127 response tokens (total: 30408082 / 106969)
[08:25:45] INFO: AI request (iteration 8, msgs=782)
[08:26:01] INFO: AI response: 159770 prompt + 2309 response tokens (total: 30567852 / 109278)
[08:26:01] INFO: AI request (iteration 9, msgs=784)
[08:26:03] INFO: AI response: 162101 prompt + 121 response tokens (total: 30729953 / 109399)
[08:26:03] INFO: AI request (iteration 10, msgs=786)
[08:26:05] INFO: AI response: 162281 prompt + 11 response tokens (total: 30892234 / 109410)
[08:26:05] Auto-continue: AI round 3/50 — task 3/4: Apply the correct fix so /admin/assets/admin.js and /favicon...
[08:26:05] INFO: AI request (iteration 1, msgs=790)
[08:26:08] INFO: AI response: 162473 prompt + 155 response tokens (total: 31054707 / 109565)
[08:26:08] INFO: AI request (iteration 2, msgs=792)
[08:26:12] INFO: AI response: 162966 prompt + 282 response tokens (total: 31217673 / 109847)
[08:26:12] INFO: AI request (iteration 3, msgs=794)
[08:26:19] INFO: AI response: 163080 prompt + 739 response tokens (total: 31380753 / 110586)
[08:26:19] ✓ ReplaceLine: Error: toLine 75 exceeds file length (63 lines).
[08:26:19] INFO: AI request (iteration 4, msgs=796)
[08:26:22] INFO: AI response: 163765 prompt + 97 response tokens (total: 31544518 / 110683)
[08:26:22] INFO: AI request (iteration 5, msgs=798)
[08:26:29] INFO: AI response: 164404 prompt + 694 response tokens (total: 31708922 / 111377)
[08:26:29] INFO: AI request (iteration 6, msgs=800)
[08:26:32] INFO: AI response: 164509 prompt + 86 response tokens (total: 31873431 / 111463)
[08:26:32] INFO: AI request (iteration 7, msgs=802)
[08:26:40] INFO: AI response: 165087 prompt + 1001 response tokens (total: 32038518 / 112464)
[08:26:40] INFO: AI request (iteration 8, msgs=804)
[08:26:43] INFO: AI response: 166108 prompt + 140 response tokens (total: 32204626 / 112604)
[08:26:43] INFO: AI request (iteration 9, msgs=806)
[08:26:52] INFO: AI response: 166216 prompt + 841 response tokens (total: 32370842 / 113445)
[08:26:52] INFO: AI request (iteration 10, msgs=808)
[08:26:56] INFO: AI response: 166941 prompt + 137 response tokens (total: 32537783 / 113582)
[08:26:56] Auto-continue: AI round 4/50 — task 3/4: Apply the correct fix so /admin/assets/admin.js and /favicon...
[08:26:56] INFO: AI request (iteration 1, msgs=811)
[08:27:00] INFO: AI response: 167239 prompt + 282 response tokens (total: 32705022 / 113864)
[08:27:00] INFO: AI request (iteration 2, msgs=813)
[08:27:03] INFO: AI response: 167575 prompt + 83 response tokens (total: 32872597 / 113947)
[08:27:03] INFO: AI request (iteration 3, msgs=815)
[08:27:06] INFO: AI response: 168225 prompt + 102 response tokens (total: 33040822 / 114049)
[08:27:06] INFO: AI request (iteration 4, msgs=817)
[08:27:11] INFO: AI response: 168428 prompt + 398 response tokens (total: 33209250 / 114447)
[08:27:11] ✓ ExecuteScript: Error: File /home/t3ch/adata2/OurAI/playground/collecting_program_data/KosCMS/debug_headers.py not found in 
[08:27:11] INFO: AI request (iteration 5, msgs=819)
[08:27:15] INFO: AI response: 168532 prompt + 199 response tokens (total: 33377782 / 114646)
[08:27:15] INFO: AI request (iteration 6, msgs=821)
[08:27:17] INFO: AI response: 168772 prompt + 42 response tokens (total: 33546554 / 114688)
[08:27:17] INFO: AI request (iteration 7, msgs=823)
[08:27:22] INFO: AI response: 169046 prompt + 303 response tokens (total: 33715600 / 114991)
[08:27:22] INFO: AI request (iteration 8, msgs=825)
[08:27:24] INFO: AI response: 169214 prompt + 43 response tokens (total: 33884814 / 115034)
[08:27:24] INFO: AI request (iteration 9, msgs=827)
[08:27:40] INFO: AI response: 169777 prompt + 2320 response tokens (total: 34054591 / 117354)
[08:27:40] INFO: AI request (iteration 10, msgs=829)
[08:27:43] INFO: AI response: 172112 prompt + 75 response tokens (total: 34226703 / 117429)
[08:27:43] Auto-continue: AI round 5/50 — task 3/4: Apply the correct fix so /admin/assets/admin.js and /favicon...
[08:27:43] INFO: AI request (iteration 1, msgs=833)
[08:27:46] INFO: AI response: 172364 prompt + 237 response tokens (total: 34399067 / 117666)
[08:27:46] INFO: AI request (iteration 2, msgs=835)
[08:27:48] INFO: AI response: 172692 prompt + 11 response tokens (total: 34571759 / 117677)
[08:27:48] INFO: AI request (iteration 3, msgs=838)
[08:27:59] INFO: AI response: 172841 prompt + 1242 response tokens (total: 34744600 / 118919)
[08:27:59] INFO: AI request (iteration 4, msgs=841)
[08:28:01] INFO: AI response: 173947 prompt + 11 response tokens (total: 34918547 / 118930)
[08:28:01] INFO: AI request (iteration 5, msgs=843)
[08:28:03] INFO: AI response: 173976 prompt + 6 response tokens (total: 35092523 / 118936)
[08:28:03] You: 
[20:32:40] INFO: Session started, sess_id=327, mode=build, model=kimi-k2.7-code:cloud
[20:32:40] You: 
[20:32:43] You: 
[20:32:52] You: 
[20:32:57] You: 
[20:33:03] [Context: 206549/262144 (78.8%)]
[20:33:03] [iter 1] [Context: 206549/262144 (78.8%)]
[20:33:03] INFO: AI request (iteration 1, msgs=847)
[20:33:17] <WriteFile
[Aborted: 'WriteFile' cannot be used in PLAN mode]
[20:33:17] Stream aborted: 'WriteFile' cannot be used in PLAN mode
[20:33:17] INFO: AI response: 0 prompt + 0 response tokens (total: 35092523 / 118936)
[20:33:17] [after +0] [Context: 207056/262144 (79.0%)]
[20:33:17] Model tried to use 'WriteFile' in PLAN mode.
[20:33:17]   1. Switch to BUILD mode (allow the tool)
[20:33:17]   2. Stay in PLAN mode (block the tool, continue planning)
[20:33:17]   3. Cancel AI (return to user prompt)
[20:33:17]   4. Continue (dismiss, let the model proceed)
[20:33:17] Choice (1-4): 
[20:33:30] You: 
[20:35:55] [Context: 207666/262144 (79.2%)]
[20:35:55] [iter 1] [Context: 207666/262144 (79.2%)]
[20:35:55] INFO: AI request (iteration 1, msgs=850)
[20:36:00] INFO: AI response: 175817 prompt + 339 response tokens (total: 35268340 / 119275)
[20:36:00] [after +339] [Context: 207797/262144 (79.3%)]
[20:36:00] [iter 2] [Context: 207797/262144 (79.3%)]
[20:36:00] INFO: AI request (iteration 2, msgs=852)
[20:36:03] INFO: AI response: 175946 prompt + 100 response tokens (total: 35444286 / 119375)
[20:36:03] [after +100] [Context: 207911/262144 (79.3%)]
[20:36:03] [iter 3] [Context: 207911/262144 (79.3%)]
[20:36:03] INFO: AI request (iteration 3, msgs=854)
[20:36:06] INFO: AI response: 176049 prompt + 93 response tokens (total: 35620335 / 119468)
[20:36:06] [after +93] [Context: 208046/262144 (79.4%)]
[20:36:06] [iter 4] [Context: 208046/262144 (79.4%)]
[20:36:06] INFO: AI request (iteration 4, msgs=856)
[20:36:10] INFO: AI response: 176177 prompt + 108 response tokens (total: 35796512 / 119576)
[20:36:10] [after +108] [Context: 208151/262144 (79.4%)]
[20:36:10] [iter 5] [Context: 208151/262144 (79.4%)]
[20:36:10] INFO: AI request (iteration 5, msgs=858)
[20:36:13] INFO: AI response: 176274 prompt + 73 response tokens (total: 35972786 / 119649)
[20:36:13] [after +73] [Context: 208250/262144 (79.4%)]
[20:36:13] [iter 6] [Context: 208250/262144 (79.4%)]
[20:36:13] INFO: AI request (iteration 6, msgs=860)
[20:36:17] INFO: AI response: 176385 prompt + 166 response tokens (total: 36149171 / 119815)
[20:36:17] [after +166] [Context: 208419/262144 (79.5%)]
[20:36:17] You: 
[20:36:42] You: 
[20:36:47] [Context: 208592/262144 (79.6%)]
[20:36:47] [iter 1] [Context: 208592/262144 (79.6%)]
[20:36:47] INFO: AI request (iteration 1, msgs=863)
[20:36:49] INFO: AI response: 176596 prompt + 37 response tokens (total: 36325767 / 119852)
[20:36:49] [after +37] [Context: 213306/262144 (81.4%)]
[20:36:57] [iter 2] [Context: 39390/262144 (15.0%)]
[20:36:57] INFO: AI request (iteration 2, msgs=54)
[20:36:59] INFO: AI response: 5831 prompt + 51 response tokens (total: 36331598 / 119903)
[20:36:59] [after +51] [Context: 39566/262144 (15.1%)]
[20:36:59] [iter 3] [Context: 39566/262144 (15.1%)]
[20:36:59] INFO: AI request (iteration 3, msgs=57)
[20:37:00] INFO: AI response: 6023 prompt + 24 response tokens (total: 36337621 / 119927)
[20:37:00] [after +24] [Context: 43967/262144 (16.8%)]
[20:37:00] [iter 4] [Context: 43967/262144 (16.8%)]
[20:37:00] INFO: AI request (iteration 4, msgs=59)
[20:37:01] INFO: AI response: 9593 prompt + 25 response tokens (total: 36347214 / 119952)
[20:37:01] [after +25] [Context: 44728/262144 (17.1%)]
[20:37:01] [iter 5] [Context: 44728/262144 (17.1%)]
[20:37:01] INFO: AI request (iteration 5, msgs=61)
[20:37:03] INFO: AI response: 10536 prompt + 29 response tokens (total: 36357750 / 119981)
[20:37:03] [after +29] [Context: 45968/262144 (17.5%)]
[20:37:03] [iter 6] [Context: 45968/262144 (17.5%)]
[20:37:03] INFO: AI request (iteration 6, msgs=63)
[20:37:04] INFO: AI response: 11769 prompt + 29 response tokens (total: 36369519 / 120010)
[20:37:04] [after +29] [Context: 46174/262144 (17.6%)]
[20:37:04] [iter 7] [Context: 46174/262144 (17.6%)]
[20:37:04] INFO: AI request (iteration 7, msgs=65)
[20:37:06] INFO: AI response: 11990 prompt + 29 response tokens (total: 36381509 / 120039)
[20:37:06] [after +29] [Context: 47172/262144 (18.0%)]
[20:37:06] [iter 8] [Context: 47172/262144 (18.0%)]
[20:37:06] INFO: AI request (iteration 8, msgs=67)
[20:37:10] INFO: AI response: 12998 prompt + 78 response tokens (total: 36394507 / 120117)
[20:37:10] [after +78] [Context: 48756/262144 (18.6%)]
[20:37:10] [iter 9] [Context: 48756/262144 (18.6%)]
[20:37:10] INFO: AI request (iteration 9, msgs=71)
[20:37:11] INFO: AI response: 14636 prompt + 29 response tokens (total: 36409143 / 120146)
[20:37:11] [after +29] [Context: 49407/262144 (18.8%)]
[20:37:11] [iter 10] [Context: 49407/262144 (18.8%)]
[20:37:11] INFO: AI request (iteration 10, msgs=73)
[20:37:13] INFO: AI response: 15288 prompt + 103 response tokens (total: 36424431 / 120249)
[20:37:13] [after +103] [Context: 51960/262144 (19.8%)]
[20:37:13] Auto-continue: AI round 1/50 — task 1/4: Inspect webcms/admin/api.py and webcms/admin-ui/src/admin/pa...
[20:37:13] [Context: 52016/262144 (19.8%)]
[20:37:13] [iter 1] [Context: 52016/262144 (19.8%)]
[20:37:13] INFO: AI request (iteration 1, msgs=79)
[20:37:15] INFO: AI response: 17934 prompt + 50 response tokens (total: 36442365 / 120299)
[20:37:15] [after +50] [Context: 52688/262144 (20.1%)]
[20:37:15] [iter 2] [Context: 52688/262144 (20.1%)]
[20:37:15] INFO: AI request (iteration 2, msgs=81)
[20:37:16] INFO: AI response: 18646 prompt + 30 response tokens (total: 36461011 / 120329)
[20:37:16] [after +30] [Context: 53616/262144 (20.5%)]
[20:37:16] [iter 3] [Context: 53616/262144 (20.5%)]
[20:37:16] INFO: AI request (iteration 3, msgs=83)
[20:37:18] INFO: AI response: 19560 prompt + 30 response tokens (total: 36480571 / 120359)
[20:37:18] [after +30] [Context: 54495/262144 (20.8%)]
[20:37:18] [iter 4] [Context: 54495/262144 (20.8%)]
[20:37:18] INFO: AI request (iteration 4, msgs=85)
[20:37:19] INFO: AI response: 20480 prompt + 30 response tokens (total: 36501051 / 120389)
[20:37:19] [after +30] [Context: 55122/262144 (21.0%)]
[20:37:19] [iter 5] [Context: 55183/262144 (21.1%)]
[20:37:19] INFO: AI request (iteration 5, msgs=88)
[20:37:21] INFO: AI response: 21185 prompt + 30 response tokens (total: 36522236 / 120419)
[20:37:21] [after +30] [Context: 56270/262144 (21.5%)]
[20:37:21] [iter 6] [Context: 56270/262144 (21.5%)]
[20:37:21] INFO: AI request (iteration 6, msgs=90)
[20:37:30] INFO: AI response: 22273 prompt + 1262 response tokens (total: 36544509 / 121681)
[20:37:30] [after +1262] [Context: 57325/262144 (21.9%)]
[20:37:30] [iter 7] [Context: 57325/262144 (21.9%)]
[20:37:30] INFO: AI request (iteration 7, msgs=92)
[20:37:31] INFO: AI response: 23559 prompt + 11 response tokens (total: 36568068 / 121692)
[20:37:31] [after +11] [Context: 57507/262144 (21.9%)]
[20:37:31] [iter 8] [Context: 57507/262144 (21.9%)]
[20:37:31] INFO: AI request (iteration 8, msgs=95)
[20:37:33] INFO: AI response: 23719 prompt + 115 response tokens (total: 36591787 / 121807)
[20:37:33] [after +115] [Context: 57569/262144 (22.0%)]
[20:37:33] [iter 9] [Context: 57569/262144 (22.0%)]
[20:37:33] INFO: AI request (iteration 9, msgs=97)
[20:37:35] INFO: AI response: 23783 prompt + 169 response tokens (total: 36615570 / 121976)
[20:37:35] [after +169] [Context: 58340/262144 (22.3%)]
[20:37:35] [iter 10] [Context: 58340/262144 (22.3%)]
[20:37:35] INFO: AI request (iteration 10, msgs=99)
[20:37:37] INFO: AI response: 24773 prompt + 25 response tokens (total: 36640343 / 122001)
[20:37:37] [after +25] [Context: 61047/262144 (23.3%)]
[20:37:37] Auto-continue: AI round 2/50 — task 2/4: Add route handlers in webcms/admin/api.py (or a new module) ...
[20:37:37] [Context: 61132/262144 (23.3%)]
[20:37:37] [iter 1] [Context: 61132/262144 (23.3%)]
[20:37:37] INFO: AI request (iteration 1, msgs=102)
[20:37:39] INFO: AI response: 27340 prompt + 143 response tokens (total: 36667683 / 122144)
[20:37:39] [after +143] [Context: 62303/262144 (23.8%)]
[20:37:39] [iter 2] [Context: 62303/262144 (23.8%)]
[20:37:39] INFO: AI request (iteration 2, msgs=104)
[20:37:41] INFO: AI response: 28393 prompt + 24 response tokens (total: 36696076 / 122168)
[20:37:41] [after +24] [Context: 63536/262144 (24.2%)]
[20:37:41] [iter 3] [Context: 63536/262144 (24.2%)]
[20:37:41] INFO: AI request (iteration 3, msgs=106)
[20:37:43] INFO: AI response: 29498 prompt + 24 response tokens (total: 36725574 / 122192)
[20:37:43] [after +24] [Context: 64027/262144 (24.4%)]
[20:37:43] [iter 4] [Context: 64027/262144 (24.4%)]
[20:37:43] INFO: AI request (iteration 4, msgs=108)
[20:37:44] INFO: AI response: 29947 prompt + 24 response tokens (total: 36755521 / 122216)
[20:37:44] [after +24] [Context: 66561/262144 (25.4%)]
[20:37:44] [iter 5] [Context: 66561/262144 (25.4%)]
[20:37:44] INFO: AI request (iteration 5, msgs=110)
[20:37:47] INFO: AI response: 32355 prompt + 225 response tokens (total: 36787876 / 122441)
[20:37:47] [after +225] [Context: 67634/262144 (25.8%)]
[20:37:47] [iter 6] [Context: 67634/262144 (25.8%)]
[20:37:47] INFO: AI request (iteration 6, msgs=112)
[20:38:32] INFO: AI response: 33354 prompt + 8380 response tokens (total: 36821230 / 130821)
[20:38:32] [after +8380] [Context: 77546/262144 (29.6%)]
[20:38:32] [iter 7] [Context: 77546/262144 (29.6%)]
[20:38:32] INFO: AI request (iteration 7, msgs=114)
[20:38:34] INFO: AI response: 41759 prompt + 71 response tokens (total: 36862989 / 130892)
[20:38:34] [after +71] [Context: 81993/262144 (31.3%)]
[20:38:34] [iter 8] [Context: 81993/262144 (31.3%)]
[20:38:34] INFO: AI request (iteration 8, msgs=116)
[20:38:36] INFO: AI response: 45375 prompt + 147 response tokens (total: 36908364 / 131039)
[20:38:36] [after +147] [Context: 82161/262144 (31.3%)]
[20:38:36] [iter 9] [Context: 82161/262144 (31.3%)]
[20:38:36] INFO: AI request (iteration 9, msgs=118)
[20:39:02] INFO: AI response: 45541 prompt + 3852 response tokens (total: 36953905 / 134891)
[20:39:02] [after +3852] [Context: 86649/262144 (33.1%)]
[20:39:02] [iter 10] [Context: 86649/262144 (33.1%)]
[20:39:02] INFO: AI request (iteration 10, msgs=120)
[20:39:04] INFO: AI response: 49197 prompt + 122 response tokens (total: 37003102 / 135013)
[20:39:04] [after +122] [Context: 87304/262144 (33.3%)]
[20:39:04] Auto-continue: AI round 3/50 — task 2/4: Add route handlers in webcms/admin/api.py (or a new module) ...
[20:39:04] [Context: 87389/262144 (33.3%)]
[20:39:04] [iter 1] [Context: 87389/262144 (33.3%)]
[20:39:04] INFO: AI request (iteration 1, msgs=123)
[20:39:08] INFO: AI response: 49870 prompt + 133 response tokens (total: 37052972 / 135146)
[20:39:08] [after +133] [Context: 88060/262144 (33.6%)]
[20:39:08] [iter 2] [Context: 88060/262144 (33.6%)]
[20:39:08] INFO: AI request (iteration 2, msgs=125)
[20:39:10] INFO: AI response: 50457 prompt + 90 response tokens (total: 37103429 / 135236)
[20:39:10] [after +90] [Context: 89755/262144 (34.2%)]
[20:39:10] [iter 3] [Context: 89755/262144 (34.2%)]
[20:39:10] INFO: AI request (iteration 3, msgs=127)
[20:39:13] INFO: AI response: 51948 prompt + 237 response tokens (total: 37155377 / 135473)
[20:39:13] [after +237] [Context: 92253/262144 (35.2%)]
[20:39:13] [iter 4] [Context: 92253/262144 (35.2%)]
[20:39:13] INFO: AI request (iteration 4, msgs=129)
[20:39:19] INFO: AI response: 54033 prompt + 883 response tokens (total: 37209410 / 136356)
[20:39:19] [after +883] [Context: 95091/262144 (36.3%)]
[20:39:19] [iter 5] [Context: 95091/262144 (36.3%)]
[20:39:19] INFO: AI request (iteration 5, msgs=131)
[20:39:21] INFO: AI response: 56389 prompt + 97 response tokens (total: 37265799 / 136453)
[20:39:21] [after +97] [Context: 95169/262144 (36.3%)]
[20:39:21] [iter 6] [Context: 95169/262144 (36.3%)]
[20:39:21] INFO: AI request (iteration 6, msgs=133)
[20:39:23] INFO: AI response: 56459 prompt + 59 response tokens (total: 37322258 / 136512)
[20:39:23] [after +59] [Context: 95738/262144 (36.5%)]
[20:39:23] [iter 7] [Context: 95738/262144 (36.5%)]
[20:39:23] INFO: AI request (iteration 7, msgs=135)
[20:39:26] INFO: AI response: 56942 prompt + 159 response tokens (total: 37379200 / 136671)
[20:39:26] [after +159] [Context: 97068/262144 (37.0%)]
[20:39:26] [iter 8] [Context: 97129/262144 (37.1%)]
[20:39:26] INFO: AI request (iteration 8, msgs=138)
[20:39:29] INFO: AI response: 58147 prompt + 23 response tokens (total: 37437347 / 136694)
[20:39:29] [after +23] [Context: 97214/262144 (37.1%)]
[20:39:29] [iter 9] [Context: 97214/262144 (37.1%)]
[20:39:29] INFO: AI request (iteration 9, msgs=141)
[20:39:31] INFO: AI response: 58234 prompt + 151 response tokens (total: 37495581 / 136845)
[20:39:31] [after +151] [Context: 98007/262144 (37.4%)]
[20:39:31] [iter 10] [Context: 98007/262144 (37.4%)]
[20:39:31] INFO: AI request (iteration 10, msgs=143)
[20:39:34] INFO: AI response: 58915 prompt + 132 response tokens (total: 37554496 / 136977)
[20:39:34] [after +132] [Context: 98102/262144 (37.4%)]
[20:39:34] Auto-continue: AI round 4/50 — task 2/4: Add route handlers in webcms/admin/api.py (or a new module) ...
[20:39:34] [Context: 98187/262144 (37.5%)]
[20:39:34] [iter 1] [Context: 98187/262144 (37.5%)]
[20:39:34] INFO: AI request (iteration 1, msgs=146)
[20:39:35] INFO: AI response: 59087 prompt + 76 response tokens (total: 37613583 / 137053)
[20:39:35] [after +76] [Context: 98294/262144 (37.5%)]
[20:39:35] [iter 2] [Context: 98294/262144 (37.5%)]
[20:39:35] INFO: AI request (iteration 2, msgs=148)
[20:39:37] INFO: AI response: 59204 prompt + 55 response tokens (total: 37672787 / 137108)
[20:39:37] [after +55] [Context: 98350/262144 (37.5%)]
[20:39:37] [iter 3] [Context: 98350/262144 (37.5%)]
[20:39:37] INFO: AI request (iteration 3, msgs=150)
[20:39:39] INFO: AI response: 59269 prompt + 54 response tokens (total: 37732056 / 137162)
[20:39:39] [after +54] [Context: 99168/262144 (37.8%)]
[20:39:39] [iter 4] [Context: 99168/262144 (37.8%)]
[20:39:39] INFO: AI request (iteration 4, msgs=152)
[20:39:41] INFO: AI response: 59984 prompt + 61 response tokens (total: 37792040 / 137223)
[20:39:41] [after +61] [Context: 101901/262144 (38.9%)]
[20:39:41] [iter 5] [Context: 101901/262144 (38.9%)]
[20:39:41] INFO: AI request (iteration 5, msgs=154)
[20:39:45] INFO: AI response: 62467 prompt + 89 response tokens (total: 37854507 / 137312)
[20:39:45] [after +89] [Context: 102014/262144 (38.9%)]
[20:39:45] [iter 6] [Context: 102014/262144 (38.9%)]
[20:39:45] INFO: AI request (iteration 6, msgs=156)
[20:39:50] INFO: AI response: 62583 prompt + 728 response tokens (total: 37917090 / 138040)
[20:39:50] [after +728] [Context: 104344/262144 (39.8%)]
[20:39:50] [iter 7] [Context: 104344/262144 (39.8%)]
[20:39:50] INFO: AI request (iteration 7, msgs=158)
[20:39:55] ReplaceLine>⚠ Model repeated itself — auto-cancelled
[20:39:55] [after +728] [Context: 104344/262144 (39.8%)]
[20:39:55] Auto-continue: task 2/4 — Add route handlers in webcms/admin/api.py (or a new module) ...
[20:39:55] [iter 8] [Context: 104429/262144 (39.8%)]
[20:39:55] INFO: AI request (iteration 8, msgs=159)
[20:40:00] ReplaceLine>⚠ Model repeated itself — auto-cancelled
[20:40:00] [after +728] [Context: 104429/262144 (39.8%)]
[20:40:00] Auto-continue: AI round 5/50 — task 2/4: Add route handlers in webcms/admin/api.py (or a new module) ...
[20:40:00] [Context: 104514/262144 (39.9%)]
[20:40:00] [iter 1] [Context: 104514/262144 (39.9%)]
[20:40:00] INFO: AI request (iteration 1, msgs=160)
[20:40:05] ReplaceLine>⚠ Model repeated itself — auto-cancelled
[20:40:05] [after +728] [Context: 104514/262144 (39.9%)]
[20:40:05] Auto-continue: AI round 6/50 — task 2/4: Add route handlers in webcms/admin/api.py (or a new module) ...
[20:40:05] [Context: 104599/262144 (39.9%)]
[20:40:05] [iter 1] [Context: 104599/262144 (39.9%)]
[20:40:05] INFO: AI request (iteration 1, msgs=161)
[20:40:11] ReplaceLine>⚠ Model repeated itself — auto-cancelled
[20:40:11] [after +728] [Context: 104599/262144 (39.9%)]
[20:40:11] Auto-continue: AI round 7/50 — task 2/4: Add route handlers in webcms/admin/api.py (or a new module) ...
[20:40:11] [Context: 104684/262144 (39.9%)]
[20:40:11] [iter 1] [Context: 104684/262144 (39.9%)]
[20:40:11] INFO: AI request (iteration 1, msgs=162)
[20:40:17] ReplaceLine>⚠ Model repeated itself — auto-cancelled
[20:40:17] [after +728] [Context: 104684/262144 (39.9%)]
[20:40:17] Auto-continue: AI round 8/50 — task 2/4: Add route handlers in webcms/admin/api.py (or a new module) ...
[20:40:17] [Context: 104769/262144 (40.0%)]
[20:40:17] [iter 1] [Context: 104769/262144 (40.0%)]
[20:40:17] INFO: AI request (iteration 1, msgs=163)
[20:40:22] ReplaceLine>⚠ Model repeated itself — auto-cancelled
[20:40:22] [after +728] [Context: 104769/262144 (40.0%)]
[20:40:22] Auto-continue: AI round 9/50 — task 2/4: Add route handlers in webcms/admin/api.py (or a new module) ...
[20:40:22] [Context: 104854/262144 (40.0%)]
[20:40:22] [iter 1] [Context: 104854/262144 (40.0%)]
[20:40:22] INFO: AI request (iteration 1, msgs=164)
[20:40:28] ReplaceLine>⚠ Model repeated itself — auto-cancelled
[20:40:28] [after +728] [Context: 104854/262144 (40.0%)]
[20:40:28] Auto-continue: AI round 10/50 — task 2/4: Add route handlers in webcms/admin/api.py (or a new module) ...
[20:40:28] [Context: 104939/262144 (40.0%)]
[20:40:28] [iter 1] [Context: 104939/262144 (40.0%)]
[20:40:28] INFO: AI request (iteration 1, msgs=165)
[20:40:33] ReplaceLine>⚠ Model repeated itself — auto-cancelled
[20:40:33] [after +728] [Context: 104939/262144 (40.0%)]
[20:40:33] Auto-continue: AI round 11/50 — task 2/4: Add route handlers in webcms/admin/api.py (or a new module) ...
[20:40:33] [Context: 105024/262144 (40.1%)]
[20:40:33] [iter 1] [Context: 105024/262144 (40.1%)]
[20:40:33] INFO: AI request (iteration 1, msgs=166)
[20:40:39] INFO: AI response: 65112 prompt + 821 response tokens (total: 37982202 / 138861)
[20:40:39] [after +821] [Context: 105115/262144 (40.1%)]
[20:40:39] [iter 2] [Context: 105115/262144 (40.1%)]
[20:40:39] INFO: AI request (iteration 2, msgs=168)
[20:40:41] INFO: AI response: 65201 prompt + 108 response tokens (total: 38047403 / 138969)
[20:40:41] ✓ ExecuteScript: Error: File check_admin_api.py not found in 
[20:40:41] [after +108] [Context: 105189/262144 (40.1%)]
[20:40:41] [iter 3] [Context: 105189/262144 (40.1%)]
[20:40:41] INFO: AI request (iteration 3, msgs=170)
[20:40:45] INFO: AI response: 65272 prompt + 190 response tokens (total: 38112675 / 139159)
[20:40:45] [after +190] [Context: 105407/262144 (40.2%)]
[20:40:45] [iter 4] [Context: 105407/262144 (40.2%)]
[20:40:45] INFO: AI request (iteration 4, msgs=173)
[20:40:48] INFO: AI response: 65503 prompt + 241 response tokens (total: 38178178 / 139400)
[20:40:48] [after +241] [Context: 105609/262144 (40.3%)]
[20:40:48] [iter 5] [Context: 105609/262144 (40.3%)]
[20:40:48] INFO: AI request (iteration 5, msgs=175)
[20:40:50] INFO: AI response: 65715 prompt + 24 response tokens (total: 38243893 / 139424)
[20:40:50] [after +24] [Context: 105657/262144 (40.3%)]
[20:40:50] [iter 6] [Context: 105657/262144 (40.3%)]
[20:40:50] INFO: AI request (iteration 6, msgs=177)
[20:40:52] INFO: AI response: 65764 prompt + 107 response tokens (total: 38309657 / 139531)
[20:40:52] ✓ Terminal: Error: Arguments embedded in <arg1> — each argument needs its own <argN> tag.
Use separate tags:
  <arg1>python3</arg1>
  <arg2>-m</arg2>
  <arg3>py_compile</arg3>
  <arg4>webcms/admin/admin_api.py</arg4>
  <arg5>webcms/admin/api.py</arg5>
Instead of:
  <arg1>python3 -m py_compile webcms/admin/admin_api.py webcms/admin/api.py</arg1>
'python3' is allowed but arguments must be in their own tags.
[20:40:52] [after +107] [Context: 105823/262144 (40.4%)]
[20:40:52] [iter 7] [Context: 105823/262144 (40.4%)]
[20:40:52] INFO: AI request (iteration 7, msgs=179)
[20:40:54] INFO: AI response: 65962 prompt + 70 response tokens (total: 38375619 / 139601)
[20:40:54] [after +70] [Context: 105901/262144 (40.4%)]
[20:40:54] [iter 8] [Context: 105901/262144 (40.4%)]
[20:40:54] INFO: AI request (iteration 8, msgs=181)
[20:40:57] INFO: AI response: 66072 prompt + 205 response tokens (total: 38441691 / 139806)
[20:40:57] [after +205] [Context: 106080/262144 (40.5%)]
[20:40:57] [iter 9] [Context: 106080/262144 (40.5%)]
[20:40:57] INFO: AI request (iteration 9, msgs=183)
[20:41:04] INFO: AI response: 66242 prompt + 817 response tokens (total: 38507933 / 140623)
[20:41:04] [after +817] [Context: 106157/262144 (40.5%)]
[20:41:04] [iter 10] [Context: 106157/262144 (40.5%)]
[20:41:04] INFO: AI request (iteration 10, msgs=185)
[20:41:06] INFO: AI response: 66330 prompt + 75 response tokens (total: 38574263 / 140698)
[20:41:06] [after +75] [Context: 106185/262144 (40.5%)]
[20:41:06] Auto-continue: AI round 12/50 — task 2/4: Add route handlers in webcms/admin/api.py (or a new module) ...
[20:41:06] [Context: 106331/262144 (40.6%)]
[20:41:06] [iter 1] [Context: 106331/262144 (40.6%)]
[20:41:06] INFO: AI request (iteration 1, msgs=189)
[20:41:07] INFO: AI response: 66489 prompt + 38 response tokens (total: 38640752 / 140736)
[20:41:07] [after +38] [Context: 106385/262144 (40.6%)]
[20:41:07] [iter 2] [Context: 106385/262144 (40.6%)]
[20:41:07] INFO: AI request (iteration 2, msgs=191)
[20:41:09] INFO: AI response: 66553 prompt + 64 response tokens (total: 38707305 / 140800)
[20:41:09] [after +64] [Context: 106459/262144 (40.6%)]
[20:41:09] [iter 3] [Context: 106459/262144 (40.6%)]
[20:41:09] INFO: AI request (iteration 3, msgs=193)
[20:41:11] Head>⚠ Model repeated itself — auto-cancelled
[20:41:11] [after +64] [Context: 106459/262144 (40.6%)]
[20:41:11] Auto-continue: task 2/4 — Add route handlers in webcms/admin/api.py (or a new module) ...
[20:41:11] [iter 4] [Context: 106544/262144 (40.6%)]
[20:41:11] INFO: AI request (iteration 4, msgs=194)
[20:41:13] INFO: AI response: 66711 prompt + 21 response tokens (total: 38774016 / 140821)
[20:41:13] [after +21] [Context: 106625/262144 (40.7%)]
[20:41:13] [iter 5] [Context: 106625/262144 (40.7%)]
[20:41:13] INFO: AI request (iteration 5, msgs=197)
[20:41:15] INFO: AI response: 66792 prompt + 34 response tokens (total: 38840808 / 140855)
[20:41:15] [after +34] [Context: 107742/262144 (41.1%)]
[20:41:15] [iter 6] [Context: 107742/262144 (41.1%)]
[20:41:15] INFO: AI request (iteration 6, msgs=199)
[20:41:20] INFO: AI response: 68015 prompt + 357 response tokens (total: 38908823 / 141212)
[20:41:20] [after +357] [Context: 107930/262144 (41.2%)]
[20:41:20] [iter 7] [Context: 107930/262144 (41.2%)]
[20:41:20] INFO: AI request (iteration 7, msgs=201)
[20:41:22] INFO: AI response: 68190 prompt + 49 response tokens (total: 38977013 / 141261)
[20:41:22] [after +49] [Context: 108058/262144 (41.2%)]
[20:41:22] [iter 8] [Context: 108058/262144 (41.2%)]
[20:41:22] INFO: AI request (iteration 8, msgs=204)
[20:41:23] INFO: AI response: 68303 prompt + 39 response tokens (total: 39045316 / 141300)
[20:41:23] [after +39] [Context: 108177/262144 (41.3%)]
[20:41:23] [iter 9] [Context: 108177/262144 (41.3%)]
[20:41:23] INFO: AI request (iteration 9, msgs=207)
[20:41:24] INFO: AI response: 68418 prompt + 32 response tokens (total: 39113734 / 141332)
[20:41:24] [after +32] [Context: 108994/262144 (41.6%)]
[20:41:24] [iter 10] [Context: 108994/262144 (41.6%)]
[20:41:24] INFO: AI request (iteration 10, msgs=209)
[20:41:26] INFO: AI response: 69180 prompt + 43 response tokens (total: 39182914 / 141375)
[20:41:26] [after +43] [Context: 109756/262144 (41.9%)]
[20:41:26] Auto-continue: AI round 13/50 — task 3/4: Update README.md with a section explaining how to create the...
[20:41:26] [Context: 109813/262144 (41.9%)]
[20:41:26] [iter 1] [Context: 109813/262144 (41.9%)]
[20:41:26] INFO: AI request (iteration 1, msgs=212)
[20:41:28] INFO: AI response: 69937 prompt + 51 response tokens (total: 39252851 / 141426)
[20:41:28] [after +51] [Context: 110630/262144 (42.2%)]
[20:41:28] [iter 2] [Context: 110630/262144 (42.2%)]
[20:41:28] INFO: AI request (iteration 2, msgs=214)
[20:41:30] INFO: AI response: 70699 prompt + 63 response tokens (total: 39323550 / 141489)
[20:41:30] [after +63] [Context: 110723/262144 (42.2%)]
[20:41:30] [iter 3] [Context: 110723/262144 (42.2%)]
[20:41:30] INFO: AI request (iteration 3, msgs=216)
[20:41:32] INFO: AI response: 70792 prompt + 29 response tokens (total: 39394342 / 141518)
[20:41:32] [after +29] [Context: 110791/262144 (42.3%)]
[20:41:32] [iter 4] [Context: 110791/262144 (42.3%)]
[20:41:32] INFO: AI request (iteration 4, msgs=218)
[20:41:33] INFO: AI response: 70875 prompt + 53 response tokens (total: 39465217 / 141571)
[20:41:33] [after +53] [Context: 111608/262144 (42.6%)]
[20:41:33] [iter 5] [Context: 111608/262144 (42.6%)]
[20:41:33] INFO: AI request (iteration 5, msgs=220)
[20:41:35] INFO: AI response: 71637 prompt + 48 response tokens (total: 39536854 / 141619)
[20:41:35] [after +48] [Context: 112606/262144 (43.0%)]
[20:41:35] [iter 6] [Context: 112606/262144 (43.0%)]
[20:41:35] INFO: AI request (iteration 6, msgs=222)
[20:41:42] INFO: AI response: 72551 prompt + 905 response tokens (total: 39609405 / 142524)
[20:41:42] [after +905] [Context: 114422/262144 (43.6%)]
[20:41:42] [iter 7] [Context: 114422/262144 (43.6%)]
[20:41:42] INFO: AI request (iteration 7, msgs=224)
[20:41:49] INFO: AI response: 74299 prompt + 849 response tokens (total: 39683704 / 143373)
[20:41:49] [after +849] [Context: 116220/262144 (44.3%)]
[20:41:49] [iter 8] [Context: 116220/262144 (44.3%)]
[20:41:49] INFO: AI request (iteration 8, msgs=226)
[20:41:56] INFO: AI response: 76033 prompt + 908 response tokens (total: 39759737 / 144281)
[20:41:56] [after +908] [Context: 117171/262144 (44.7%)]
[20:41:56] [iter 9] [Context: 117171/262144 (44.7%)]
[20:41:56] INFO: AI request (iteration 9, msgs=228)
[20:41:58] INFO: AI response: 76966 prompt + 38 response tokens (total: 39836703 / 144319)
[20:41:58] [after +38] [Context: 118196/262144 (45.1%)]
[20:41:58] [iter 10] [Context: 118196/262144 (45.1%)]
[20:41:58] INFO: AI request (iteration 10, msgs=230)
[20:42:01] INFO: AI response: 77907 prompt + 90 response tokens (total: 39914610 / 144409)
[20:42:01] [after +90] [Context: 119035/262144 (45.4%)]
[20:42:01] Auto-continue: AI round 14/50 — task 3/4: Update README.md with a section explaining how to create the...
[20:42:01] [Context: 119092/262144 (45.4%)]
[20:42:01] [iter 1] [Context: 119092/262144 (45.4%)]
[20:42:01] INFO: AI request (iteration 1, msgs=233)
[20:42:04] INFO: AI response: 78735 prompt + 170 response tokens (total: 39993345 / 144579)
[20:42:04] [after +170] [Context: 120260/262144 (45.9%)]
[20:42:04] [iter 2] [Context: 120260/262144 (45.9%)]
[20:42:04] INFO: AI request (iteration 2, msgs=235)
[20:42:07] INFO: AI response: 79805 prompt + 201 response tokens (total: 40073150 / 144780)
[20:42:07] [after +201] [Context: 120469/262144 (46.0%)]
[20:42:07] [iter 3] [Context: 120469/262144 (46.0%)]
[20:42:07] INFO: AI request (iteration 3, msgs=237)
[20:42:09] INFO: AI response: 80030 prompt + 47 response tokens (total: 40153180 / 144827)
[20:42:09] [after +47] [Context: 121552/262144 (46.4%)]
[20:42:09] [iter 4] [Context: 121552/262144 (46.4%)]
[20:42:09] INFO: AI request (iteration 4, msgs=239)
[20:42:12] INFO: AI response: 81031 prompt + 114 response tokens (total: 40234211 / 144941)
[20:42:12] [after +114] [Context: 123130/262144 (47.0%)]
[20:42:12] [iter 5] [Context: 123130/262144 (47.0%)]
[20:42:12] INFO: AI request (iteration 5, msgs=241)
[20:42:14] INFO: AI response: 82527 prompt + 110 response tokens (total: 40316738 / 145051)
[20:42:14] [after +110] [Context: 124043/262144 (47.3%)]
[20:42:14] [iter 6] [Context: 124043/262144 (47.3%)]
[20:42:14] INFO: AI request (iteration 6, msgs=243)
[20:42:16] INFO: AI response: 83367 prompt + 64 response tokens (total: 40400105 / 145115)
[20:42:16] [after +64] [Context: 125601/262144 (47.9%)]
[20:42:16] [iter 7] [Context: 125601/262144 (47.9%)]
[20:42:16] INFO: AI request (iteration 7, msgs=245)
[20:42:19] INFO: AI response: 84846 prompt + 125 response tokens (total: 40484951 / 145240)
[20:42:19] [after +125] [Context: 126501/262144 (48.3%)]
[20:42:19] [iter 8] [Context: 126562/262144 (48.3%)]
[20:42:19] INFO: AI request (iteration 8, msgs=248)
[20:42:21] INFO: AI response: 85736 prompt + 45 response tokens (total: 40570687 / 145285)
[20:42:21] [after +45] [Context: 128002/262144 (48.8%)]
[20:42:21] [iter 9] [Context: 128002/262144 (48.8%)]
[20:42:21] INFO: AI request (iteration 9, msgs=250)
[20:42:35] INFO: AI response: 87128 prompt + 2118 response tokens (total: 40657815 / 147403)
[20:42:35] [after +2118] [Context: 130247/262144 (49.7%)]
[20:42:35] [iter 10] [Context: 130247/262144 (49.7%)]
[20:42:35] INFO: AI request (iteration 10, msgs=252)
[20:42:38] INFO: AI response: 89230 prompt + 138 response tokens (total: 40747045 / 147541)
[20:42:38] [after +138] [Context: 130402/262144 (49.7%)]
[20:42:38] Auto-continue: AI round 15/50 — task 3/4: Update README.md with a section explaining how to create the...
[20:42:38] [Context: 130459/262144 (49.8%)]
[20:42:38] [iter 1] [Context: 130459/262144 (49.8%)]
[20:42:38] INFO: AI request (iteration 1, msgs=255)
[20:42:40] INFO: AI response: 89415 prompt + 39 response tokens (total: 40836460 / 147580)
[20:42:40] [after +39] [Context: 130609/262144 (49.8%)]
[20:42:40] [iter 2] [Context: 130609/262144 (49.8%)]
[20:42:40] INFO: AI request (iteration 2, msgs=258)
[20:42:41] INFO: AI response: 89558 prompt + 43 response tokens (total: 40926018 / 147623)
[20:42:41] [after +43] [Context: 130670/262144 (49.8%)]
[20:42:41] [iter 3] [Context: 130670/262144 (49.8%)]
[20:42:41] INFO: AI request (iteration 3, msgs=260)
[20:42:44] INFO: AI response: 89625 prompt + 108 response tokens (total: 41015643 / 147731)
[20:42:44] [after +108] [Context: 130789/262144 (49.9%)]
[20:42:44] [iter 4] [Context: 130789/262144 (49.9%)]
[20:42:44] INFO: AI request (iteration 4, msgs=262)
[20:42:45] INFO: AI response: 89741 prompt + 25 response tokens (total: 41105384 / 147756)
[20:42:45] [after +25] [Context: 130997/262144 (50.0%)]
[20:42:45] [iter 5] [Context: 130997/262144 (50.0%)]
[20:42:45] INFO: AI request (iteration 5, msgs=264)
[20:42:47] INFO: AI response: 90040 prompt + 52 response tokens (total: 41195424 / 147808)
[20:42:47] [after +52] [Context: 131099/262144 (50.0%)]
[20:42:47] [iter 6] [Context: 131099/262144 (50.0%)]
[20:42:47] INFO: AI request (iteration 6, msgs=266)
[20:42:49] INFO: AI response: 90167 prompt + 59 response tokens (total: 41285591 / 147867)
[20:42:49] [after +59] [Context: 131185/262144 (50.0%)]
[20:42:49] [iter 7] [Context: 131185/262144 (50.0%)]
[20:42:49] INFO: AI request (iteration 7, msgs=268)
[20:42:51] INFO: AI response: 90279 prompt + 53 response tokens (total: 41375870 / 147920)
[20:42:51] [after +53] [Context: 131292/262144 (50.1%)]
[20:42:51] [iter 8] [Context: 131292/262144 (50.1%)]
[20:42:51] INFO: AI request (iteration 8, msgs=270)
[20:42:53] INFO: AI response: 90407 prompt + 60 response tokens (total: 41466277 / 147980)
[20:42:53] [after +60] [Context: 131383/262144 (50.1%)]
[20:42:53] [iter 9] [Context: 131383/262144 (50.1%)]
[20:42:53] INFO: AI request (iteration 9, msgs=272)
[20:42:58] INFO: AI response: 90521 prompt + 389 response tokens (total: 41556798 / 148369)
[20:42:58] [after +389] [Context: 131428/262144 (50.1%)]
[20:42:58] [iter 10] [Context: 131428/262144 (50.1%)]
[20:42:58] INFO: AI request (iteration 10, msgs=274)
[20:43:03] INFO: AI response: 90566 prompt + 343 response tokens (total: 41647364 / 148712)
[20:43:03] [after +343] [Context: 131979/262144 (50.3%)]
[20:43:03] Auto-continue: AI round 16/50 — task 4/4: Update webcms/__init__.py and webcms/admin-ui/package.json t...
[20:43:03] [Context: 132032/262144 (50.4%)]
[20:43:03] [iter 1] [Context: 132032/262144 (50.4%)]
[20:43:03] INFO: AI request (iteration 1, msgs=277)
[20:43:11] INFO: AI response: 91134 prompt + 612 response tokens (total: 41738498 / 149324)
[20:43:11] [after +612] [Context: 132163/262144 (50.4%)]
[20:43:11] [iter 2] [Context: 132163/262144 (50.4%)]
[20:43:11] INFO: AI request (iteration 2, msgs=279)
[20:43:23] INFO: AI response: 91294 prompt + 1604 response tokens (total: 41829792 / 150928)
[20:43:23] [after +1604] [Context: 133779/262144 (51.0%)]
[20:43:23] [iter 3] [Context: 133779/262144 (51.0%)]
[20:43:23] INFO: AI request (iteration 3, msgs=281)
[20:43:27] INFO: AI response: 92872 prompt + 48 response tokens (total: 41922664 / 150976)
[20:43:27] [after +48] [Context: 134041/262144 (51.1%)]
[20:43:27] [iter 4] [Context: 134041/262144 (51.1%)]
[20:43:27] INFO: AI request (iteration 4, msgs=283)
[20:43:30] INFO: AI response: 93165 prompt + 142 response tokens (total: 42015829 / 151118)
[20:43:30] [after +142] [Context: 134158/262144 (51.2%)]
[20:43:30] [iter 5] [Context: 134158/262144 (51.2%)]
[20:43:30] INFO: AI request (iteration 5, msgs=285)
[20:43:42] INFO: AI response: 93281 prompt + 112 response tokens (total: 42109110 / 151230)
[20:43:42] [after +112] [Context: 134283/262144 (51.2%)]
[20:43:42] [iter 6] [Context: 134283/262144 (51.2%)]
[20:43:42] INFO: AI request (iteration 6, msgs=287)
[20:43:47] INFO: AI response: 93397 prompt + 322 response tokens (total: 42202507 / 151552)
[20:43:47] [after +322] [Context: 134350/262144 (51.3%)]
[20:43:47] [iter 7] [Context: 134350/262144 (51.3%)]
[20:43:47] INFO: AI request (iteration 7, msgs=289)
[20:43:50] INFO: AI response: 93481 prompt + 191 response tokens (total: 42295988 / 151743)
[20:43:50] [after +191] [Context: 134583/262144 (51.3%)]
[20:43:50] [iter 8] [Context: 134583/262144 (51.3%)]
[20:43:50] INFO: AI request (iteration 8, msgs=291)
[20:43:52] INFO: AI response: 93695 prompt + 11 response tokens (total: 42389683 / 151754)
[20:43:52] [after +11] [Context: 134616/262144 (51.4%)]
[20:43:52] [iter 9] [Context: 134616/262144 (51.4%)]
[20:43:52] INFO: AI request (iteration 9, msgs=293)
[20:43:54] INFO: AI response: 93724 prompt + 19 response tokens (total: 42483407 / 151773)
[20:43:54] [after +19] [Context: 134648/262144 (51.4%)]
[20:43:54] You: 
[20:45:13] You: 
[20:45:56] You: 
[20:46:08] You: 
[20:46:49] You: 
[20:52:40] You: 
[20:55:08] INFO: Session started, sess_id=328, mode=build, model=kimi-k2.7-code:cloud
[20:55:08] You: 
[20:55:13] You: 
[20:56:16] [Context: 134697/262144 (51.4%)]
[20:56:16] [iter 1] [Context: 134697/262144 (51.4%)]
[20:56:16] INFO: AI request (iteration 1, msgs=296)
[20:56:21] INFO: AI response: 93792 prompt + 113 response tokens (total: 8005440 / 34209)
[20:56:21] [after +113] [Context: 134780/262144 (51.4%)]
[20:56:21] [iter 2] [Context: 134780/262144 (51.4%)]
[20:56:21] INFO: AI request (iteration 2, msgs=298)
[20:56:25] INFO: AI response: 93875 prompt + 177 response tokens (total: 8099315 / 34386)
[20:56:25] [after +177] [Context: 134861/262144 (51.4%)]
[20:56:25] [iter 3] [Context: 134861/262144 (51.4%)]
[20:56:25] INFO: AI request (iteration 3, msgs=301)
[20:56:28] INFO: AI response: 93956 prompt + 255 response tokens (total: 8193271 / 34641)
[20:56:28] [after +255] [Context: 134953/262144 (51.5%)]
[20:56:28] [iter 4] [Context: 134953/262144 (51.5%)]
[20:56:28] INFO: AI request (iteration 4, msgs=303)
[20:56:34] INFO: AI response: 94066 prompt + 70 response tokens (total: 8287337 / 34711)
[20:56:34] [after +70] [Context: 135039/262144 (51.5%)]
[20:56:34] [iter 5] [Context: 135039/262144 (51.5%)]
[20:56:34] INFO: AI request (iteration 5, msgs=305)
[20:56:37] INFO: AI response: 94165 prompt + 142 response tokens (total: 8381502 / 34853)
[20:56:38] [after +142] [Context: 135246/262144 (51.6%)]
[20:56:38] [iter 6] [Context: 135246/262144 (51.6%)]
[20:56:38] INFO: AI request (iteration 6, msgs=307)
[20:56:41] INFO: AI response: 94420 prompt + 59 response tokens (total: 8475922 / 34912)
[20:56:41] [after +59] [Context: 154109/262144 (58.8%)]
[20:56:41] [iter 7] [Context: 154109/262144 (58.8%)]
[20:56:41] INFO: AI request (iteration 7, msgs=309)
[20:56:48] INFO: AI response: 114343 prompt + 640 response tokens (total: 8590265 / 35552)
[20:56:48] [after +640] [Context: 154139/262144 (58.8%)]
[20:56:48] [iter 8] [Context: 154139/262144 (58.8%)]
[20:56:48] INFO: AI request (iteration 8, msgs=311)
[20:56:53] INFO: AI response: 114370 prompt + 293 response tokens (total: 8704635 / 35845)
[20:56:53] [after +293] [Context: 154964/262144 (59.1%)]
[20:56:53] [iter 9] [Context: 154964/262144 (59.1%)]
[20:56:53] INFO: AI request (iteration 9, msgs=313)
[20:56:55] INFO: AI response: 115155 prompt + 35 response tokens (total: 8819790 / 35880)
[20:56:55] [after +35] [Context: 155545/262144 (59.3%)]
[20:56:55] [iter 10] [Context: 155545/262144 (59.3%)]
[20:56:55] INFO: AI request (iteration 10, msgs=315)
[20:56:57] INFO: AI response: 115685 prompt + 174 response tokens (total: 8935475 / 36054)
[20:56:57] [after +174] [Context: 155630/262144 (59.4%)]
[20:56:57] You: 
[20:57:05] [Context: 155640/262144 (59.4%)]
[20:57:05] [iter 1] [Context: 155640/262144 (59.4%)]
[20:57:05] INFO: AI request (iteration 1, msgs=319)
[20:57:08] INFO: AI response: 115777 prompt + 70 response tokens (total: 9051252 / 36124)
[20:57:08] [after +70] [Context: 155717/262144 (59.4%)]
[20:57:08] [iter 2] [Context: 155717/262144 (59.4%)]
[20:57:08] INFO: AI request (iteration 2, msgs=321)
[20:57:12] INFO: AI response: 115889 prompt + 71 response tokens (total: 9167141 / 36195)
[20:57:12] [after +71] [Context: 155767/262144 (59.4%)]
[20:57:12] [iter 3] [Context: 155767/262144 (59.4%)]
[20:57:12] INFO: AI request (iteration 3, msgs=323)
[20:57:16] INFO: AI response: 115945 prompt + 91 response tokens (total: 9283086 / 36286)
[20:57:16] [after +91] [Context: 155908/262144 (59.5%)]
[20:57:16] [iter 4] [Context: 155908/262144 (59.5%)]
[20:57:16] INFO: AI request (iteration 4, msgs=325)
[20:57:20] INFO: AI response: 116131 prompt + 355 response tokens (total: 9399217 / 36641)
[20:57:20] [after +355] [Context: 156160/262144 (59.6%)]
[20:57:20] [iter 5] [Context: 156160/262144 (59.6%)]
[20:57:20] INFO: AI request (iteration 5, msgs=327)
[20:57:23] INFO: AI response: 116363 prompt + 207 response tokens (total: 9515580 / 36848)
[20:57:23] [after +207] [Context: 156288/262144 (59.6%)]
[20:57:23] [iter 6] [Context: 156288/262144 (59.6%)]
[20:57:23] INFO: AI request (iteration 6, msgs=329)
[20:57:26] INFO: AI response: 116485 prompt + 75 response tokens (total: 9632065 / 36923)
[20:57:26] [after +75] [Context: 156392/262144 (59.7%)]
[20:57:26] [iter 7] [Context: 156392/262144 (59.7%)]
[20:57:26] INFO: AI request (iteration 7, msgs=331)
[20:57:29] INFO: AI response: 116596 prompt + 83 response tokens (total: 9748661 / 37006)
[20:57:29] [after +83] [Context: 156504/262144 (59.7%)]
[20:57:29] [iter 8] [Context: 156504/262144 (59.7%)]
[20:57:29] INFO: AI request (iteration 8, msgs=333)
[20:57:31] INFO: AI response: 116715 prompt + 73 response tokens (total: 9865376 / 37079)
[20:57:31] [after +73] [Context: 156605/262144 (59.7%)]
[20:57:31] [iter 9] [Context: 156605/262144 (59.7%)]
[20:57:31] INFO: AI request (iteration 9, msgs=335)
[20:57:34] INFO: AI response: 116824 prompt + 19 response tokens (total: 9982200 / 37098)
[20:57:34] [after +19] [Context: 156773/262144 (59.8%)]
[20:57:34] [iter 10] [Context: 156773/262144 (59.8%)]
[20:57:34] INFO: AI request (iteration 10, msgs=338)
[20:57:36] INFO: AI response: 116972 prompt + 165 response tokens (total: 10099172 / 37263)
[20:57:36] [after +165] [Context: 157025/262144 (59.9%)]
[20:57:36] Auto-continue: AI round 1/50 — task 5/8: Replace the hardcoded __version__ assignment in webcms/__ini...
[20:57:36] [Context: 157152/262144 (59.9%)]
[20:57:36] [iter 1] [Context: 157152/262144 (59.9%)]
[20:57:36] INFO: AI request (iteration 1, msgs=342)
[20:57:38] INFO: AI response: 117349 prompt + 31 response tokens (total: 10216521 / 37294)
[20:57:38] [after +31] [Context: 157293/262144 (60.0%)]
[20:57:38] [iter 2] [Context: 157293/262144 (60.0%)]
[20:57:38] INFO: AI request (iteration 2, msgs=344)
[20:57:40] INFO: AI response: 117480 prompt + 116 response tokens (total: 10334001 / 37410)
[20:57:40] [after +116] [Context: 157432/262144 (60.1%)]
[20:57:40] [iter 3] [Context: 157432/262144 (60.1%)]
[20:57:40] INFO: AI request (iteration 3, msgs=346)
[20:57:42] INFO: AI response: 117639 prompt + 32 response tokens (total: 10451640 / 37442)
[20:57:42] [after +32] [Context: 157576/262144 (60.1%)]
[20:57:42] [iter 4] [Context: 157576/262144 (60.1%)]
[20:57:42] INFO: AI request (iteration 4, msgs=348)
[20:57:44] INFO: AI response: 117776 prompt + 152 response tokens (total: 10569416 / 37594)
[20:57:44] [after +152] [Context: 157743/262144 (60.2%)]
[20:57:44] [iter 5] [Context: 157743/262144 (60.2%)]
[20:57:44] INFO: AI request (iteration 5, msgs=350)
[20:57:46] INFO: AI response: 117934 prompt + 45 response tokens (total: 10687350 / 37639)
[20:57:46] [after +45] [Context: 157847/262144 (60.2%)]
[20:57:46] [iter 6] [Context: 157847/262144 (60.2%)]
[20:57:46] INFO: AI request (iteration 6, msgs=353)
[20:57:49] INFO: AI response: 118053 prompt + 78 response tokens (total: 10805403 / 37717)
[20:57:49] [after +78] [Context: 157957/262144 (60.3%)]
[20:57:49] [iter 7] [Context: 157957/262144 (60.3%)]
[20:57:49] INFO: AI request (iteration 7, msgs=355)
[20:57:51] INFO: AI response: 118185 prompt + 135 response tokens (total: 10923588 / 37852)
[20:57:51] [after +135] [Context: 158094/262144 (60.3%)]
[20:57:51] [iter 8] [Context: 158094/262144 (60.3%)]
[20:57:51] INFO: AI request (iteration 8, msgs=357)
[20:57:54] INFO: AI response: 118322 prompt + 32 response tokens (total: 11041910 / 37884)
[20:57:54] [after +32] [Context: 158161/262144 (60.3%)]
[20:57:54] [iter 9] [Context: 158161/262144 (60.3%)]
[20:57:54] INFO: AI request (iteration 9, msgs=359)
[20:57:55] INFO: AI response: 118406 prompt + 28 response tokens (total: 11160316 / 37912)
[20:57:55] [after +28] [Context: 158287/262144 (60.4%)]
[20:57:55] [iter 10] [Context: 158287/262144 (60.4%)]
[20:57:55] INFO: AI request (iteration 10, msgs=361)
[20:57:58] INFO: AI response: 118527 prompt + 123 response tokens (total: 11278843 / 38035)
[20:57:58] [after +123] [Context: 158479/262144 (60.5%)]
[20:57:58] Auto-continue: AI round 2/50 — task 6/8: Update webcms/admin-ui/package.json version field to "1.3.6"...
[20:57:58] [Context: 158525/262144 (60.5%)]
[20:57:58] [iter 1] [Context: 158525/262144 (60.5%)]
[20:57:58] INFO: AI request (iteration 1, msgs=364)
[20:58:00] INFO: AI response: 118766 prompt + 27 response tokens (total: 11397609 / 38062)
[20:58:00] [after +27] [Context: 158613/262144 (60.5%)]
[20:58:00] [iter 2] [Context: 158613/262144 (60.5%)]
[20:58:00] INFO: AI request (iteration 2, msgs=366)
[20:58:03] INFO: AI response: 118854 prompt + 36 response tokens (total: 11516463 / 38098)
[20:58:03] [after +36] [Context: 158738/262144 (60.6%)]
[20:58:03] [iter 3] [Context: 158738/262144 (60.6%)]
[20:58:03] INFO: AI request (iteration 3, msgs=369)
[20:58:05] INFO: AI response: 118993 prompt + 43 response tokens (total: 11635456 / 38141)
[20:58:05] [after +43] [Context: 158803/262144 (60.6%)]
[20:58:05] [iter 4] [Context: 158803/262144 (60.6%)]
[20:58:05] INFO: AI request (iteration 4, msgs=371)
[20:58:09] INFO: AI response: 119060 prompt + 156 response tokens (total: 11754516 / 38297)
[20:58:09] [after +156] [Context: 159360/262144 (60.8%)]
[20:58:09] [iter 5] [Context: 159360/262144 (60.8%)]
[20:58:09] INFO: AI request (iteration 5, msgs=373)
[20:58:13] INFO: AI response: 119557 prompt + 149 response tokens (total: 11874073 / 38446)
[20:58:13] [after +149] [Context: 159554/262144 (60.9%)]
[20:58:13] [iter 6] [Context: 159554/262144 (60.9%)]
[20:58:13] INFO: AI request (iteration 6, msgs=375)
[20:58:15] INFO: AI response: 119716 prompt + 77 response tokens (total: 11993789 / 38523)
[20:58:15] [after +77] [Context: 159583/262144 (60.9%)]
[20:58:15] [iter 7] [Context: 159583/262144 (60.9%)]
[20:58:15] INFO: AI request (iteration 7, msgs=377)
[20:58:17] INFO: AI response: 119752 prompt + 35 response tokens (total: 12113541 / 38558)
[20:58:17] [after +35] [Context: 159638/262144 (60.9%)]
[20:58:17] [iter 8] [Context: 159638/262144 (60.9%)]
[20:58:17] INFO: AI request (iteration 8, msgs=379)
[20:58:18] Stream error: you (w4d4f4k) have reached your session usage limit, upgrade for higher limits: https://ollama.com/upgrade or add extra usage: https://ollama.com/settings (ref: 55010e2c-3a04-4498-b8b7-5a67e59fd8cf) (status code: 429)
[20:58:18] Stream error: you (w4d4f4k) have reached your session usage limit, upgrade for higher limits: https://ollama.com/upgrade or add extra usage: https://ollama.com/settings (ref: 55010e2c-3a04-4498-b8b7-5a67e59fd8cf) (status code: 429)
[20:58:18] INFO: AI response: 0 prompt + 0 response tokens (total: 12113541 / 38558)
[20:58:18] [after +0] [Context: 159646/262144 (60.9%)]
[20:58:18] Auto-continue: AI round 3/50 — task 7/8: Replace hardcoded "1.1.0" in /api/v1/status and "KosCMS v1.3...
[20:58:18] [Context: 159702/262144 (60.9%)]
[20:58:18] [iter 1] [Context: 159702/262144 (60.9%)]
[20:58:18] INFO: AI request (iteration 1, msgs=381)
[20:58:18] Stream error: you (w4d4f4k) have reached your session usage limit, upgrade for higher limits: https://ollama.com/upgrade or add extra usage: https://ollama.com/settings (ref: 062ee273-86cb-4209-a42b-e3075060970e) (status code: 429)
[20:58:18] Stream error: you (w4d4f4k) have reached your session usage limit, upgrade for higher limits: https://ollama.com/upgrade or add extra usage: https://ollama.com/settings (ref: 062ee273-86cb-4209-a42b-e3075060970e) (status code: 429)
[20:58:18] INFO: AI response: 0 prompt + 0 response tokens (total: 12113541 / 38558)
[20:58:18] [after +0] [Context: 159710/262144 (60.9%)]
[20:58:18] Auto-continue: AI round 4/50 — task 7/8: Replace hardcoded "1.1.0" in /api/v1/status and "KosCMS v1.3...
[20:58:18] [Context: 159766/262144 (60.9%)]
[20:58:18] [iter 1] [Context: 159766/262144 (60.9%)]
[20:58:18] INFO: AI request (iteration 1, msgs=383)
[20:58:19] Stream error: you (w4d4f4k) have reached your session usage limit, upgrade for higher limits: https://ollama.com/upgrade or add extra usage: https://ollama.com/settings (ref: 3806479d-d7a5-4513-a6fb-adf05cdb35f8) (status code: 429)
[20:58:19] Stream error: you (w4d4f4k) have reached your session usage limit, upgrade for higher limits: https://ollama.com/upgrade or add extra usage: https://ollama.com/settings (ref: 3806479d-d7a5-4513-a6fb-adf05cdb35f8) (status code: 429)
[20:58:19] INFO: AI response: 0 prompt + 0 response tokens (total: 12113541 / 38558)
[20:58:19] [after +0] [Context: 159774/262144 (60.9%)]
[20:58:19] Auto-continue: AI round 5/50 — task 7/8: Replace hardcoded "1.1.0" in /api/v1/status and "KosCMS v1.3...
[20:58:19] [Context: 159830/262144 (61.0%)]
[20:58:19] [iter 1] [Context: 159830/262144 (61.0%)]
[20:58:19] INFO: AI request (iteration 1, msgs=385)
[20:58:19] Stream error: you (w4d4f4k) have reached your session usage limit, upgrade for higher limits: https://ollama.com/upgrade or add extra usage: https://ollama.com/settings (ref: b191722a-7265-45d9-9ff7-9a34766b8c22) (status code: 429)
[20:58:19] Stream error: you (w4d4f4k) have reached your session usage limit, upgrade for higher limits: https://ollama.com/upgrade or add extra usage: https://ollama.com/settings (ref: b191722a-7265-45d9-9ff7-9a34766b8c22) (status code: 429)
[20:58:19] INFO: AI response: 0 prompt + 0 response tokens (total: 12113541 / 38558)
[20:58:19] [after +0] [Context: 159838/262144 (61.0%)]
[20:58:19] Auto-continue: AI round 6/50 — task 7/8: Replace hardcoded "1.1.0" in /api/v1/status and "KosCMS v1.3...
[20:58:19] [Context: 159894/262144 (61.0%)]
[20:58:19] [iter 1] [Context: 159894/262144 (61.0%)]
[20:58:19] INFO: AI request (iteration 1, msgs=387)
[20:58:19] Stream error: you (w4d4f4k) have reached your session usage limit, upgrade for higher limits: https://ollama.com/upgrade or add extra usage: https://ollama.com/settings (ref: 5c6999c4-6c59-464d-8ae0-04944ed371fd) (status code: 429)
[20:58:19] Stream error: you (w4d4f4k) have reached your session usage limit, upgrade for higher limits: https://ollama.com/upgrade or add extra usage: https://ollama.com/settings (ref: 5c6999c4-6c59-464d-8ae0-04944ed371fd) (status code: 429)
[20:58:19] INFO: AI response: 0 prompt + 0 response tokens (total: 12113541 / 38558)
[20:58:19] [after +0] [Context: 159902/262144 (61.0%)]
[20:58:19] Auto-continue: AI round 7/50 — task 7/8: Replace hardcoded "1.1.0" in /api/v1/status and "KosCMS v1.3...
[20:58:19] [Context: 159958/262144 (61.0%)]
[20:58:19] [iter 1] [Context: 159958/262144 (61.0%)]
[20:58:19] INFO: AI request (iteration 1, msgs=389)
[20:58:20] Stream error: you (w4d4f4k) have reached your session usage limit, upgrade for higher limits: https://ollama.com/upgrade or add extra usage: https://ollama.com/settings (ref: 73fc589f-c6c0-418c-a606-a90b88976eb8) (status code: 429)
[20:58:20] Stream error: you (w4d4f4k) have reached your session usage limit, upgrade for higher limits: https://ollama.com/upgrade or add extra usage: https://ollama.com/settings (ref: 73fc589f-c6c0-418c-a606-a90b88976eb8) (status code: 429)
[20:58:20] INFO: AI response: 0 prompt + 0 response tokens (total: 12113541 / 38558)
[20:58:20] [after +0] [Context: 159966/262144 (61.0%)]
[20:58:20] Auto-continue: AI round 8/50 — task 7/8: Replace hardcoded "1.1.0" in /api/v1/status and "KosCMS v1.3...
[20:58:20] [Context: 160022/262144 (61.0%)]
[20:58:20] [iter 1] [Context: 160022/262144 (61.0%)]
[20:58:20] INFO: AI request (iteration 1, msgs=391)
[20:58:20] Stream error: you (w4d4f4k) have reached your session usage limit, upgrade for higher limits: https://ollama.com/upgrade or add extra usage: https://ollama.com/settings (ref: 9cb0a742-e124-42b9-983c-43066b213a68) (status code: 429)
[20:58:20] Stream error: you (w4d4f4k) have reached your session usage limit, upgrade for higher limits: https://ollama.com/upgrade or add extra usage: https://ollama.com/settings (ref: 9cb0a742-e124-42b9-983c-43066b213a68) (status code: 429)
[20:58:20] INFO: AI response: 0 prompt + 0 response tokens (total: 12113541 / 38558)
[20:58:20] [after +0] [Context: 160030/262144 (61.0%)]
[20:58:20] Auto-continue: AI round 9/50 — task 7/8: Replace hardcoded "1.1.0" in /api/v1/status and "KosCMS v1.3...
[20:58:20] [Context: 160086/262144 (61.1%)]
[20:58:20] [iter 1] [Context: 160086/262144 (61.1%)]
[20:58:20] INFO: AI request (iteration 1, msgs=393)
[20:58:21] Stream error: you (w4d4f4k) have reached your session usage limit, upgrade for higher limits: https://ollama.com/upgrade or add extra usage: https://ollama.com/settings (ref: fe0f1366-34f4-4593-a686-bb6abbfb386f) (status code: 429)
[20:58:21] Stream error: you (w4d4f4k) have reached your session usage limit, upgrade for higher limits: https://ollama.com/upgrade or add extra usage: https://ollama.com/settings (ref: fe0f1366-34f4-4593-a686-bb6abbfb386f) (status code: 429)
[20:58:21] INFO: AI response: 0 prompt + 0 response tokens (total: 12113541 / 38558)
[20:58:21] [after +0] [Context: 160094/262144 (61.1%)]
[20:58:21] Auto-continue: AI round 10/50 — task 7/8: Replace hardcoded "1.1.0" in /api/v1/status and "KosCMS v1.3...
[20:58:21] [Context: 160150/262144 (61.1%)]
[20:58:21] [iter 1] [Context: 160150/262144 (61.1%)]
[20:58:21] INFO: AI request (iteration 1, msgs=395)
[20:58:21] Stream error: you (w4d4f4k) have reached your session usage limit, upgrade for higher limits: https://ollama.com/upgrade or add extra usage: https://ollama.com/settings (ref: a7c431c7-7a36-44ab-9b81-2f8e0c62c1d1) (status code: 429)
[20:58:21] Stream error: you (w4d4f4k) have reached your session usage limit, upgrade for higher limits: https://ollama.com/upgrade or add extra usage: https://ollama.com/settings (ref: a7c431c7-7a36-44ab-9b81-2f8e0c62c1d1) (status code: 429)
[20:58:21] INFO: AI response: 0 prompt + 0 response tokens (total: 12113541 / 38558)
[20:58:21] [after +0] [Context: 160158/262144 (61.1%)]
[20:58:21] Auto-continue: AI round 11/50 — task 7/8: Replace hardcoded "1.1.0" in /api/v1/status and "KosCMS v1.3...
[20:58:21] [Context: 160214/262144 (61.1%)]
[20:58:21] [iter 1] [Context: 160214/262144 (61.1%)]
[20:58:21] INFO: AI request (iteration 1, msgs=397)
[20:58:21] Stream error: you (w4d4f4k) have reached your session usage limit, upgrade for higher limits: https://ollama.com/upgrade or add extra usage: https://ollama.com/settings (ref: ea367cb3-982b-468b-af36-24eae1d6bdf2) (status code: 429)
[20:58:21] Stream error: you (w4d4f4k) have reached your session usage limit, upgrade for higher limits: https://ollama.com/upgrade or add extra usage: https://ollama.com/settings (ref: ea367cb3-982b-468b-af36-24eae1d6bdf2) (status code: 429)
[20:58:21] INFO: AI response: 0 prompt + 0 response tokens (total: 12113541 / 38558)
[20:58:21] [after +0] [Context: 160222/262144 (61.1%)]
[20:58:21] Auto-continue: AI round 12/50 — task 7/8: Replace hardcoded "1.1.0" in /api/v1/status and "KosCMS v1.3...
[20:58:21] [Context: 160278/262144 (61.1%)]
[20:58:21] [iter 1] [Context: 160278/262144 (61.1%)]
[20:58:21] INFO: AI request (iteration 1, msgs=399)
[20:58:22] Stream error: you (w4d4f4k) have reached your session usage limit, upgrade for higher limits: https://ollama.com/upgrade or add extra usage: https://ollama.com/settings (ref: 3f325751-8350-4fdc-929a-114c8f1578e1) (status code: 429)
[20:58:22] Stream error: you (w4d4f4k) have reached your session usage limit, upgrade for higher limits: https://ollama.com/upgrade or add extra usage: https://ollama.com/settings (ref: 3f325751-8350-4fdc-929a-114c8f1578e1) (status code: 429)
[20:58:22] INFO: AI response: 0 prompt + 0 response tokens (total: 12113541 / 38558)
[20:58:22] [after +0] [Context: 160286/262144 (61.1%)]
[20:58:22] Auto-continue: AI round 13/50 — task 7/8: Replace hardcoded "1.1.0" in /api/v1/status and "KosCMS v1.3...
[20:58:22] [Context: 160342/262144 (61.2%)]
[20:58:22] [iter 1] [Context: 160342/262144 (61.2%)]
[20:58:22] INFO: AI request (iteration 1, msgs=401)
[20:58:22] Stream error: you (w4d4f4k) have reached your session usage limit, upgrade for higher limits: https://ollama.com/upgrade or add extra usage: https://ollama.com/settings (ref: a6ed4d44-a1ea-4f1a-88fc-89414440a094) (status code: 429)
[20:58:22] Stream error: you (w4d4f4k) have reached your session usage limit, upgrade for higher limits: https://ollama.com/upgrade or add extra usage: https://ollama.com/settings (ref: a6ed4d44-a1ea-4f1a-88fc-89414440a094) (status code: 429)
[20:58:22] INFO: AI response: 0 prompt + 0 response tokens (total: 12113541 / 38558)
[20:58:22] [after +0] [Context: 160350/262144 (61.2%)]
[20:58:22] Auto-continue: AI round 14/50 — task 7/8: Replace hardcoded "1.1.0" in /api/v1/status and "KosCMS v1.3...
[20:58:22] [Context: 160406/262144 (61.2%)]
[20:58:22] [iter 1] [Context: 160406/262144 (61.2%)]
[20:58:22] INFO: AI request (iteration 1, msgs=403)
[20:58:22] Stream error: you (w4d4f4k) have reached your session usage limit, upgrade for higher limits: https://ollama.com/upgrade or add extra usage: https://ollama.com/settings (ref: 20404d4b-3c57-4ef9-ac98-3695b19e42ef) (status code: 429)
[20:58:22] Stream error: you (w4d4f4k) have reached your session usage limit, upgrade for higher limits: https://ollama.com/upgrade or add extra usage: https://ollama.com/settings (ref: 20404d4b-3c57-4ef9-ac98-3695b19e42ef) (status code: 429)
[20:58:22] INFO: AI response: 0 prompt + 0 response tokens (total: 12113541 / 38558)
[20:58:22] [after +0] [Context: 160414/262144 (61.2%)]
[20:58:22] Auto-continue: AI round 15/50 — task 7/8: Replace hardcoded "1.1.0" in /api/v1/status and "KosCMS v1.3...
[20:58:22] [Context: 160470/262144 (61.2%)]
[20:58:22] [iter 1] [Context: 160470/262144 (61.2%)]
[20:58:22] INFO: AI request (iteration 1, msgs=405)
[20:58:22] Stream error: you (w4d4f4k) have reached your session usage limit, upgrade for higher limits: https://ollama.com/upgrade or add extra usage: https://ollama.com/settings (ref: b4919a44-7da3-4ce1-aed6-f45df68cfe9d) (status code: 429)
[20:58:22] Stream error: you (w4d4f4k) have reached your session usage limit, upgrade for higher limits: https://ollama.com/upgrade or add extra usage: https://ollama.com/settings (ref: b4919a44-7da3-4ce1-aed6-f45df68cfe9d) (status code: 429)
[20:58:22] INFO: AI response: 0 prompt + 0 response tokens (total: 12113541 / 38558)
[20:58:22] [after +0] [Context: 160478/262144 (61.2%)]
[20:58:22] Auto-continue: AI round 16/50 — task 7/8: Replace hardcoded "1.1.0" in /api/v1/status and "KosCMS v1.3...
[20:58:22] [Context: 160534/262144 (61.2%)]
[20:58:22] [iter 1] [Context: 160534/262144 (61.2%)]
[20:58:22] INFO: AI request (iteration 1, msgs=407)
[20:58:23] Stream error: you (w4d4f4k) have reached your session usage limit, upgrade for higher limits: https://ollama.com/upgrade or add extra usage: https://ollama.com/settings (ref: 23905c14-e278-41a6-993b-2f8eb11b75c2) (status code: 429)
[20:58:23] Stream error: you (w4d4f4k) have reached your session usage limit, upgrade for higher limits: https://ollama.com/upgrade or add extra usage: https://ollama.com/settings (ref: 23905c14-e278-41a6-993b-2f8eb11b75c2) (status code: 429)
[20:58:23] INFO: AI response: 0 prompt + 0 response tokens (total: 12113541 / 38558)
[20:58:23] [after +0] [Context: 160542/262144 (61.2%)]
[20:58:23] Auto-continue: AI round 17/50 — task 7/8: Replace hardcoded "1.1.0" in /api/v1/status and "KosCMS v1.3...
[20:58:23] [Context: 160598/262144 (61.3%)]
[20:58:23] [iter 1] [Context: 160598/262144 (61.3%)]
[20:58:23] INFO: AI request (iteration 1, msgs=409)
[20:58:23] Stream error: you (w4d4f4k) have reached your session usage limit, upgrade for higher limits: https://ollama.com/upgrade or add extra usage: https://ollama.com/settings (ref: 8079b1bc-39d8-491e-b33c-8a11c1b19a14) (status code: 429)
[20:58:23] Stream error: you (w4d4f4k) have reached your session usage limit, upgrade for higher limits: https://ollama.com/upgrade or add extra usage: https://ollama.com/settings (ref: 8079b1bc-39d8-491e-b33c-8a11c1b19a14) (status code: 429)
[20:58:23] INFO: AI response: 0 prompt + 0 response tokens (total: 12113541 / 38558)
[20:58:23] [after +0] [Context: 160606/262144 (61.3%)]
[20:58:23] Auto-continue: AI round 18/50 — task 7/8: Replace hardcoded "1.1.0" in /api/v1/status and "KosCMS v1.3...
[20:58:23] [Context: 160662/262144 (61.3%)]
[20:58:23] [iter 1] [Context: 160662/262144 (61.3%)]
[20:58:23] INFO: AI request (iteration 1, msgs=411)
[20:58:23] Stream error: you (w4d4f4k) have reached your session usage limit, upgrade for higher limits: https://ollama.com/upgrade or add extra usage: https://ollama.com/settings (ref: e9d7d97f-6dc5-4e25-97b8-29d6014680fa) (status code: 429)
[20:58:23] Stream error: you (w4d4f4k) have reached your session usage limit, upgrade for higher limits: https://ollama.com/upgrade or add extra usage: https://ollama.com/settings (ref: e9d7d97f-6dc5-4e25-97b8-29d6014680fa) (status code: 429)
[20:58:23] INFO: AI response: 0 prompt + 0 response tokens (total: 12113541 / 38558)
[20:58:23] [after +0] [Context: 160670/262144 (61.3%)]
[20:58:23] Auto-continue: AI round 19/50 — task 7/8: Replace hardcoded "1.1.0" in /api/v1/status and "KosCMS v1.3...
[20:58:23] [Context: 160726/262144 (61.3%)]
[20:58:23] [iter 1] [Context: 160726/262144 (61.3%)]
[20:58:23] INFO: AI request (iteration 1, msgs=413)
[20:58:24] Stream error: you (w4d4f4k) have reached your session usage limit, upgrade for higher limits: https://ollama.com/upgrade or add extra usage: https://ollama.com/settings (ref: 2bf61fb9-f872-4faf-a3d0-1ee73070cab6) (status code: 429)
[20:58:24] Stream error: you (w4d4f4k) have reached your session usage limit, upgrade for higher limits: https://ollama.com/upgrade or add extra usage: https://ollama.com/settings (ref: 2bf61fb9-f872-4faf-a3d0-1ee73070cab6) (status code: 429)
[20:58:24] INFO: AI response: 0 prompt + 0 response tokens (total: 12113541 / 38558)
[20:58:24] [after +0] [Context: 160734/262144 (61.3%)]
[20:58:24] Auto-continue: AI round 20/50 — task 7/8: Replace hardcoded "1.1.0" in /api/v1/status and "KosCMS v1.3...
[20:58:24] [Context: 160790/262144 (61.3%)]
[20:58:24] [iter 1] [Context: 160790/262144 (61.3%)]
[20:58:24] INFO: AI request (iteration 1, msgs=415)
[20:58:24] Stream error: you (w4d4f4k) have reached your session usage limit, upgrade for higher limits: https://ollama.com/upgrade or add extra usage: https://ollama.com/settings (ref: 9b32fc7d-a9f6-4b54-a828-61414ef3976d) (status code: 429)
[20:58:24] Stream error: you (w4d4f4k) have reached your session usage limit, upgrade for higher limits: https://ollama.com/upgrade or add extra usage: https://ollama.com/settings (ref: 9b32fc7d-a9f6-4b54-a828-61414ef3976d) (status code: 429)
[20:58:24] INFO: AI response: 0 prompt + 0 response tokens (total: 12113541 / 38558)
[20:58:24] [after +0] [Context: 160798/262144 (61.3%)]
[20:58:24] Auto-continue: AI round 21/50 — task 7/8: Replace hardcoded "1.1.0" in /api/v1/status and "KosCMS v1.3...
[20:58:24] [Context: 160854/262144 (61.4%)]
[20:58:24] [iter 1] [Context: 160854/262144 (61.4%)]
[20:58:24] INFO: AI request (iteration 1, msgs=417)
[20:58:24] Stream error: you (w4d4f4k) have reached your session usage limit, upgrade for higher limits: https://ollama.com/upgrade or add extra usage: https://ollama.com/settings (ref: de986d17-6ed4-4572-975c-529447b479e3) (status code: 429)
[20:58:24] Stream error: you (w4d4f4k) have reached your session usage limit, upgrade for higher limits: https://ollama.com/upgrade or add extra usage: https://ollama.com/settings (ref: de986d17-6ed4-4572-975c-529447b479e3) (status code: 429)
[20:58:24] INFO: AI response: 0 prompt + 0 response tokens (total: 12113541 / 38558)
[20:58:24] [after +0] [Context: 160862/262144 (61.4%)]
[20:58:24] Auto-continue: AI round 22/50 — task 7/8: Replace hardcoded "1.1.0" in /api/v1/status and "KosCMS v1.3...
[20:58:24] [Context: 160918/262144 (61.4%)]
[20:58:24] [iter 1] [Context: 160918/262144 (61.4%)]
[20:58:24] INFO: AI request (iteration 1, msgs=419)
[20:58:25] Stream error: you (w4d4f4k) have reached your session usage limit, upgrade for higher limits: https://ollama.com/upgrade or add extra usage: https://ollama.com/settings (ref: e12b3473-d5bb-4042-a620-7c33cd4062c8) (status code: 429)
[20:58:25] Stream error: you (w4d4f4k) have reached your session usage limit, upgrade for higher limits: https://ollama.com/upgrade or add extra usage: https://ollama.com/settings (ref: e12b3473-d5bb-4042-a620-7c33cd4062c8) (status code: 429)
[20:58:25] INFO: AI response: 0 prompt + 0 response tokens (total: 12113541 / 38558)
[20:58:25] [after +0] [Context: 160926/262144 (61.4%)]
[20:58:25] Auto-continue: AI round 23/50 — task 7/8: Replace hardcoded "1.1.0" in /api/v1/status and "KosCMS v1.3...
[20:58:25] [Context: 160982/262144 (61.4%)]
[20:58:25] [iter 1] [Context: 160982/262144 (61.4%)]
[20:58:25] INFO: AI request (iteration 1, msgs=421)
[20:58:25] Stream error: you (w4d4f4k) have reached your session usage limit, upgrade for higher limits: https://ollama.com/upgrade or add extra usage: https://ollama.com/settings (ref: 8906d608-ab6f-46d4-b42e-2c70f4aa2faf) (status code: 429)
[20:58:25] Stream error: you (w4d4f4k) have reached your session usage limit, upgrade for higher limits: https://ollama.com/upgrade or add extra usage: https://ollama.com/settings (ref: 8906d608-ab6f-46d4-b42e-2c70f4aa2faf) (status code: 429)
[20:58:25] INFO: AI response: 0 prompt + 0 response tokens (total: 12113541 / 38558)
[20:58:25] [after +0] [Context: 160990/262144 (61.4%)]
[20:58:25] Auto-continue: AI round 24/50 — task 7/8: Replace hardcoded "1.1.0" in /api/v1/status and "KosCMS v1.3...
[20:58:25] [Context: 161046/262144 (61.4%)]
[20:58:25] [iter 1] [Context: 161046/262144 (61.4%)]
[20:58:25] INFO: AI request (iteration 1, msgs=423)
[20:58:25] Stream error: you (w4d4f4k) have reached your session usage limit, upgrade for higher limits: https://ollama.com/upgrade or add extra usage: https://ollama.com/settings (ref: df58d8f3-d925-4666-8147-7d57b97005f2) (status code: 429)
[20:58:25] Stream error: you (w4d4f4k) have reached your session usage limit, upgrade for higher limits: https://ollama.com/upgrade or add extra usage: https://ollama.com/settings (ref: df58d8f3-d925-4666-8147-7d57b97005f2) (status code: 429)
[20:58:25] INFO: AI response: 0 prompt + 0 response tokens (total: 12113541 / 38558)
[20:58:25] [after +0] [Context: 161054/262144 (61.4%)]
[20:58:25] Auto-continue: AI round 25/50 — task 7/8: Replace hardcoded "1.1.0" in /api/v1/status and "KosCMS v1.3...
[20:58:25] [Context: 161110/262144 (61.5%)]
[20:58:25] [iter 1] [Context: 161110/262144 (61.5%)]
[20:58:25] INFO: AI request (iteration 1, msgs=425)
[20:58:26] Stream error: you (w4d4f4k) have reached your session usage limit, upgrade for higher limits: https://ollama.com/upgrade or add extra usage: https://ollama.com/settings (ref: 202f773d-63a0-419a-a781-7f90f6832d48) (status code: 429)
[20:58:26] Stream error: you (w4d4f4k) have reached your session usage limit, upgrade for higher limits: https://ollama.com/upgrade or add extra usage: https://ollama.com/settings (ref: 202f773d-63a0-419a-a781-7f90f6832d48) (status code: 429)
[20:58:26] INFO: AI response: 0 prompt + 0 response tokens (total: 12113541 / 38558)
[20:58:26] [after +0] [Context: 161118/262144 (61.5%)]
[20:58:26] Auto-continue: AI round 26/50 — task 7/8: Replace hardcoded "1.1.0" in /api/v1/status and "KosCMS v1.3...
[20:58:26] [Context: 161174/262144 (61.5%)]
[20:58:26] [iter 1] [Context: 161174/262144 (61.5%)]
[20:58:26] INFO: AI request (iteration 1, msgs=427)
[20:58:26] Stream error: you (w4d4f4k) have reached your session usage limit, upgrade for higher limits: https://ollama.com/upgrade or add extra usage: https://ollama.com/settings (ref: a7b9a620-afef-40d4-952e-aa223caaff44) (status code: 429)
[20:58:26] Stream error: you (w4d4f4k) have reached your session usage limit, upgrade for higher limits: https://ollama.com/upgrade or add extra usage: https://ollama.com/settings (ref: a7b9a620-afef-40d4-952e-aa223caaff44) (status code: 429)
[20:58:26] INFO: AI response: 0 prompt + 0 response tokens (total: 12113541 / 38558)
[20:58:26] [after +0] [Context: 161182/262144 (61.5%)]
[20:58:26] Auto-continue: AI round 27/50 — task 7/8: Replace hardcoded "1.1.0" in /api/v1/status and "KosCMS v1.3...
[20:58:26] [Context: 161238/262144 (61.5%)]
[20:58:26] [iter 1] [Context: 161238/262144 (61.5%)]
[20:58:26] INFO: AI request (iteration 1, msgs=429)
[20:58:26] Stream error: you (w4d4f4k) have reached your session usage limit, upgrade for higher limits: https://ollama.com/upgrade or add extra usage: https://ollama.com/settings (ref: 4e159cd8-dfc5-4d67-a5d2-8699b4d57d07) (status code: 429)
[20:58:26] Stream error: you (w4d4f4k) have reached your session usage limit, upgrade for higher limits: https://ollama.com/upgrade or add extra usage: https://ollama.com/settings (ref: 4e159cd8-dfc5-4d67-a5d2-8699b4d57d07) (status code: 429)
[20:58:26] INFO: AI response: 0 prompt + 0 response tokens (total: 12113541 / 38558)
[20:58:26] [after +0] [Context: 161246/262144 (61.5%)]
[20:58:26] Auto-continue: AI round 28/50 — task 7/8: Replace hardcoded "1.1.0" in /api/v1/status and "KosCMS v1.3...
[20:58:26] [Context: 161302/262144 (61.5%)]
[20:58:26] [iter 1] [Context: 161302/262144 (61.5%)]
[20:58:26] INFO: AI request (iteration 1, msgs=431)
[20:58:26] Stream error: you (w4d4f4k) have reached your session usage limit, upgrade for higher limits: https://ollama.com/upgrade or add extra usage: https://ollama.com/settings (ref: 2b1a801e-7716-4757-93c0-04a1ae9b2cac) (status code: 429)
[20:58:26] Stream error: you (w4d4f4k) have reached your session usage limit, upgrade for higher limits: https://ollama.com/upgrade or add extra usage: https://ollama.com/settings (ref: 2b1a801e-7716-4757-93c0-04a1ae9b2cac) (status code: 429)
[20:58:26] INFO: AI response: 0 prompt + 0 response tokens (total: 12113541 / 38558)
[20:58:26] [after +0] [Context: 161310/262144 (61.5%)]
[20:58:26] Auto-continue: AI round 29/50 — task 7/8: Replace hardcoded "1.1.0" in /api/v1/status and "KosCMS v1.3...
[20:58:26] [Context: 161366/262144 (61.6%)]
[20:58:26] [iter 1] [Context: 161366/262144 (61.6%)]
[20:58:26] INFO: AI request (iteration 1, msgs=433)
[20:58:27] Stream error: you (w4d4f4k) have reached your session usage limit, upgrade for higher limits: https://ollama.com/upgrade or add extra usage: https://ollama.com/settings (ref: d48f9abf-2771-4d17-87b4-cc28e69a122b) (status code: 429)
[20:58:27] Stream error: you (w4d4f4k) have reached your session usage limit, upgrade for higher limits: https://ollama.com/upgrade or add extra usage: https://ollama.com/settings (ref: d48f9abf-2771-4d17-87b4-cc28e69a122b) (status code: 429)
[20:58:27] INFO: AI response: 0 prompt + 0 response tokens (total: 12113541 / 38558)
[20:58:27] [after +0] [Context: 161374/262144 (61.6%)]
[20:58:27] Auto-continue: AI round 30/50 — task 7/8: Replace hardcoded "1.1.0" in /api/v1/status and "KosCMS v1.3...
[20:58:27] [Context: 161430/262144 (61.6%)]
[20:58:27] [iter 1] [Context: 161430/262144 (61.6%)]
[20:58:27] INFO: AI request (iteration 1, msgs=435)
[20:58:27] Stream error: you (w4d4f4k) have reached your session usage limit, upgrade for higher limits: https://ollama.com/upgrade or add extra usage: https://ollama.com/settings (ref: de7e1b1d-f73f-42da-bee2-32c7118ea412) (status code: 429)
[20:58:27] Stream error: you (w4d4f4k) have reached your session usage limit, upgrade for higher limits: https://ollama.com/upgrade or add extra usage: https://ollama.com/settings (ref: de7e1b1d-f73f-42da-bee2-32c7118ea412) (status code: 429)
[20:58:27] INFO: AI response: 0 prompt + 0 response tokens (total: 12113541 / 38558)
[20:58:27] [after +0] [Context: 161438/262144 (61.6%)]
[20:58:27] Auto-continue: AI round 31/50 — task 7/8: Replace hardcoded "1.1.0" in /api/v1/status and "KosCMS v1.3...
[20:58:27] [Context: 161494/262144 (61.6%)]
[20:58:27] [iter 1] [Context: 161494/262144 (61.6%)]
[20:58:27] INFO: AI request (iteration 1, msgs=437)
[20:58:42] INFO: Session started, sess_id=329, mode=build, model=kimi-k2.7-code:cloud
[20:58:42] You: 
[20:58:45] Summarizing — clearing history, keeping system messages...
[20:58:45] Context limit reached — auto-cleared chat history
[20:58:45] You: 
[20:59:05] [Context: 36422/262144 (13.9%)]
[20:59:05] [iter 1] [Context: 36422/262144 (13.9%)]
[20:59:05] INFO: AI request (iteration 1, msgs=39)
[20:59:05] Stream error: you (w4d4f4k) have reached your session usage limit, upgrade for higher limits: https://ollama.com/upgrade or add extra usage: https://ollama.com/settings (ref: f03a83bc-0d71-4ac3-ad7b-cbdb89d8fadb) (status code: 429)
[20:59:05] Stream error: you (w4d4f4k) have reached your session usage limit, upgrade for higher limits: https://ollama.com/upgrade or add extra usage: https://ollama.com/settings (ref: f03a83bc-0d71-4ac3-ad7b-cbdb89d8fadb) (status code: 429)
[20:59:05] INFO: AI response: 0 prompt + 0 response tokens (total: 0 / 0)
[20:59:05] [after +0] [Context: 36430/262144 (13.9%)]
[20:59:05] You: 
[21:01:11] You: 
[21:01:21] You: 
[21:01:57] [Context: 36474/262144 (13.9%)]
[21:01:57] [iter 1] [Context: 36474/262144 (13.9%)]
[21:01:57] INFO: AI request (iteration 1, msgs=41)
[21:02:00] INFO: AI response: 2358 prompt + 147 response tokens (total: 2358 / 147)
[21:02:00] [after +147] [Context: 44155/262144 (16.8%)]
[21:02:00] [iter 2] [Context: 44155/262144 (16.8%)]
[21:02:00] INFO: AI request (iteration 2, msgs=46)
[21:02:02] INFO: AI response: 11093 prompt + 111 response tokens (total: 13451 / 258)
[21:02:02] [after +111] [Context: 44701/262144 (17.1%)]
[21:02:02] [iter 3] [Context: 44701/262144 (17.1%)]
[21:02:02] INFO: AI request (iteration 3, msgs=50)
[21:02:05] INFO: AI response: 11708 prompt + 217 response tokens (total: 25159 / 475)
[21:02:05] [after +217] [Context: 59879/262144 (22.8%)]
[21:02:05] [iter 4] [Context: 59879/262144 (22.8%)]
[21:02:05] INFO: AI request (iteration 4, msgs=56)
[21:02:10] INFO: AI response: 25115 prompt + 642 response tokens (total: 50274 / 1117)
[21:02:10] [after +642] [Context: 60174/262144 (23.0%)]
[21:02:10] [iter 5] [Context: 60174/262144 (23.0%)]
[21:02:10] INFO: AI request (iteration 5, msgs=61)
[21:02:14] INFO: AI response: 25478 prompt + 405 response tokens (total: 75752 / 1522)
[21:02:14] [after +405] [Context: 60731/262144 (23.2%)]
[21:02:14] [iter 6] [Context: 60731/262144 (23.2%)]
[21:02:14] INFO: AI request (iteration 6, msgs=63)
[21:02:17] INFO: AI response: 25981 prompt + 75 response tokens (total: 101733 / 1597)
[21:02:17] [after +75] [Context: 60832/262144 (23.2%)]
[21:02:17] [iter 7] [Context: 60832/262144 (23.2%)]
[21:02:17] INFO: AI request (iteration 7, msgs=65)
[21:02:19] INFO: AI response: 26077 prompt + 105 response tokens (total: 127810 / 1702)
[21:02:19] [after +105] [Context: 63397/262144 (24.2%)]
[21:02:19] [iter 8] [Context: 63397/262144 (24.2%)]
[21:02:19] INFO: AI request (iteration 8, msgs=67)
[21:02:22] INFO: AI response: 28516 prompt + 157 response tokens (total: 156326 / 1859)
[21:02:22] [after +157] [Context: 63553/262144 (24.2%)]
[21:02:22] [iter 9] [Context: 63553/262144 (24.2%)]
[21:02:22] INFO: AI request (iteration 9, msgs=69)
[21:02:24] INFO: AI response: 28661 prompt + 98 response tokens (total: 184987 / 1957)
[21:02:24] [after +98] [Context: 63673/262144 (24.3%)]
[21:02:24] [iter 10] [Context: 63673/262144 (24.3%)]
[21:02:24] INFO: AI request (iteration 10, msgs=71)
[21:02:26] INFO: AI response: 28778 prompt + 37 response tokens (total: 213765 / 1994)
[21:02:26] [after +37] [Context: 66172/262144 (25.2%)]
[21:02:26] You: 
[21:02:48] You: 
[21:02:50] [Context: 66182/262144 (25.2%)]
[21:02:50] [iter 1] [Context: 66182/262144 (25.2%)]
[21:02:50] INFO: AI request (iteration 1, msgs=74)
[21:02:55] INFO: AI response: 31158 prompt + 395 response tokens (total: 244923 / 2389)
[21:02:55] [after +395] [Context: 66729/262144 (25.5%)]
[21:02:55] [iter 2] [Context: 66729/262144 (25.5%)]
[21:02:55] INFO: AI request (iteration 2, msgs=76)
[21:02:57] INFO: AI response: 31638 prompt + 93 response tokens (total: 276561 / 2482)
[21:02:57] [after +93] [Context: 66847/262144 (25.5%)]
[21:02:57] You: 
[21:03:05] [Context: 66857/262144 (25.5%)]
[21:03:05] [iter 1] [Context: 66857/262144 (25.5%)]
[21:03:05] INFO: AI request (iteration 1, msgs=78)
[21:03:08] INFO: AI response: 31738 prompt + 188 response tokens (total: 308299 / 2670)
[21:03:08] [after +188] [Context: 66983/262144 (25.6%)]
[21:03:08] [iter 2] [Context: 66983/262144 (25.6%)]
[21:03:08] INFO: AI request (iteration 2, msgs=80)
[21:03:11] INFO: AI response: 31854 prompt + 60 response tokens (total: 340153 / 2730)
[21:03:11] [after +60] [Context: 67265/262144 (25.7%)]
[21:03:11] [iter 3] [Context: 67265/262144 (25.7%)]
[21:03:11] INFO: AI request (iteration 3, msgs=82)
[21:03:12] INFO: AI response: 32104 prompt + 61 response tokens (total: 372257 / 2791)
[21:03:12] [after +61] [Context: 67337/262144 (25.7%)]
[21:03:12] You: 
[21:03:29] [Context: 67364/262144 (25.7%)]
[21:03:29] [iter 1] [Context: 67364/262144 (25.7%)]
[21:03:29] INFO: AI request (iteration 1, msgs=84)
[21:03:32] INFO: AI response: 32188 prompt + 137 response tokens (total: 404445 / 2928)
[21:03:32] [after +137] [Context: 67414/262144 (25.7%)]
[21:03:32] [iter 2] [Context: 67414/262144 (25.7%)]
[21:03:32] INFO: AI request (iteration 2, msgs=86)
[21:03:35] INFO: AI response: 32238 prompt + 190 response tokens (total: 436683 / 3118)
[21:03:35] [after +190] [Context: 67460/262144 (25.7%)]
[21:03:35] [iter 3] [Context: 67460/262144 (25.7%)]
[21:03:35] INFO: AI request (iteration 3, msgs=88)
[21:03:39] INFO: AI response: 32285 prompt + 236 response tokens (total: 468968 / 3354)
[21:03:39] [after +236] [Context: 67516/262144 (25.8%)]
[21:03:39] [iter 4] [Context: 67516/262144 (25.8%)]
[21:03:39] INFO: AI request (iteration 4, msgs=90)
[21:03:42] INFO: AI response: 32339 prompt + 96 response tokens (total: 501307 / 3450)
[21:03:42] [after +96] [Context: 67578/262144 (25.8%)]
[21:03:42] [iter 5] [Context: 67578/262144 (25.8%)]
[21:03:42] INFO: AI request (iteration 5, msgs=92)
[21:03:45] INFO: AI response: 32398 prompt + 54 response tokens (total: 533705 / 3504)
[21:03:45] [after +54] [Context: 67981/262144 (25.9%)]
[21:03:45] [iter 6] [Context: 68042/262144 (26.0%)]
[21:03:45] INFO: AI request (iteration 6, msgs=96)
[21:03:47] INFO: AI response: 32801 prompt + 73 response tokens (total: 566506 / 3577)
[21:03:47] [after +73] [Context: 68123/262144 (26.0%)]
[21:03:47] [iter 7] [Context: 68123/262144 (26.0%)]
[21:03:47] INFO: AI request (iteration 7, msgs=98)
[21:03:49] INFO: AI response: 32885 prompt + 58 response tokens (total: 599391 / 3635)
[21:03:49] [after +58] [Context: 68295/262144 (26.1%)]
[21:03:49] [iter 8] [Context: 68295/262144 (26.1%)]
[21:03:49] INFO: AI request (iteration 8, msgs=100)
[21:03:54] INFO: AI response: 33039 prompt + 432 response tokens (total: 632430 / 4067)
[21:03:54] [after +432] [Context: 68424/262144 (26.1%)]
[21:03:54] [iter 9] [Context: 68424/262144 (26.1%)]
[21:03:54] INFO: AI request (iteration 9, msgs=102)
[21:03:57] INFO: AI response: 33155 prompt + 235 response tokens (total: 665585 / 4302)
[21:03:57] [after +235] [Context: 68518/262144 (26.1%)]
[21:03:57] [iter 10] [Context: 68518/262144 (26.1%)]
[21:03:57] INFO: AI request (iteration 10, msgs=104)
[21:03:59] INFO: AI response: 33244 prompt + 87 response tokens (total: 698829 / 4389)
[21:03:59] [after +87] [Context: 68658/262144 (26.2%)]
[21:03:59] Auto-continue: AI round 1/50 — task 1/3: webcms/app_factory.py currently has duplicate 'from webcms i...
[21:03:59] [Context: 68847/262144 (26.3%)]
[21:03:59] [iter 1] [Context: 68847/262144 (26.3%)]
[21:03:59] INFO: AI request (iteration 1, msgs=107)
[21:04:02] INFO: AI response: 33537 prompt + 209 response tokens (total: 732366 / 4598)
[21:04:02] [after +209] [Context: 71660/262144 (27.3%)]
[21:04:02] [iter 2] [Context: 71660/262144 (27.3%)]
[21:04:02] INFO: AI request (iteration 2, msgs=109)
[21:04:04] INFO: AI response: 36170 prompt + 136 response tokens (total: 768536 / 4734)
[21:04:04] ✓ ReplaceLine: Error: Missing required parameter(s): replacement
Usage:
<ReplaceLine>
<fileName>string</fileName>
<fromLine>number</fromLine>
<toLine>number</toLine>
<replacement>string</replacement>
<confirmed>string</confirmed>
</ReplaceLine>
[21:04:04] [after +136] [Context: 71821/262144 (27.4%)]
[21:04:04] [iter 3] [Context: 71821/262144 (27.4%)]
[21:04:04] INFO: AI request (iteration 3, msgs=111)
[21:04:06] INFO: AI response: 36328 prompt + 78 response tokens (total: 804864 / 4812)
[21:04:06] [after +78] [Context: 71872/262144 (27.4%)]
[21:04:06] [iter 4] [Context: 71872/262144 (27.4%)]
[21:04:06] INFO: AI request (iteration 4, msgs=113)
[21:04:08] INFO: AI response: 36378 prompt + 112 response tokens (total: 841242 / 4924)
[21:04:08] [after +112] [Context: 71931/262144 (27.4%)]
[21:04:08] [iter 5] [Context: 71931/262144 (27.4%)]
[21:04:08] INFO: AI request (iteration 5, msgs=115)
[21:04:12] INFO: AI response: 36436 prompt + 157 response tokens (total: 877678 / 5081)
[21:04:12] [after +157] [Context: 71956/262144 (27.4%)]
[21:04:12] [iter 6] [Context: 71956/262144 (27.4%)]
[21:04:12] INFO: AI request (iteration 6, msgs=117)
[21:04:18] INFO: AI response: 36463 prompt + 512 response tokens (total: 914141 / 5593)
[21:04:18] [after +512] [Context: 72170/262144 (27.5%)]
[21:04:18] [iter 7] [Context: 72170/262144 (27.5%)]
[21:04:18] INFO: AI request (iteration 7, msgs=119)
[21:04:20] INFO: AI response: 36673 prompt + 91 response tokens (total: 950814 / 5684)
[21:04:20] [after +91] [Context: 72389/262144 (27.6%)]
[21:04:20] [iter 8] [Context: 72389/262144 (27.6%)]
[21:04:20] INFO: AI request (iteration 8, msgs=121)
[21:04:28] INFO: AI response: 36866 prompt + 520 response tokens (total: 987680 / 6204)
[21:04:28] [after +520] [Context: 72445/262144 (27.6%)]
[21:04:28] [iter 9] [Context: 72445/262144 (27.6%)]
[21:04:28] INFO: AI request (iteration 9, msgs=123)
[21:04:30] INFO: AI response: 36913 prompt + 55 response tokens (total: 1024593 / 6259)
[21:04:30] [after +55] [Context: 72476/262144 (27.6%)]
[21:04:30] [iter 10] [Context: 72476/262144 (27.6%)]
[21:04:30] INFO: AI request (iteration 10, msgs=125)
[21:04:32] INFO: AI response: 36940 prompt + 65 response tokens (total: 1061533 / 6324)
[21:04:32] [after +65] [Context: 72692/262144 (27.7%)]
[21:04:32] Auto-continue: AI round 2/50 — task 1/3: webcms/app_factory.py currently has duplicate 'from webcms i...
[21:04:32] [Context: 72881/262144 (27.8%)]
[21:04:32] [iter 1] [Context: 72881/262144 (27.8%)]
[21:04:32] INFO: AI request (iteration 1, msgs=128)
[21:04:35] INFO: AI response: 37285 prompt + 123 response tokens (total: 1098818 / 6447)
[21:04:35] [after +123] [Context: 73187/262144 (27.9%)]
[21:04:35] [iter 2] [Context: 73187/262144 (27.9%)]
[21:04:35] INFO: AI request (iteration 2, msgs=130)
[21:04:43] INFO: AI response: 37552 prompt + 736 response tokens (total: 1136370 / 7183)
[21:04:43] [after +736] [Context: 73235/262144 (27.9%)]
[21:04:43] [iter 3] [Context: 73235/262144 (27.9%)]
[21:04:43] INFO: AI request (iteration 3, msgs=132)
[21:04:45] INFO: AI response: 37595 prompt + 51 response tokens (total: 1173965 / 7234)
[21:04:45] [after +51] [Context: 73268/262144 (27.9%)]
[21:04:45] [iter 4] [Context: 73268/262144 (27.9%)]
[21:04:45] INFO: AI request (iteration 4, msgs=134)
[21:04:46] INFO: AI response: 37625 prompt + 44 response tokens (total: 1211590 / 7278)
[21:04:46] [after +44] [Context: 73465/262144 (28.0%)]
[21:04:46] [iter 5] [Context: 73465/262144 (28.0%)]
[21:04:46] INFO: AI request (iteration 5, msgs=136)
[21:04:51] INFO: AI response: 37799 prompt + 263 response tokens (total: 1249389 / 7541)
[21:04:51] [after +263] [Context: 73640/262144 (28.1%)]
[21:04:51] [iter 6] [Context: 73701/262144 (28.1%)]
[21:04:51] INFO: AI request (iteration 6, msgs=139)
[21:04:53] INFO: AI response: 38051 prompt + 82 response tokens (total: 1287440 / 7623)
[21:04:53] [after +82] [Context: 74109/262144 (28.3%)]
[21:04:53] [iter 7] [Context: 74109/262144 (28.3%)]
[21:04:53] INFO: AI request (iteration 7, msgs=141)
[21:04:55] INFO: AI response: 38414 prompt + 96 response tokens (total: 1325854 / 7719)
[21:04:55] [after +96] [Context: 74153/262144 (28.3%)]
[21:04:55] [iter 8] [Context: 74153/262144 (28.3%)]
[21:04:55] INFO: AI request (iteration 8, msgs=143)
[21:04:57] INFO: AI response: 38455 prompt + 80 response tokens (total: 1364309 / 7799)
[21:04:57] [after +80] [Context: 74357/262144 (28.4%)]
[21:04:57] [iter 9] [Context: 74357/262144 (28.4%)]
[21:04:57] INFO: AI request (iteration 9, msgs=145)
[21:05:00] INFO: AI response: 38640 prompt + 175 response tokens (total: 1402949 / 7974)
[21:05:00] [after +175] [Context: 76906/262144 (29.3%)]
[21:05:00] [iter 10] [Context: 76906/262144 (29.3%)]
[21:05:00] INFO: AI request (iteration 10, msgs=147)
[21:05:05] INFO: AI response: 41055 prompt + 602 response tokens (total: 1444004 / 8576)
[21:05:05] [after +602] [Context: 77434/262144 (29.5%)]
[21:05:05] Auto-continue: task 1/3 — webcms/app_factory.py currently has duplicate 'from webcms i...
[21:05:05] Auto-continue: AI round 3/50 — task 1/3: webcms/app_factory.py currently has duplicate 'from webcms i...
[21:05:05] [Context: 77812/262144 (29.7%)]
[21:05:05] [iter 1] [Context: 77812/262144 (29.7%)]
[21:05:05] INFO: AI request (iteration 1, msgs=150)
[21:05:09] INFO: AI response: 41964 prompt + 306 response tokens (total: 1485968 / 8882)
[21:05:09] [after +306] [Context: 77937/262144 (29.7%)]
[21:05:09] You: 
[21:05:24] You: 
[21:09:22] [Context: 78231/262144 (29.8%)]
[21:09:22] [iter 1] [Context: 78231/262144 (29.8%)]
[21:09:22] INFO: AI request (iteration 1, msgs=153)
[21:09:27] INFO: AI response: 42352 prompt + 423 response tokens (total: 1528320 / 9305)
[21:09:27] [after +423] [Context: 78684/262144 (30.0%)]
[21:09:27] You: 
[21:31:28] INFO: Session started, sess_id=330, mode=plan, model=kimi-k2.5:cloud
[21:31:28] Choose persona START...: 
[21:31:28] Choose available number (x to cancel): 
[21:52:04] INFO: Session started, sess_id=331, mode=plan, model=kimi-k2.5:cloud
[21:52:04] You: 
[21:52:09] You: 
[21:52:14] You: 
[21:52:48] [Context: 79607/262144 (30.4%)]
[21:52:48] [iter 1] [Context: 79607/262144 (30.4%)]
[21:52:48] INFO: AI request (iteration 1, msgs=155)
[21:52:53] INFO: AI response: 43452 prompt + 358 response tokens (total: 1571772 / 9663)
[21:52:53] [after +358] [Context: 79993/262144 (30.5%)]
[21:52:53] You: 
[21:53:04] [Context: 80003/262144 (30.5%)]
[21:53:04] [iter 1] [Context: 80003/262144 (30.5%)]
[21:53:04] INFO: AI request (iteration 1, msgs=157)
[21:53:13] INFO: AI response: 43569 prompt + 1312 response tokens (total: 1615341 / 10975)
[21:53:13] [after +1312] [Context: 81435/262144 (31.1%)]
[21:53:13] You: 
[21:53:19] [Context: 81445/262144 (31.1%)]
[21:53:19] [iter 1] [Context: 81445/262144 (31.1%)]
[21:53:19] INFO: AI request (iteration 1, msgs=159)
[21:53:26] INFO: AI response: 44803 prompt + 522 response tokens (total: 1660144 / 11497)
[21:53:26] [after +522] [Context: 82058/262144 (31.3%)]
[21:53:26] You: 
[21:53:38] [Context: 82068/262144 (31.3%)]
[21:53:38] [iter 1] [Context: 82068/262144 (31.3%)]
[21:53:38] INFO: AI request (iteration 1, msgs=161)
[21:53:43] INFO: AI response: 45285 prompt + 519 response tokens (total: 1705429 / 12016)
[21:53:43] [after +519] [Context: 82667/262144 (31.5%)]
[21:53:43] You: 
[21:54:08] You: 
[21:54:15] INFO: Session started, sess_id=332, mode=plan, model=kimi-k2.5:cloud
[21:54:15] Choose persona START...: 
[21:54:15] Choose available number (x to cancel): 
[21:54:16] Set system message ( CTRL+x ENTER to Finish. ): 
[21:54:17] Choose history START...: 
[21:54:17] Choose available number (x to cancel): 
[21:54:18] Canceling...
[21:54:18] Tool training — warming up model on available tools...
[21:54:18] [Context: 169/131072 (0.1%)]
[21:54:18] [iter 1] [Context: 169/131072 (0.1%)]
[21:54:18] INFO: AI request (iteration 1, msgs=2)
[21:54:27] <WriteFile
[Aborted: 'WriteFile' cannot be used in PLAN mode]
[21:54:27] Stream aborted: 'WriteFile' cannot be used in PLAN mode
[21:54:27] INFO: AI response: 0 prompt + 0 response tokens (total: 0 / 0)
[21:54:27] [after +0] [Context: 1589/131072 (1.2%)]
[21:54:27] You: 
[21:54:48] [Context: 2507/131072 (1.9%)]
[21:54:48] [iter 1] [Context: 2507/131072 (1.9%)]
[21:54:48] INFO: AI request (iteration 1, msgs=4)
[21:54:51] INFO: AI response: 1467 prompt + 225 response tokens (total: 1467 / 225)
[21:54:51] ✓ ReinsertTip: Error: Missing required parameter(s): title
Usage:
<ReinsertTip>
<title>string</title>
</ReinsertTip>
[21:54:51] [after +225] [Context: 4898/131072 (3.7%)]
[21:54:51] [iter 2] [Context: 4898/131072 (3.7%)]
[21:54:51] INFO: AI request (iteration 2, msgs=7)
[21:54:53] INFO: AI response: 4616 prompt + 157 response tokens (total: 6083 / 382)
[21:54:53] ✓ ReadFile: Error: Missing required parameter(s): fileName
Usage:
<ReadFile>
<fileName>string</fileName>
<max_chars>string</max_chars>
</ReadFile>
[21:54:53] Tool `ReadFile` failed 2 times with missing parameter(s): fileName. Correct format:

Usage:
<ReadFile>
<fileName>string</fileName>
<max_chars>string</max_chars>
</ReadFile>
[21:54:53] ✓ ReadFile: Error: Missing required parameter(s): fileName
Usage:
<ReadFile>
<fileName>string</fileName>
<max_chars>string</max_chars>
</ReadFile>
[21:54:53] Tool `ReadFile` failed 3 times with missing parameter(s): fileName. Correct format:

Usage:
<ReadFile>
<fileName>string</fileName>
<max_chars>string</max_chars>
</ReadFile>
[21:54:53] ✓ ReadFile: Error: Missing required parameter(s): fileName
Usage:
<ReadFile>
<fileName>string</fileName>
<max_chars>string</max_chars>
</ReadFile>
[21:54:53] [after +157] [Context: 5180/131072 (4.0%)]
[21:54:53] WARN: 3 consecutive tool errors, last tool: ReadFile
[21:54:53] AI loop: 3 consecutive tool errors — breaking loop
[21:54:53] [iter 4] [Context: 5238/131072 (4.0%)]
[21:54:53] INFO: AI request (iteration 4, msgs=14)
[21:54:55] INFO: AI response: 4960 prompt + 135 response tokens (total: 11043 / 517)
[21:54:55] [after +135] [Context: 8554/131072 (6.5%)]
[21:54:55] [iter 5] [Context: 8554/131072 (6.5%)]
[21:54:55] INFO: AI request (iteration 5, msgs=18)
[21:54:59] INFO: AI response: 7781 prompt + 220 response tokens (total: 18824 / 737)
[21:54:59] [after +220] [Context: 11128/131072 (8.5%)]
[21:54:59] [iter 6] [Context: 11128/131072 (8.5%)]
[21:54:59] INFO: AI request (iteration 6, msgs=20)
[21:55:00] INFO: AI response: 9943 prompt + 53 response tokens (total: 28767 / 790)
[21:55:00] [after +53] [Context: 14954/131072 (11.4%)]
[21:55:00] [iter 7] [Context: 14954/131072 (11.4%)]
[21:55:00] INFO: AI request (iteration 7, msgs=22)
[21:55:02] INFO: AI response: 13144 prompt + 53 response tokens (total: 41911 / 843)
[21:55:02] [after +53] [Context: 20037/131072 (15.3%)]
[21:55:02] [iter 8] [Context: 20037/131072 (15.3%)]
[21:55:02] INFO: AI request (iteration 8, msgs=24)
[21:55:04] INFO: AI response: 17376 prompt + 49 response tokens (total: 59287 / 892)
[21:55:04] [after +49] [Context: 20087/131072 (15.3%)]
[21:55:04] [iter 9] [Context: 20087/131072 (15.3%)]
[21:55:04] INFO: AI request (iteration 9, msgs=26)
[21:55:07] INFO: AI response: 17428 prompt + 59 response tokens (total: 76715 / 951)
[21:55:07] [after +59] [Context: 27666/131072 (21.1%)]
[21:55:07] [iter 10] [Context: 27666/131072 (21.1%)]
[21:55:07] INFO: AI request (iteration 10, msgs=28)
[21:55:09] INFO: AI response: 23682 prompt + 53 response tokens (total: 100397 / 1004)
[21:55:09] [after +53] [Context: 37731/131072 (28.8%)]
[21:55:09] Model tried to use 'WriteFile' in PLAN mode.
[21:55:09]   1. Switch to BUILD mode (allow the tool)
[21:55:09]   2. Stay in PLAN mode (block the tool, continue planning)
[21:55:09]   3. Cancel AI (return to user prompt)
[21:55:09]   4. Continue (dismiss, let the model proceed)
[21:55:09] Choice (1-4): 
[21:55:17] You: 
[21:55:20] You: 
[21:55:30] [Context: 37770/131072 (28.8%)]
[21:55:30] [iter 1] [Context: 37770/131072 (28.8%)]
[21:55:30] INFO: AI request (iteration 1, msgs=32)
[21:55:38] INFO: AI response: 32217 prompt + 1184 response tokens (total: 132614 / 2188)
[21:55:38] [after +1184] [Context: 38997/131072 (29.8%)]
[21:55:38] You: 
[21:55:43] You: 
[21:55:49] [Context: 39006/131072 (29.8%)]
[21:55:49] [iter 1] [Context: 39006/131072 (29.8%)]
[21:55:49] INFO: AI request (iteration 1, msgs=34)
[21:55:51] INFO: AI response: 33162 prompt + 133 response tokens (total: 165776 / 2321)
[21:55:51] [after +133] [Context: 41385/131072 (31.6%)]
[21:55:51] [iter 2] [Context: 41385/131072 (31.6%)]
[21:55:51] INFO: AI request (iteration 2, msgs=38)
[21:55:54] INFO: AI response: 35455 prompt + 100 response tokens (total: 201231 / 2421)
[21:55:54] [after +100] [Context: 41486/131072 (31.7%)]
[21:55:54] [iter 3] [Context: 41486/131072 (31.7%)]
[21:55:54] INFO: AI request (iteration 3, msgs=40)
[21:55:57] INFO: AI response: 35554 prompt + 102 response tokens (total: 236785 / 2523)
[21:55:57] [after +102] [Context: 41626/131072 (31.8%)]
[21:55:57] [iter 4] [Context: 41626/131072 (31.8%)]
[21:55:57] INFO: AI request (iteration 4, msgs=42)
[21:56:00] INFO: AI response: 35676 prompt + 93 response tokens (total: 272461 / 2616)
[21:56:00] [after +93] [Context: 41741/131072 (31.8%)]
[21:56:00] Auto-continue: AI round 1/50 — continuing plan creation
[21:56:00] [Context: 41756/131072 (31.9%)]
[21:56:00] [iter 1] [Context: 41756/131072 (31.9%)]
[21:56:00] INFO: AI request (iteration 1, msgs=44)
[21:56:06] INFO: AI response: 35690 prompt + 538 response tokens (total: 308151 / 3154)
[21:56:06] [after +538] [Context: 42597/131072 (32.5%)]
[21:56:06] [iter 2] [Context: 42597/131072 (32.5%)]
[21:56:06] INFO: AI request (iteration 2, msgs=53)
[21:56:09] INFO: AI response: 36484 prompt + 99 response tokens (total: 344635 / 3253)
[21:56:09] [after +99] [Context: 43267/131072 (33.0%)]
[21:56:09] [iter 3] [Context: 43267/131072 (33.0%)]
[21:56:09] INFO: AI request (iteration 3, msgs=55)
[21:56:17] <Append
[Aborted: 'AppendFile' cannot be used in PLAN mode]
[21:56:17] Stream aborted: 'AppendFile' cannot be used in PLAN mode
[21:56:17] INFO: AI response: 0 prompt + 0 response tokens (total: 344635 / 3253)
[21:56:17] [after +0] [Context: 43379/131072 (33.1%)]
[21:56:17] Model tried to use 'AppendFile' in PLAN mode.
[21:56:17]   1. Switch to BUILD mode (allow the tool)
[21:56:17]   2. Stay in PLAN mode (block the tool, continue planning)
[21:56:17]   3. Cancel AI (return to user prompt)
[21:56:17]   4. Continue (dismiss, let the model proceed)
[21:56:17] Choice (1-4): 
[21:56:29] [Context: 43379/131072 (33.1%)]
[21:56:29] [iter 1] [Context: 43379/131072 (33.1%)]
[21:56:29] INFO: AI request (iteration 1, msgs=56)
[21:56:37] INFO: AI response: 37095 prompt + 904 response tokens (total: 381730 / 4157)
[21:56:37] ✓ AppendFile: Error: Missing required parameter(s): contentOfFile
Usage:
<AppendFile>
<fileName>string</fileName>
<contentOfFile>string</contentOfFile>
<fromLineNumber>integer</fromLineNumber>
</AppendFile>
[21:56:37] [after +904] [Context: 44410/131072 (33.9%)]
[21:56:37] [iter 2] [Context: 44410/131072 (33.9%)]
[21:56:37] INFO: AI request (iteration 2, msgs=58)
[21:56:44] INFO: AI response: 37925 prompt + 799 response tokens (total: 419655 / 4956)
[21:56:44] [after +799] [Context: 45423/131072 (34.7%)]
[21:56:44] [iter 3] [Context: 45423/131072 (34.7%)]
[21:56:44] INFO: AI request (iteration 3, msgs=60)
[21:56:47] INFO: AI response: 38739 prompt + 55 response tokens (total: 458394 / 5011)
[21:56:47] [after +55] [Context: 46501/131072 (35.5%)]
[21:56:47] [iter 4] [Context: 46501/131072 (35.5%)]
[21:56:47] INFO: AI request (iteration 4, msgs=62)
[21:56:58] INFO: AI response: 39715 prompt + 1371 response tokens (total: 498109 / 6382)
[21:56:58] ✓ WriteFile: Error: Missing required parameter(s): contentOfFile
Usage:
<WriteFile>
<fileName>string</fileName>
<contentOfFile>string</contentOfFile>
</WriteFile>
[21:56:58] [after +1371] [Context: 48165/131072 (36.7%)]
[21:56:58] [iter 5] [Context: 48165/131072 (36.7%)]
[21:56:58] INFO: AI request (iteration 5, msgs=64)
[21:57:08] INFO: AI response: 41103 prompt + 1342 response tokens (total: 539212 / 7724)
[21:57:08] [after +1342] [Context: 49787/131072 (38.0%)]
[21:57:08] [iter 6] [Context: 49848/131072 (38.0%)]
[21:57:08] INFO: AI request (iteration 6, msgs=67)
[21:57:11] INFO: AI response: 42511 prompt + 54 response tokens (total: 581723 / 7778)
[21:57:11] [after +54] [Context: 50428/131072 (38.5%)]
[21:57:11] [iter 7] [Context: 50428/131072 (38.5%)]
[21:57:11] INFO: AI request (iteration 7, msgs=69)
[21:57:14] INFO: AI response: 43042 prompt + 64 response tokens (total: 624765 / 7842)
[21:57:14] [after +64] [Context: 51504/131072 (39.3%)]
[21:57:14] [iter 8] [Context: 51504/131072 (39.3%)]
[21:57:14] INFO: AI request (iteration 8, msgs=71)
[21:57:17] INFO: AI response: 43994 prompt + 160 response tokens (total: 668759 / 8002)
[21:57:17] [after +160] [Context: 51699/131072 (39.4%)]
[21:57:17] [iter 9] [Context: 51699/131072 (39.4%)]
[21:57:17] INFO: AI request (iteration 9, msgs=73)
[21:57:19] INFO: AI response: 44182 prompt + 35 response tokens (total: 712941 / 8037)
[21:57:19] [after +35] [Context: 51872/131072 (39.6%)]
[21:57:19] [iter 10] [Context: 51872/131072 (39.6%)]
[21:57:19] INFO: AI request (iteration 10, msgs=76)
[21:57:22] INFO: AI response: 44354 prompt + 109 response tokens (total: 757295 / 8146)
[21:57:22] [after +109] [Context: 52200/131072 (39.8%)]
[21:57:22] Auto-continue: AI round 2/50 — task 2/7: Add helper methods to AdminAPI class in webcms/admin/admin_a...
[21:57:22] [Context: 52280/131072 (39.9%)]
[21:57:22] [iter 1] [Context: 52280/131072 (39.9%)]
[21:57:22] INFO: AI request (iteration 1, msgs=79)
[21:57:29] INFO: AI response: 44732 prompt + 940 response tokens (total: 802027 / 9086)
[21:57:29] [after +940] [Context: 54553/131072 (41.6%)]
[21:57:29] [iter 2] [Context: 54553/131072 (41.6%)]
[21:57:29] INFO: AI request (iteration 2, msgs=81)
[21:57:35] INFO: AI response: 46564 prompt + 929 response tokens (total: 848591 / 10015)
[21:57:35] [after +929] [Context: 55743/131072 (42.5%)]
[21:57:35] [iter 3] [Context: 55743/131072 (42.5%)]
[21:57:35] INFO: AI request (iteration 3, msgs=83)
[21:57:38] INFO: AI response: 47541 prompt + 51 response tokens (total: 896132 / 10066)
[21:57:38] [after +51] [Context: 55846/131072 (42.6%)]
[21:57:38] [iter 4] [Context: 55846/131072 (42.6%)]
[21:57:38] INFO: AI request (iteration 4, msgs=85)
[21:57:40] INFO: AI response: 47656 prompt + 52 response tokens (total: 943788 / 10118)
[21:57:40] [after +52] [Context: 56676/131072 (43.2%)]
[21:57:40] [iter 5] [Context: 56676/131072 (43.2%)]
[21:57:40] INFO: AI request (iteration 5, msgs=87)
[21:57:44] INFO: AI response: 48369 prompt + 132 response tokens (total: 992157 / 10250)
[21:57:44] [after +132] [Context: 56881/131072 (43.4%)]
[21:57:44] [iter 6] [Context: 56881/131072 (43.4%)]
[21:57:44] INFO: AI request (iteration 6, msgs=89)
[21:57:46] INFO: AI response: 48589 prompt + 23 response tokens (total: 1040746 / 10273)
[21:57:46] [after +23] [Context: 57054/131072 (43.5%)]
[21:57:46] [iter 7] [Context: 57054/131072 (43.5%)]
[21:57:46] INFO: AI request (iteration 7, msgs=92)
[21:57:50] INFO: AI response: 48746 prompt + 65 response tokens (total: 1089492 / 10338)
[21:57:50] [after +65] [Context: 58128/131072 (44.3%)]
[21:57:50] [iter 8] [Context: 58128/131072 (44.3%)]
[21:57:50] INFO: AI request (iteration 8, msgs=94)
[21:57:52] INFO: AI response: 49653 prompt + 49 response tokens (total: 1139145 / 10387)
[21:57:52] [after +49] [Context: 60190/131072 (45.9%)]
[21:57:52] [iter 9] [Context: 60190/131072 (45.9%)]
[21:57:52] INFO: AI request (iteration 9, msgs=96)
[21:57:55] INFO: AI response: 51367 prompt + 144 response tokens (total: 1190512 / 10531)
[21:57:55] [after +144] [Context: 63300/131072 (48.3%)]
[21:57:55] [iter 10] [Context: 63300/131072 (48.3%)]
[21:57:55] INFO: AI request (iteration 10, msgs=98)
[21:58:01] INFO: AI response: 53962 prompt + 575 response tokens (total: 1244474 / 11106)
[21:58:01] [after +575] [Context: 63948/131072 (48.8%)]
[21:58:01] Auto-continue: AI round 3/50 — task 3/7: Update the dashboard() method in webcms/admin/admin_api.py t...
[21:58:01] [Context: 64028/131072 (48.8%)]
[21:58:01] [iter 1] [Context: 64028/131072 (48.8%)]
[21:58:01] INFO: AI request (iteration 1, msgs=101)
[21:58:05] INFO: AI response: 54611 prompt + 50 response tokens (total: 1299085 / 11156)
[21:58:05] [after +50] [Context: 64609/131072 (49.3%)]
[21:58:05] [iter 2] [Context: 64609/131072 (49.3%)]
[21:58:05] INFO: AI request (iteration 2, msgs=103)
[21:58:08] INFO: AI response: 55131 prompt + 57 response tokens (total: 1354216 / 11213)
[21:58:08] [after +57] [Context: 66169/131072 (50.5%)]
[21:58:08] [iter 3] [Context: 66169/131072 (50.5%)]
[21:58:08] INFO: AI request (iteration 3, msgs=105)
[21:58:11] INFO: AI response: 56427 prompt + 163 response tokens (total: 1410643 / 11376)
[21:58:11] [after +163] [Context: 66332/131072 (50.6%)]
[21:58:11] [iter 4] [Context: 66332/131072 (50.6%)]
[21:58:11] INFO: AI request (iteration 4, msgs=107)
[21:58:13] INFO: AI response: 56595 prompt + 43 response tokens (total: 1467238 / 11419)
[21:58:13] [after +43] [Context: 66482/131072 (50.7%)]
[21:58:13] [iter 5] [Context: 66482/131072 (50.7%)]
[21:58:13] INFO: AI request (iteration 5, msgs=110)
[21:58:16] INFO: AI response: 56730 prompt + 61 response tokens (total: 1523968 / 11480)
[21:58:16] [after +61] [Context: 69064/131072 (52.7%)]
[21:58:16] [iter 6] [Context: 69064/131072 (52.7%)]
[21:58:16] INFO: AI request (iteration 6, msgs=112)
[21:58:19] INFO: AI response: 58913 prompt + 171 response tokens (total: 1582881 / 11651)
[21:58:19] [after +171] [Context: 69267/131072 (52.8%)]
[21:58:19] [iter 7] [Context: 69267/131072 (52.8%)]
[21:58:19] INFO: AI request (iteration 7, msgs=114)
[21:58:22] INFO: AI response: 59121 prompt + 54 response tokens (total: 1642002 / 11705)
[21:58:22] [after +54] [Context: 72345/131072 (55.2%)]
[21:58:22] [iter 8] [Context: 72345/131072 (55.2%)]
[21:58:22] INFO: AI request (iteration 8, msgs=116)
[21:59:30] INFO: AI response: 61740 prompt + 9544 response tokens (total: 1703742 / 21249)
[21:59:30] [after +9544] [Context: 83693/131072 (63.9%)]
[21:59:30] [iter 9] [Context: 83693/131072 (63.9%)]
[21:59:30] INFO: AI request (iteration 9, msgs=118)
[21:59:34] INFO: AI response: 71261 prompt + 118 response tokens (total: 1775003 / 21367)
[21:59:34] [after +118] [Context: 83906/131072 (64.0%)]
[21:59:34] [iter 10] [Context: 83906/131072 (64.0%)]
[21:59:34] INFO: AI request (iteration 10, msgs=120)
[21:59:36] INFO: AI response: 71457 prompt + 65 response tokens (total: 1846460 / 21432)
[21:59:36] [after +65] [Context: 84053/131072 (64.1%)]
[21:59:36] Auto-continue: AI round 4/50 — task 5/7: Update list_users(), create_user(), update_user(), and delet...
[21:59:36] [Context: 84120/131072 (64.2%)]
[21:59:36] [iter 1] [Context: 84120/131072 (64.2%)]
[21:59:36] INFO: AI request (iteration 1, msgs=124)
[21:59:41] INFO: AI response: 71646 prompt + 100 response tokens (total: 1918106 / 21532)
[21:59:41] [after +100] [Context: 84950/131072 (64.8%)]
[21:59:41] [iter 2] [Context: 84950/131072 (64.8%)]
[21:59:41] INFO: AI request (iteration 2, msgs=126)
[21:59:43] INFO: AI response: 72359 prompt + 56 response tokens (total: 1990465 / 21588)
[21:59:43] [after +56] [Context: 88782/131072 (67.7%)]
[21:59:43] [iter 3] [Context: 88782/131072 (67.7%)]
[21:59:43] INFO: AI request (iteration 3, msgs=128)
[21:59:48] INFO: AI response: 75546 prompt + 61 response tokens (total: 2066011 / 21649)
[21:59:48] [after +61] [Context: 95106/131072 (72.6%)]
[21:59:48] [iter 4] [Context: 95106/131072 (72.6%)]
[21:59:48] INFO: AI request (iteration 4, msgs=130)
[21:59:54] INFO: AI response: 80796 prompt + 627 response tokens (total: 2146807 / 22276)
[21:59:54] [after +627] [Context: 95727/131072 (73.0%)]
[21:59:54] [iter 5] [Context: 95727/131072 (73.0%)]
[21:59:54] INFO: AI request (iteration 5, msgs=132)
[21:59:59] INFO: AI response: 81348 prompt + 76 response tokens (total: 2228155 / 22352)
[21:59:59] [after +76] [Context: 104555/131072 (79.8%)]
[21:59:59] [iter 6] [Context: 104555/131072 (79.8%)]
[21:59:59] INFO: AI request (iteration 6, msgs=134)
[22:01:43] INFO: AI response: 88593 prompt + 9568 response tokens (total: 2316748 / 31920)
[22:01:43] [after +9568] [Context: 115941/131072 (88.5%)]
[22:01:49] [iter 7] [Context: 25658/131072 (19.6%)]
[22:01:49] INFO: AI request (iteration 7, msgs=27)
[22:01:51] INFO: AI response: 21407 prompt + 133 response tokens (total: 2338155 / 32053)
[22:01:51] [after +133] [Context: 25803/131072 (19.7%)]
[22:01:51] [iter 8] [Context: 25803/131072 (19.7%)]
[22:01:51] INFO: AI request (iteration 8, msgs=29)
[22:01:53] INFO: AI response: 21546 prompt + 31 response tokens (total: 2359701 / 32084)
[22:01:53] [after +31] [Context: 25839/131072 (19.7%)]
[22:01:53] Auto-continue: AI round 5/50 — task 5/7: Update list_users(), create_user(), update_user(), and delet...
[22:01:53] [Context: 25906/131072 (19.8%)]
[22:01:53] [iter 1] [Context: 25906/131072 (19.8%)]
[22:01:53] INFO: AI request (iteration 1, msgs=31)
[22:01:56] INFO: AI response: 21610 prompt + 100 response tokens (total: 2381311 / 32184)
[22:01:56] [after +100] [Context: 28487/131072 (21.7%)]
[22:01:56] [iter 2] [Context: 28487/131072 (21.7%)]
[22:01:56] INFO: AI request (iteration 2, msgs=33)
[22:01:58] INFO: AI response: 23783 prompt + 56 response tokens (total: 2405094 / 32240)
[22:01:58] [after +56] [Context: 33566/131072 (25.6%)]
[22:01:58] [iter 3] [Context: 33566/131072 (25.6%)]
[22:01:58] INFO: AI request (iteration 3, msgs=35)
[22:02:13] INFO: AI response: 28010 prompt + 68 response tokens (total: 2433104 / 32308)
[22:02:13] [after +68] [Context: 41126/131072 (31.4%)]
[22:02:13] [iter 4] [Context: 41126/131072 (31.4%)]
[22:02:13] INFO: AI request (iteration 4, msgs=37)
[22:02:19] INFO: AI response: 34268 prompt + 419 response tokens (total: 2467372 / 32727)
[22:02:19] [after +419] [Context: 41436/131072 (31.6%)]
[22:02:19] [iter 5] [Context: 41436/131072 (31.6%)]
[22:02:19] INFO: AI request (iteration 5, msgs=39)
[22:02:21] INFO: AI response: 34563 prompt + 114 response tokens (total: 2501935 / 32841)
[22:02:21] [after +114] [Context: 41538/131072 (31.7%)]
[22:02:21] [iter 6] [Context: 41538/131072 (31.7%)]
[22:02:21] INFO: AI request (iteration 6, msgs=42)
[22:02:28] INFO: AI response: 34652 prompt + 719 response tokens (total: 2536587 / 33560)
[22:02:28] [after +719] [Context: 42029/131072 (32.1%)]
[22:02:28] [iter 7] [Context: 42029/131072 (32.1%)]
[22:02:28] INFO: AI request (iteration 7, msgs=44)
[22:02:34] INFO: AI response: 35079 prompt + 663 response tokens (total: 2571666 / 34223)
[22:02:34] [after +663] [Context: 42929/131072 (32.8%)]
[22:02:34] [iter 8] [Context: 42929/131072 (32.8%)]
[22:02:34] INFO: AI request (iteration 8, msgs=46)
[22:02:37] INFO: AI response: 35815 prompt + 145 response tokens (total: 2607481 / 34368)
[22:02:37] [after +145] [Context: 43086/131072 (32.9%)]
[22:02:37] [iter 9] [Context: 43086/131072 (32.9%)]
[22:02:37] INFO: AI request (iteration 9, msgs=48)
[22:02:39] INFO: AI response: 35959 prompt + 51 response tokens (total: 2643440 / 34419)
[22:02:39] [after +51] [Context: 44416/131072 (33.9%)]
[22:02:39] [iter 10] [Context: 44416/131072 (33.9%)]
[22:02:39] INFO: AI request (iteration 10, msgs=50)
[22:02:41] INFO: AI response: 37053 prompt + 44 response tokens (total: 2680493 / 34463)
[22:02:41] [after +44] [Context: 44549/131072 (34.0%)]
[22:02:41] Auto-continue: AI round 6/50 — task 7/7: Update get_settings() and update_settings() methods in webcm...
[22:02:41] [Context: 44609/131072 (34.0%)]
[22:02:41] [iter 1] [Context: 44609/131072 (34.0%)]
[22:02:41] INFO: AI request (iteration 1, msgs=54)
[22:02:44] INFO: AI response: 37209 prompt + 62 response tokens (total: 2717702 / 34525)
[22:02:44] [after +62] [Context: 53437/131072 (40.8%)]
[22:02:44] [iter 2] [Context: 53437/131072 (40.8%)]
[22:02:44] INFO: AI request (iteration 2, msgs=56)
[22:03:56] INFO: AI response: 44432 prompt + 9992 response tokens (total: 2762134 / 44517)
[22:03:56] [after +9992] [Context: 65344/131072 (49.9%)]
[22:03:56] [iter 3] [Context: 65344/131072 (49.9%)]
[22:03:56] INFO: AI request (iteration 3, msgs=58)
[22:04:02] INFO: AI response: 54373 prompt + 326 response tokens (total: 2816507 / 44843)
[22:04:02] [after +326] [Context: 65511/131072 (50.0%)]
[22:04:02] [iter 4] [Context: 65511/131072 (50.0%)]
[22:04:02] INFO: AI request (iteration 4, msgs=60)
[22:04:04] INFO: AI response: 54529 prompt + 37 response tokens (total: 2871036 / 44880)
[22:04:04] [after +37] [Context: 65544/131072 (50.0%)]
[22:04:04] [iter 5] [Context: 65544/131072 (50.0%)]
[22:04:04] INFO: AI request (iteration 5, msgs=62)
[22:04:09] INFO: AI response: 54558 prompt + 266 response tokens (total: 2925594 / 45146)
[22:04:09] [after +266] [Context: 65845/131072 (50.2%)]
[22:04:09] You: 
[22:05:38] You: 
[08:28:47] INFO: Session started, sess_id=333, mode=build, model=kimi-k2.5:cloud
[08:28:47] You: 
[08:28:50] You: 
[08:29:06] [Context: 66025/262144 (25.2%)]
[08:29:06] [iter 1] [Context: 66025/262144 (25.2%)]
[08:29:06] INFO: AI request (iteration 1, msgs=65)
[08:29:10] INFO: AI response: 54877 prompt + 79 response tokens (total: 1939725 / 34952)
[08:29:10] ✓ ReinsertTip: Error: Missing required parameter(s): title
Usage:
<ReinsertTip>
<title>string</title>
</ReinsertTip>
[08:29:10] [after +79] [Context: 66077/262144 (25.2%)]
[08:29:10] [iter 2] [Context: 66077/262144 (25.2%)]
[08:29:10] INFO: AI request (iteration 2, msgs=67)
[08:29:13] <WriteFile
[Aborted: 'WriteFile' cannot be used in PLAN mode]
[08:29:13] Stream aborted: 'WriteFile' cannot be used in PLAN mode
[08:29:13] INFO: AI response: 0 prompt + 0 response tokens (total: 1939725 / 34952)
[08:29:13] [after +0] [Context: 66351/262144 (25.3%)]
[08:29:13] Model tried to use 'WriteFile' in PLAN mode.
[08:29:13]   1. Switch to BUILD mode (allow the tool)
[08:29:13]   2. Stay in PLAN mode (block the tool, continue planning)
[08:29:13]   3. Cancel AI (return to user prompt)
[08:29:13]   4. Continue (dismiss, let the model proceed)
[08:29:13] Choice (1-4): 
[08:29:19] You: 
[08:30:03] [Context: 67385/262144 (25.7%)]
[08:30:03] [iter 1] [Context: 67385/262144 (25.7%)]
[08:30:03] INFO: AI request (iteration 1, msgs=70)
[08:30:09] INFO: AI response: 57485 prompt + 380 response tokens (total: 1997210 / 35332)
[08:30:09] [after +380] [Context: 67580/262144 (25.8%)]
[08:30:09] [iter 2] [Context: 67580/262144 (25.8%)]
[08:30:09] INFO: AI request (iteration 2, msgs=72)
[08:30:12] INFO: AI response: 57696 prompt + 41 response tokens (total: 2054906 / 35373)
[08:30:12] [after +41] [Context: 68365/262144 (26.1%)]
[08:30:12] [iter 3] [Context: 68365/262144 (26.1%)]
[08:30:12] INFO: AI request (iteration 3, msgs=74)
[08:30:15] INFO: AI response: 58708 prompt + 112 response tokens (total: 2113614 / 35485)
[08:30:15] [after +112] [Context: 69751/262144 (26.6%)]
[08:30:15] [iter 4] [Context: 69751/262144 (26.6%)]
[08:30:15] INFO: AI request (iteration 4, msgs=76)
[08:30:19] INFO: AI response: 59854 prompt + 52 response tokens (total: 2173468 / 35537)
[08:30:19] [after +52] [Context: 70575/262144 (26.9%)]
[08:30:19] [iter 5] [Context: 70575/262144 (26.9%)]
[08:30:19] INFO: AI request (iteration 5, msgs=78)
[08:30:22] INFO: AI response: 60524 prompt + 46 response tokens (total: 2233992 / 35583)
[08:30:22] [after +46] [Context: 71546/262144 (27.3%)]
[08:30:22] [iter 6] [Context: 71546/262144 (27.3%)]
[08:30:22] INFO: AI request (iteration 6, msgs=80)
[08:30:27] 
[Aborted: 'WriteFile' cannot be used in PLAN mode]
[08:30:27] Stream aborted: 'WriteFile' cannot be used in PLAN mode
[08:30:27] INFO: AI response: 0 prompt + 0 response tokens (total: 2233992 / 35583)
[08:30:27] [after +0] [Context: 71744/262144 (27.4%)]
[08:30:27] Model tried to use 'WriteFile' in PLAN mode.
[08:30:27]   1. Switch to BUILD mode (allow the tool)
[08:30:27]   2. Stay in PLAN mode (block the tool, continue planning)
[08:30:27]   3. Cancel AI (return to user prompt)
[08:30:27]   4. Continue (dismiss, let the model proceed)
[08:30:27] Choice (1-4): 
[08:30:42] You: 
[08:30:46] [Context: 71774/262144 (27.4%)]
[08:30:46] [iter 1] [Context: 71774/262144 (27.4%)]
[08:30:46] INFO: AI request (iteration 1, msgs=83)
[08:30:50] INFO: Session started, sess_id=334, mode=plan, model=kimi-k2.5:cloud
[08:30:50] You: 
[08:30:53] You: 
[08:31:16] [Context: 71802/262144 (27.4%)]
[08:31:16] [iter 1] [Context: 71802/262144 (27.4%)]
[08:31:17] INFO: AI request (iteration 1, msgs=84)
[08:31:20] INFO: AI response: 61539 prompt + 183 response tokens (total: 2295531 / 35766)
[08:31:20] [after +183] [Context: 72016/262144 (27.5%)]
[08:31:20] [iter 2] [Context: 72016/262144 (27.5%)]
[08:31:20] INFO: AI request (iteration 2, msgs=86)
[08:31:23] INFO: AI response: 61731 prompt + 137 response tokens (total: 2357262 / 35903)
[08:31:23] [after +137] [Context: 72167/262144 (27.5%)]
[08:31:23] [iter 3] [Context: 72167/262144 (27.5%)]
[08:31:23] INFO: AI request (iteration 3, msgs=88)
[08:31:25] INFO: AI response: 61874 prompt + 111 response tokens (total: 2419136 / 36014)
[08:31:25] [after +111] [Context: 72303/262144 (27.6%)]
[08:31:25] [iter 4] [Context: 72303/262144 (27.6%)]
[08:31:25] INFO: AI request (iteration 4, msgs=90)
[08:31:28] INFO: AI response: 62000 prompt + 113 response tokens (total: 2481136 / 36127)
[08:31:28] [after +113] [Context: 72432/262144 (27.6%)]
[08:31:28] [iter 5] [Context: 72432/262144 (27.6%)]
[08:31:28] INFO: AI request (iteration 5, msgs=92)
[08:31:32] INFO: AI response: 62121 prompt + 216 response tokens (total: 2543257 / 36343)
[08:31:32] [after +216] [Context: 72590/262144 (27.7%)]
[08:31:32] [iter 6] [Context: 72590/262144 (27.7%)]
[08:31:32] INFO: AI request (iteration 6, msgs=94)
[08:31:35] INFO: AI response: 62250 prompt + 114 response tokens (total: 2605507 / 36457)
[08:31:35] [after +114] [Context: 72723/262144 (27.7%)]
[08:31:35] Auto-continue: AI round 1/50 — continuing plan creation
[08:31:35] [Context: 72738/262144 (27.7%)]
[08:31:35] [iter 1] [Context: 72738/262144 (27.7%)]
[08:31:35] INFO: AI request (iteration 1, msgs=96)
[08:31:38] INFO: AI response: 62360 prompt + 117 response tokens (total: 2667867 / 36574)
[08:31:38] [after +117] [Context: 72875/262144 (27.8%)]
[08:31:38] [iter 2] [Context: 72875/262144 (27.8%)]
[08:31:38] INFO: AI request (iteration 2, msgs=98)
[08:31:41] INFO: AI response: 62482 prompt + 104 response tokens (total: 2730349 / 36678)
[08:31:41] [after +104] [Context: 73007/262144 (27.8%)]
[08:31:41] [iter 3] [Context: 73007/262144 (27.8%)]
[08:31:41] INFO: AI request (iteration 3, msgs=100)
[08:31:43] INFO: AI response: 62594 prompt + 117 response tokens (total: 2792943 / 36795)
[08:31:43] [after +117] [Context: 73146/262144 (27.9%)]
[08:31:43] [iter 4] [Context: 73146/262144 (27.9%)]
[08:31:43] INFO: AI request (iteration 4, msgs=102)
[08:31:46] INFO: AI response: 62719 prompt + 132 response tokens (total: 2855662 / 36927)
[08:31:46] [after +132] [Context: 73284/262144 (28.0%)]
[08:31:46] [iter 5] [Context: 73284/262144 (28.0%)]
[08:31:46] INFO: AI request (iteration 5, msgs=104)
[08:31:49] INFO: AI response: 62838 prompt + 185 response tokens (total: 2918500 / 37112)
[08:31:49] [after +185] [Context: 73423/262144 (28.0%)]
[08:31:49] [iter 6] [Context: 73423/262144 (28.0%)]
[08:31:49] INFO: AI request (iteration 6, msgs=106)
[08:31:53] INFO: AI response: 62958 prompt + 339 response tokens (total: 2981458 / 37451)
[08:31:53] [after +339] [Context: 73814/262144 (28.2%)]
[08:31:53] Auto-continue: AI round 2/50 — continuing plan creation
[08:31:53] [Context: 73829/262144 (28.2%)]
[08:31:53] [iter 1] [Context: 73829/262144 (28.2%)]
[08:31:53] INFO: AI request (iteration 1, msgs=108)
[08:31:55] INFO: AI response: 63142 prompt + 122 response tokens (total: 3044600 / 37573)
[08:31:55] [after +122] [Context: 73966/262144 (28.2%)]
[08:31:55] [iter 2] [Context: 73966/262144 (28.2%)]
[08:31:55] INFO: AI request (iteration 2, msgs=110)
[08:31:58] INFO: AI response: 63269 prompt + 122 response tokens (total: 3107869 / 37695)
[08:31:58] [after +122] [Context: 74112/262144 (28.3%)]
[08:31:58] [iter 3] [Context: 74112/262144 (28.3%)]
[08:31:58] INFO: AI request (iteration 3, msgs=112)
[08:32:00] INFO: AI response: 63395 prompt + 118 response tokens (total: 3171264 / 37813)
[08:32:00] [after +118] [Context: 74267/262144 (28.3%)]
[08:32:00] [iter 4] [Context: 74267/262144 (28.3%)]
[08:32:00] INFO: AI request (iteration 4, msgs=114)
[08:32:03] INFO: AI response: 63527 prompt + 110 response tokens (total: 3234791 / 37923)
[08:32:03] [after +110] [Context: 74408/262144 (28.4%)]
[08:32:03] [iter 5] [Context: 74408/262144 (28.4%)]
[08:32:03] INFO: AI request (iteration 5, msgs=116)
[08:32:05] INFO: AI response: 63649 prompt + 119 response tokens (total: 3298440 / 38042)
[08:32:05] [after +119] [Context: 74551/262144 (28.4%)]
[08:32:05] [iter 6] [Context: 74551/262144 (28.4%)]
[08:32:05] INFO: AI request (iteration 6, msgs=118)
[08:32:08] INFO: AI response: 63781 prompt + 261 response tokens (total: 3362221 / 38303)
[08:32:08] [after +261] [Context: 74859/262144 (28.6%)]
[08:32:08] Auto-continue: AI round 3/50 — continuing plan creation
[08:32:08] [Context: 74874/262144 (28.6%)]
[08:32:08] [iter 1] [Context: 74874/262144 (28.6%)]
[08:32:08] INFO: AI request (iteration 1, msgs=120)
[08:32:11] INFO: AI response: 64043 prompt + 107 response tokens (total: 3426264 / 38410)
[08:32:11] [after +107] [Context: 75007/262144 (28.6%)]
[08:32:11] [iter 2] [Context: 75007/262144 (28.6%)]
[08:32:11] INFO: AI request (iteration 2, msgs=122)
[08:32:13] INFO: AI response: 64160 prompt + 111 response tokens (total: 3490424 / 38521)
[08:32:13] [after +111] [Context: 75154/262144 (28.7%)]
[08:32:13] [iter 3] [Context: 75215/262144 (28.7%)]
[08:32:13] INFO: AI request (iteration 3, msgs=125)
[08:32:16] INFO: AI response: 64343 prompt + 139 response tokens (total: 3554767 / 38660)
[08:32:16] [after +139] [Context: 75365/262144 (28.7%)]
[08:32:16] [iter 4] [Context: 75365/262144 (28.7%)]
[08:32:16] INFO: AI request (iteration 4, msgs=127)
[08:32:20] INFO: AI response: 64474 prompt + 306 response tokens (total: 3619241 / 38966)
[08:32:20] [after +306] [Context: 75727/262144 (28.9%)]
[08:32:20] Auto-continue: AI round 4/50 — continuing plan creation
[08:32:20] [Context: 75742/262144 (28.9%)]
[08:32:20] [iter 1] [Context: 75742/262144 (28.9%)]
[08:32:20] INFO: AI request (iteration 1, msgs=129)
[08:32:26] INFO: Session started, sess_id=335, mode=plan, model=kimi-k2.5:cloud
[08:32:26] You: 
[08:32:34] You: 
[08:33:06] [Context: 75779/262144 (28.9%)]
[08:33:06] [iter 1] [Context: 75779/262144 (28.9%)]
[08:33:06] INFO: AI request (iteration 1, msgs=130)
[08:33:10] INFO: AI response: 64809 prompt + 249 response tokens (total: 3684050 / 39215)
[08:33:10] [after +249] [Context: 75950/262144 (29.0%)]
[08:33:10] [iter 2] [Context: 75950/262144 (29.0%)]
[08:33:10] INFO: AI request (iteration 2, msgs=132)
[08:33:13] INFO: AI response: 64964 prompt + 125 response tokens (total: 3749014 / 39340)
[08:33:13] [after +125] [Context: 76094/262144 (29.0%)]
[08:33:13] Auto-continue: AI round 1/50 — continuing plan creation
[08:33:13] [Context: 76109/262144 (29.0%)]
[08:33:13] [iter 1] [Context: 76109/262144 (29.0%)]
[08:33:13] INFO: AI request (iteration 1, msgs=134)
[08:33:16] INFO: AI response: 64978 prompt + 149 response tokens (total: 3813992 / 39489)
[08:33:16] [after +149] [Context: 76277/262144 (29.1%)]
[08:33:16] [iter 2] [Context: 76277/262144 (29.1%)]
[08:33:16] INFO: AI request (iteration 2, msgs=136)
[08:33:19] INFO: AI response: 65133 prompt + 127 response tokens (total: 3879125 / 39616)
[08:33:19] [after +127] [Context: 76431/262144 (29.2%)]
[08:33:19] [iter 3] [Context: 76431/262144 (29.2%)]
[08:33:19] INFO: AI request (iteration 3, msgs=138)
[08:33:23] INFO: AI response: 65272 prompt + 122 response tokens (total: 3944397 / 39738)
[08:33:23] [after +122] [Context: 76592/262144 (29.2%)]
[08:33:23] [iter 4] [Context: 76592/262144 (29.2%)]
[08:33:23] INFO: AI request (iteration 4, msgs=140)
[08:33:26] INFO: AI response: 65411 prompt + 117 response tokens (total: 4009808 / 39855)
[08:33:26] [after +117] [Context: 76749/262144 (29.3%)]
[08:33:26] [iter 5] [Context: 76749/262144 (29.3%)]
[08:33:26] INFO: AI request (iteration 5, msgs=142)
[08:33:29] INFO: AI response: 65543 prompt + 131 response tokens (total: 4075351 / 39986)
[08:33:29] [after +131] [Context: 76887/262144 (29.3%)]
[08:33:29] Auto-continue: AI round 2/50 — continuing plan creation
[08:33:29] [Context: 76902/262144 (29.3%)]
[08:33:29] [iter 1] [Context: 76902/262144 (29.3%)]
[08:33:29] INFO: AI request (iteration 1, msgs=144)
[08:33:32] INFO: AI response: 65558 prompt + 119 response tokens (total: 4140909 / 40105)
[08:33:32] [after +119] [Context: 77058/262144 (29.4%)]
[08:33:32] [iter 2] [Context: 77058/262144 (29.4%)]
[08:33:32] INFO: AI request (iteration 2, msgs=146)
[08:33:35] INFO: AI response: 65691 prompt + 148 response tokens (total: 4206600 / 40253)
[08:33:35] [after +148] [Context: 77219/262144 (29.5%)]
[08:33:35] [iter 3] [Context: 77219/262144 (29.5%)]
[08:33:35] INFO: AI request (iteration 3, msgs=148)
[08:33:39] INFO: AI response: 65853 prompt + 130 response tokens (total: 4272453 / 40383)
[08:33:39] [after +130] [Context: 77387/262144 (29.5%)]
[08:33:39] [iter 4] [Context: 77387/262144 (29.5%)]
[08:33:39] INFO: AI request (iteration 4, msgs=150)
[08:33:43] INFO: AI response: 65998 prompt + 136 response tokens (total: 4338451 / 40519)
[08:33:43] [after +136] [Context: 77550/262144 (29.6%)]
[08:33:43] [iter 5] [Context: 77550/262144 (29.6%)]
[08:33:43] INFO: AI request (iteration 5, msgs=152)
[08:33:46] INFO: AI response: 66139 prompt + 129 response tokens (total: 4404590 / 40648)
[08:33:46] [after +129] [Context: 77703/262144 (29.6%)]
[08:33:46] Auto-continue: AI round 3/50 — continuing plan creation
[08:33:46] [Context: 77718/262144 (29.6%)]
[08:33:46] [iter 1] [Context: 77718/262144 (29.6%)]
[08:33:46] INFO: AI request (iteration 1, msgs=154)
[08:33:49] INFO: AI response: 66154 prompt + 131 response tokens (total: 4470744 / 40779)
[08:33:49] [after +131] [Context: 77879/262144 (29.7%)]
[08:33:49] [iter 2] [Context: 77879/262144 (29.7%)]
[08:33:49] INFO: AI request (iteration 2, msgs=156)
[08:33:52] INFO: AI response: 66299 prompt + 124 response tokens (total: 4537043 / 40903)
[08:33:52] [after +124] [Context: 78040/262144 (29.8%)]
[08:33:52] [iter 3] [Context: 78040/262144 (29.8%)]
[08:33:52] INFO: AI request (iteration 3, msgs=158)
[08:33:55] INFO: AI response: 66436 prompt + 135 response tokens (total: 4603479 / 41038)
[08:33:55] [after +135] [Context: 78203/262144 (29.8%)]
[08:33:55] [iter 4] [Context: 78203/262144 (29.8%)]
[08:33:55] INFO: AI request (iteration 4, msgs=160)
[08:34:02] INFO: AI response: 66586 prompt + 129 response tokens (total: 4670065 / 41167)
[08:34:02] [after +129] [Context: 78370/262144 (29.9%)]
[08:34:02] [iter 5] [Context: 78370/262144 (29.9%)]
[08:34:02] INFO: AI request (iteration 5, msgs=162)
[08:34:08] INFO: AI response: 66731 prompt + 134 response tokens (total: 4736796 / 41301)
[08:34:08] [after +134] [Context: 78532/262144 (30.0%)]
[08:34:08] [iter 6] [Context: 78532/262144 (30.0%)]
[08:34:08] INFO: AI request (iteration 6, msgs=164)
[08:34:11] INFO: AI response: 66877 prompt + 141 response tokens (total: 4803673 / 41442)
[08:34:11] [after +141] [Context: 78684/262144 (30.0%)]
[08:34:11] Plan complete — switched to BUILD mode. Waiting for your instruction.
[08:34:11] You: 
[08:50:20] You: 
[08:50:32] You: 
[08:50:37] You: 
[06:10:05] INFO: Session started, sess_id=336, mode=plan, model=kimi-k2.5:cloud
[06:10:05] You: 
[06:10:11] You: 
[06:10:24] You: 
[06:10:35] You: 
[06:11:56] [Context: 79134/262144 (30.2%)]
[06:11:56] [iter 1] [Context: 79134/262144 (30.2%)]
[06:11:56] INFO: AI request (iteration 1, msgs=168)
[06:12:01] INFO: AI response: 67448 prompt + 211 response tokens (total: 4871121 / 41653)
[06:12:01] [after +211] [Context: 79293/262144 (30.2%)]
[06:12:01] [iter 2] [Context: 79293/262144 (30.2%)]
[06:12:01] INFO: AI request (iteration 2, msgs=170)
[06:12:03] INFO: AI response: 67578 prompt + 85 response tokens (total: 4938699 / 41738)
[06:12:03] [after +85] [Context: 79421/262144 (30.3%)]
[06:12:03] [iter 3] [Context: 79421/262144 (30.3%)]
[06:12:03] INFO: AI request (iteration 3, msgs=172)
[06:12:05] INFO: AI response: 67694 prompt + 106 response tokens (total: 5006393 / 41844)
[06:12:05] [after +106] [Context: 79580/262144 (30.4%)]
[06:12:05] [iter 4] [Context: 79580/262144 (30.4%)]
[06:12:05] INFO: AI request (iteration 4, msgs=174)
[06:12:08] INFO: AI response: 67835 prompt + 92 response tokens (total: 5074228 / 41936)
[06:12:08] [after +92] [Context: 79723/262144 (30.4%)]
[06:12:08] [iter 5] [Context: 79723/262144 (30.4%)]
[06:12:08] INFO: AI request (iteration 5, msgs=176)
[06:12:10] INFO: AI response: 67962 prompt + 96 response tokens (total: 5142190 / 42032)
[06:12:10] [after +96] [Context: 79873/262144 (30.5%)]
[06:12:10] [iter 6] [Context: 79873/262144 (30.5%)]
[06:12:10] INFO: AI request (iteration 6, msgs=178)
[06:12:13] INFO: AI response: 68089 prompt + 90 response tokens (total: 5210279 / 42122)
[06:12:13] [after +90] [Context: 80006/262144 (30.5%)]
[06:12:13] [iter 7] [Context: 80006/262144 (30.5%)]
[06:12:13] INFO: AI request (iteration 7, msgs=180)
[06:12:16] INFO: AI response: 68211 prompt + 98 response tokens (total: 5278490 / 42220)
[06:12:16] [after +98] [Context: 80147/262144 (30.6%)]
[06:12:16] [iter 8] [Context: 80147/262144 (30.6%)]
[06:12:16] INFO: AI request (iteration 8, msgs=182)
[06:12:19] INFO: AI response: 68340 prompt + 117 response tokens (total: 5346830 / 42337)
[06:12:19] [after +117] [Context: 80429/262144 (30.7%)]
[06:12:19] Plan complete — switched to BUILD mode. Waiting for your instruction.
[06:12:19] You: 
[06:12:24] You: 
[06:12:30] [Context: 80429/262144 (30.7%)]
[06:12:30] [iter 1] [Context: 80429/262144 (30.7%)]
[06:12:30] INFO: AI request (iteration 1, msgs=185)
[06:12:31] INFO: AI response: 68588 prompt + 32 response tokens (total: 5415418 / 42369)
[06:12:31] [after +32] [Context: 81815/262144 (31.2%)]
[06:12:31] [iter 2] [Context: 81815/262144 (31.2%)]
[06:12:31] INFO: AI request (iteration 2, msgs=187)
[06:12:33] INFO: AI response: 69734 prompt + 32 response tokens (total: 5485152 / 42401)
[06:12:33] [after +32] [Context: 82786/262144 (31.6%)]
[06:12:33] [iter 3] [Context: 82786/262144 (31.6%)]
[06:12:33] INFO: AI request (iteration 3, msgs=189)
[06:12:35] INFO: AI response: 70600 prompt + 95 response tokens (total: 5555752 / 42496)
[06:12:35] [after +95] [Context: 84862/262144 (32.4%)]
[06:12:35] [iter 4] [Context: 84862/262144 (32.4%)]
[06:12:35] INFO: AI request (iteration 4, msgs=191)
[06:12:43] INFO: AI response: 72546 prompt + 514 response tokens (total: 5628298 / 43010)
[06:12:43] [after +514] [Context: 85338/262144 (32.6%)]
[06:12:43] [iter 5] [Context: 85338/262144 (32.6%)]
[06:12:43] INFO: AI request (iteration 5, msgs=194)
[06:12:44] INFO: AI response: 72940 prompt + 32 response tokens (total: 5701238 / 43042)
[06:12:44] [after +32] [Context: 86724/262144 (33.1%)]
[06:12:44] [iter 6] [Context: 86724/262144 (33.1%)]
[06:12:44] INFO: AI request (iteration 6, msgs=196)
[06:12:57] INFO: AI response: 74086 prompt + 1234 response tokens (total: 5775324 / 44276)
[06:12:57] [after +1234] [Context: 88201/262144 (33.6%)]
[06:12:57] [iter 7] [Context: 88201/262144 (33.6%)]
[06:12:57] INFO: AI request (iteration 7, msgs=198)
[06:12:58] INFO: AI response: 75344 prompt + 11 response tokens (total: 5850668 / 44287)
[06:12:58] [after +11] [Context: 88375/262144 (33.7%)]
[06:12:58] [iter 8] [Context: 88375/262144 (33.7%)]
[06:12:58] INFO: AI request (iteration 8, msgs=201)
[06:13:00] INFO: AI response: 75479 prompt + 32 response tokens (total: 5926147 / 44319)
[06:13:00] [after +32] [Context: 89761/262144 (34.2%)]
[06:13:00] [iter 9] [Context: 89761/262144 (34.2%)]
[06:13:00] INFO: AI request (iteration 9, msgs=203)
[06:13:02] INFO: AI response: 76625 prompt + 149 response tokens (total: 6002772 / 44468)
[06:13:02] [after +149] [Context: 90010/262144 (34.3%)]
[06:13:02] [iter 10] [Context: 90010/262144 (34.3%)]
[06:13:02] INFO: AI request (iteration 10, msgs=205)
[06:13:06] INFO: AI response: 76862 prompt + 238 response tokens (total: 6079634 / 44706)
[06:13:06] [after +238] [Context: 90358/262144 (34.5%)]
[06:13:06] Auto-continue: AI round 1/50 — task 3/6: Modify Application.run() in webcms/core/application.py to us...
[06:13:06] [Context: 90439/262144 (34.5%)]
[06:13:06] [iter 1] [Context: 90439/262144 (34.5%)]
[06:13:06] INFO: AI request (iteration 1, msgs=208)
[06:13:07] INFO: AI response: 77236 prompt + 32 response tokens (total: 6156870 / 44738)
[06:13:07] [after +32] [Context: 91888/262144 (35.1%)]
[06:13:07] [iter 2] [Context: 91888/262144 (35.1%)]
[06:13:07] INFO: AI request (iteration 2, msgs=210)
[06:13:16] INFO: AI response: 78452 prompt + 1201 response tokens (total: 6235322 / 45939)
[06:13:16] [after +1201] [Context: 93352/262144 (35.6%)]
[06:13:16] [iter 3] [Context: 93352/262144 (35.6%)]
[06:13:16] INFO: AI request (iteration 3, msgs=212)
[06:13:17] INFO: AI response: 79662 prompt + 11 response tokens (total: 6314984 / 45950)
[06:13:17] [after +11] [Context: 93552/262144 (35.7%)]
[06:13:17] [iter 4] [Context: 93552/262144 (35.7%)]
[06:13:17] INFO: AI request (iteration 4, msgs=215)
[06:13:19] INFO: AI response: 79817 prompt + 33 response tokens (total: 6394801 / 45983)
[06:13:19] [after +33] [Context: 94376/262144 (36.0%)]
[06:13:19] [iter 5] [Context: 94376/262144 (36.0%)]
[06:13:19] INFO: AI request (iteration 5, msgs=217)
[06:13:21] INFO: AI response: 80487 prompt + 108 response tokens (total: 6475288 / 46091)
[06:13:21] [after +108] [Context: 94564/262144 (36.1%)]
[06:13:21] [iter 6] [Context: 94564/262144 (36.1%)]
[06:13:21] INFO: AI request (iteration 6, msgs=219)
[06:13:27] INFO: AI response: 80671 prompt + 720 response tokens (total: 6555959 / 46811)
[06:13:27] ✓ ReplaceLine: Error: toLine 119 exceeds file length (110 lines).
[06:13:27] [after +720] [Context: 95413/262144 (36.4%)]
[06:13:27] [iter 7] [Context: 95413/262144 (36.4%)]
[06:13:27] INFO: AI request (iteration 7, msgs=221)
[06:13:29] INFO: AI response: 81416 prompt + 52 response tokens (total: 6637375 / 46863)
[06:13:29] [after +52] [Context: 96247/262144 (36.7%)]
[06:13:29] [iter 8] [Context: 96247/262144 (36.7%)]
[06:13:29] INFO: AI request (iteration 8, msgs=223)
[06:13:38] INFO: AI response: 82095 prompt + 1329 response tokens (total: 6719470 / 48192)
[06:13:38] [after +1329] [Context: 97866/262144 (37.3%)]
[06:13:38] [iter 9] [Context: 97866/262144 (37.3%)]
[06:13:38] INFO: AI request (iteration 9, msgs=225)
[06:13:40] INFO: AI response: 83448 prompt + 11 response tokens (total: 6802918 / 48203)
[06:13:40] [after +11] [Context: 98034/262144 (37.4%)]
[06:13:40] [iter 10] [Context: 98034/262144 (37.4%)]
[06:13:40] INFO: AI request (iteration 10, msgs=228)
[06:13:42] INFO: AI response: 83583 prompt + 32 response tokens (total: 6886501 / 48235)
[06:13:42] [after +32] [Context: 99005/262144 (37.8%)]
[06:13:42] Auto-continue: AI round 2/50 — task 5/6: Review webcms/core/request.py to ensure it handles edge case...
[06:13:42] [Context: 99083/262144 (37.8%)]
[06:13:42] [iter 1] [Context: 99083/262144 (37.8%)]
[06:13:42] INFO: AI request (iteration 1, msgs=231)
[06:13:52] INFO: AI response: 84509 prompt + 1327 response tokens (total: 6971010 / 49562)
[06:13:52] [after +1327] [Context: 100677/262144 (38.4%)]
[06:13:52] [iter 2] [Context: 100677/262144 (38.4%)]
[06:13:52] INFO: AI request (iteration 2, msgs=233)
[06:13:53] INFO: AI response: 85860 prompt + 11 response tokens (total: 7056870 / 49573)
[06:13:53] [after +11] [Context: 100871/262144 (38.5%)]
[06:13:53] [iter 3] [Context: 100871/262144 (38.5%)]
[06:13:53] INFO: AI request (iteration 3, msgs=236)
[06:14:04] INFO: AI response: 86017 prompt + 1553 response tokens (total: 7142887 / 51126)
[06:14:04] [after +1553] [Context: 102254/262144 (39.0%)]
[06:14:04] [iter 4] [Context: 102254/262144 (39.0%)]
[06:14:04] INFO: AI request (iteration 4, msgs=238)
[06:14:06] INFO: AI response: 87595 prompt + 39 response tokens (total: 7230482 / 51165)
[06:14:06] [after +39] [Context: 102287/262144 (39.0%)]
[06:14:06] [iter 5] [Context: 102287/262144 (39.0%)]
[06:14:06] INFO: AI request (iteration 5, msgs=240)
[06:14:08] INFO: AI response: 87624 prompt + 160 response tokens (total: 7318106 / 51325)
[06:14:08] [after +160] [Context: 102467/262144 (39.1%)]
[06:14:08] You: 
[06:39:56] You: 
[06:41:15] INFO: Session started, sess_id=337, mode=build, model=kimi-k2.7-code:cloud
[06:41:15] You: 
[06:41:25] [Context: 102728/262144 (39.2%)]
[06:41:25] [iter 1] [Context: 102728/262144 (39.2%)]
[06:41:25] INFO: AI request (iteration 1, msgs=242)
[06:41:34] INFO: AI response: 88076 prompt + 786 response tokens (total: 7406182 / 52111)
[06:41:34] [after +786] [Context: 104156/262144 (39.7%)]
[06:41:34] [iter 2] [Context: 104156/262144 (39.7%)]
[06:41:34] INFO: AI request (iteration 2, msgs=244)
[06:41:37] INFO: AI response: 89288 prompt + 232 response tokens (total: 7495470 / 52343)
[06:41:37] [after +232] [Context: 104481/262144 (39.9%)]
[06:41:37] [iter 3] [Context: 104481/262144 (39.9%)]
[06:41:37] INFO: AI request (iteration 3, msgs=246)
[06:41:39] INFO: AI response: 89611 prompt + 92 response tokens (total: 7585081 / 52435)
[06:41:39] [after +92] [Context: 105051/262144 (40.1%)]
[06:41:39] [iter 4] [Context: 105051/262144 (40.1%)]
[06:41:39] INFO: AI request (iteration 4, msgs=248)
[06:41:42] INFO: AI response: 90116 prompt + 189 response tokens (total: 7675197 / 52624)
[06:41:42] ✓ ReplaceLine: Error: toLine 160 exceeds file length (145 lines).
[06:41:42] [after +189] [Context: 105273/262144 (40.2%)]
[06:41:42] [iter 5] [Context: 105273/262144 (40.2%)]
[06:41:42] INFO: AI request (iteration 5, msgs=250)
[06:41:43] INFO: AI response: 90330 prompt + 44 response tokens (total: 7765527 / 52668)
[06:41:43] [after +44] [Context: 106351/262144 (40.6%)]
[06:41:43] [iter 6] [Context: 106351/262144 (40.6%)]
[06:41:43] INFO: AI request (iteration 6, msgs=252)
[06:41:53] INFO: AI response: 91265 prompt + 1204 response tokens (total: 7856792 / 53872)
[06:41:53] [after +1204] [Context: 107800/262144 (41.1%)]
[06:41:53] [iter 7] [Context: 107800/262144 (41.1%)]
[06:41:53] INFO: AI request (iteration 7, msgs=254)
[06:41:55] INFO: AI response: 92493 prompt + 179 response tokens (total: 7949285 / 54051)
[06:41:55] [after +179] [Context: 107995/262144 (41.2%)]
[06:41:55] You: 
[06:43:18] INFO: Session started, sess_id=338, mode=build, model=kimi-k2.7-code:cloud
[06:43:18] You: 
[06:43:35] [Context: 108965/262144 (41.6%)]
[06:43:35] [iter 1] [Context: 108965/262144 (41.6%)]
[06:43:35] INFO: AI request (iteration 1, msgs=256)
[06:44:29] INFO: AI response: 93361 prompt + 7122 response tokens (total: 8042646 / 61173)
[06:44:29] [after +7122] [Context: 110012/262144 (42.0%)]
[06:44:29] [iter 2] [Context: 110012/262144 (42.0%)]
[06:44:29] INFO: AI request (iteration 2, msgs=258)
[06:44:46] INFO: AI response: 94251 prompt + 2039 response tokens (total: 8136897 / 63212)
[06:44:46] [after +2039] [Context: 111557/262144 (42.6%)]
[06:44:46] [iter 3] [Context: 111557/262144 (42.6%)]
[06:44:46] INFO: AI request (iteration 3, msgs=260)
[06:44:48] INFO: AI response: 95569 prompt + 132 response tokens (total: 8232466 / 63344)
[06:44:48] [after +132] [Context: 111700/262144 (42.6%)]
[06:44:48] You: 
[06:47:35] [Context: 112740/262144 (43.0%)]
[06:47:35] [iter 1] [Context: 112740/262144 (43.0%)]
[06:47:35] INFO: AI request (iteration 1, msgs=262)
[06:47:45] INFO: AI response: 96556 prompt + 1343 response tokens (total: 8329022 / 64687)
[06:47:45] [after +1343] [Context: 114341/262144 (43.6%)]
[06:47:45] [iter 2] [Context: 114341/262144 (43.6%)]
[06:47:45] INFO: AI request (iteration 2, msgs=264)
[06:47:54] INFO: AI response: 97923 prompt + 724 response tokens (total: 8426945 / 65411)
[06:47:54] [after +724] [Context: 114685/262144 (43.7%)]
[06:47:54] [iter 3] [Context: 114685/262144 (43.7%)]
[06:47:54] INFO: AI request (iteration 3, msgs=266)
[06:48:13] INFO: AI response: 98262 prompt + 2421 response tokens (total: 8525207 / 67832)
[06:48:13] [after +2421] [Context: 116299/262144 (44.4%)]
[06:48:13] [iter 4] [Context: 116299/262144 (44.4%)]
[06:48:13] INFO: AI request (iteration 4, msgs=268)
[06:48:32] INFO: AI response: 99622 prompt + 2491 response tokens (total: 8624829 / 70323)
[06:48:32] [after +2491] [Context: 117704/262144 (44.9%)]
[06:48:32] [iter 5] [Context: 117704/262144 (44.9%)]
[06:48:32] INFO: AI request (iteration 5, msgs=270)
[06:48:53] INFO: AI response: 100775 prompt + 2764 response tokens (total: 8725604 / 73087)
[06:48:53] [after +2764] [Context: 120795/262144 (46.1%)]
[06:48:53] [iter 6] [Context: 120795/262144 (46.1%)]
[06:48:53] INFO: AI request (iteration 6, msgs=272)
[06:48:57] INFO: AI response: 103563 prompt + 159 response tokens (total: 8829167 / 73246)
[06:48:57] [after +159] [Context: 120980/262144 (46.2%)]
[06:48:57] You: 
[07:09:56] [Context: 121085/262144 (46.2%)]
[07:09:56] [iter 1] [Context: 121085/262144 (46.2%)]
[07:09:56] INFO: AI request (iteration 1, msgs=274)
[07:10:03] INFO: AI response: 103834 prompt + 206 response tokens (total: 8933001 / 73452)
[07:10:03] [after +206] [Context: 121390/262144 (46.3%)]
[07:10:03] [iter 2] [Context: 121390/262144 (46.3%)]
[07:10:03] INFO: AI request (iteration 2, msgs=276)
[07:10:05] INFO: AI response: 104123 prompt + 33 response tokens (total: 9037124 / 73485)
[07:10:05] [after +33] [Context: 121958/262144 (46.5%)]
[07:10:05] [iter 3] [Context: 121958/262144 (46.5%)]
[07:10:05] INFO: AI request (iteration 3, msgs=278)
[07:10:15] INFO: AI response: 104635 prompt + 1201 response tokens (total: 9141759 / 74686)
[07:10:15] [after +1201] [Context: 123403/262144 (47.1%)]
[07:10:15] [iter 4] [Context: 123403/262144 (47.1%)]
[07:10:15] INFO: AI request (iteration 4, msgs=280)
[07:10:19] INFO: AI response: 105845 prompt + 187 response tokens (total: 9247604 / 74873)
[07:10:19] [after +187] [Context: 123585/262144 (47.1%)]
[07:10:19] You: 
[07:12:53] [Context: 123620/262144 (47.2%)]
[07:12:53] [iter 1] [Context: 123620/262144 (47.2%)]
[07:12:53] INFO: AI request (iteration 1, msgs=282)
[07:12:55] INFO: AI response: 106063 prompt + 32 response tokens (total: 9353667 / 74905)
[07:12:55] [after +32] [Context: 125049/262144 (47.7%)]
[07:12:55] [iter 2] [Context: 125049/262144 (47.7%)]
[07:12:55] INFO: AI request (iteration 2, msgs=284)
[07:13:00] INFO: AI response: 107246 prompt + 374 response tokens (total: 9460913 / 75279)
[07:13:00] [after +374] [Context: 125590/262144 (47.9%)]
[07:13:00] [iter 3] [Context: 125590/262144 (47.9%)]
[07:13:00] INFO: AI request (iteration 3, msgs=286)
[07:13:02] INFO: AI response: 107713 prompt + 113 response tokens (total: 9568626 / 75392)
[07:13:02] [after +113] [Context: 125756/262144 (48.0%)]
[07:13:02] [iter 4] [Context: 125756/262144 (48.0%)]
[07:13:02] INFO: AI request (iteration 4, msgs=288)
[07:13:04] INFO: AI response: 107882 prompt + 56 response tokens (total: 9676508 / 75448)
[07:13:04] [after +56] [Context: 126091/262144 (48.1%)]
[07:13:04] [iter 5] [Context: 126091/262144 (48.1%)]
[07:13:04] INFO: AI request (iteration 5, msgs=290)
[07:13:08] INFO: AI response: 108216 prompt + 183 response tokens (total: 9784724 / 75631)
[07:13:08] [after +183] [Context: 127232/262144 (48.5%)]
[07:13:08] [iter 6] [Context: 127232/262144 (48.5%)]
[07:13:08] INFO: AI request (iteration 6, msgs=292)
[07:13:10] INFO: AI response: 109191 prompt + 188 response tokens (total: 9893915 / 75819)
[07:13:10] [after +188] [Context: 127499/262144 (48.6%)]
[07:13:10] [iter 7] [Context: 127499/262144 (48.6%)]
[07:13:10] INFO: AI request (iteration 7, msgs=294)
[07:13:13] INFO: AI response: 109442 prompt + 177 response tokens (total: 10003357 / 75996)
[07:13:13] [after +177] [Context: 127672/262144 (48.7%)]
[07:13:13] [iter 8] [Context: 127733/262144 (48.7%)]
[07:13:13] INFO: AI request (iteration 8, msgs=296)
[07:13:15] INFO: AI response: 109678 prompt + 11 response tokens (total: 10113035 / 76007)
[07:13:15] [after +11] [Context: 127766/262144 (48.7%)]
[07:13:15] [iter 9] [Context: 127766/262144 (48.7%)]
[07:13:15] INFO: AI request (iteration 9, msgs=298)
[07:13:18] INFO: AI response: 109707 prompt + 103 response tokens (total: 10222742 / 76110)
[07:13:18] [after +103] [Context: 127883/262144 (48.8%)]
[07:13:18] You: 
[07:14:16] [Context: 128067/262144 (48.9%)]
[07:14:16] [iter 1] [Context: 128067/262144 (48.9%)]
[07:14:16] INFO: AI request (iteration 1, msgs=300)
[07:14:29] INFO: AI response: 110010 prompt + 1392 response tokens (total: 10332752 / 77502)
[07:14:29] [after +1392] [Context: 129807/262144 (49.5%)]
[07:14:29] [iter 2] [Context: 129807/262144 (49.5%)]
[07:14:29] INFO: AI request (iteration 2, msgs=302)
[07:14:31] INFO: AI response: 111426 prompt + 66 response tokens (total: 10444178 / 77568)
[07:14:31] [after +66] [Context: 129876/262144 (49.5%)]
[07:14:31] You: 
[07:19:37] [Context: 129900/262144 (49.6%)]
[07:19:37] [iter 1] [Context: 129900/262144 (49.6%)]
[07:19:37] INFO: AI request (iteration 1, msgs=304)
[07:19:41] INFO: AI response: 111512 prompt + 283 response tokens (total: 10555690 / 77851)
[07:19:41] [after +283] [Context: 130198/262144 (49.7%)]
[07:19:41] You: 
[07:21:15] [Context: 130271/262144 (49.7%)]
[07:21:15] [iter 1] [Context: 130271/262144 (49.7%)]
[07:21:15] INFO: AI request (iteration 1, msgs=306)
[07:21:21] <WriteFile
[Aborted: 'WriteFile' cannot be used in PLAN mode]
[07:21:21] Stream aborted: 'WriteFile' cannot be used in PLAN mode
[07:21:21] INFO: AI response: 0 prompt + 0 response tokens (total: 10555690 / 77851)
[07:21:21] [after +0] [Context: 130609/262144 (49.8%)]
[07:21:21] Model tried to use 'WriteFile' in PLAN mode.
[07:21:21]   1. Switch to BUILD mode (allow the tool)
[07:21:21]   2. Stay in PLAN mode (block the tool, continue planning)
[07:21:21]   3. Cancel AI (return to user prompt)
[07:21:21]   4. Continue (dismiss, let the model proceed)
[07:21:21] Choice (1-4): 
[07:21:24] You: 
[07:21:26] You: 
[07:22:17] [Context: 131294/262144 (50.1%)]
[07:22:17] [iter 1] [Context: 131294/262144 (50.1%)]
[07:22:17] INFO: AI request (iteration 1, msgs=309)
[07:22:21] INFO: AI response: 113003 prompt + 245 response tokens (total: 10668693 / 78096)
[07:22:21] [after +245] [Context: 131455/262144 (50.1%)]
[07:22:21] [iter 2] [Context: 131455/262144 (50.1%)]
[07:22:21] INFO: AI request (iteration 2, msgs=311)
[07:22:24] INFO: AI response: 113155 prompt + 114 response tokens (total: 10781848 / 78210)
[07:22:24] [after +114] [Context: 131603/262144 (50.2%)]
[07:22:24] [iter 3] [Context: 131603/262144 (50.2%)]
[07:22:24] INFO: AI request (iteration 3, msgs=313)
[07:22:27] INFO: AI response: 113304 prompt + 102 response tokens (total: 10895152 / 78312)
[07:22:27] [after +102] [Context: 131733/262144 (50.3%)]
[07:22:27] [iter 4] [Context: 131733/262144 (50.3%)]
[07:22:27] INFO: AI request (iteration 4, msgs=315)
[07:22:31] INFO: AI response: 113442 prompt + 105 response tokens (total: 11008594 / 78417)
[07:22:31] [after +105] [Context: 131875/262144 (50.3%)]
[07:22:31] [iter 5] [Context: 131875/262144 (50.3%)]
[07:22:31] INFO: AI request (iteration 5, msgs=317)
[07:22:34] INFO: AI response: 113588 prompt + 109 response tokens (total: 11122182 / 78526)
[07:22:34] [after +109] [Context: 132014/262144 (50.4%)]
[07:22:34] [iter 6] [Context: 132014/262144 (50.4%)]
[07:22:34] INFO: AI request (iteration 6, msgs=319)
[07:22:37] INFO: AI response: 113731 prompt + 97 response tokens (total: 11235913 / 78623)
[07:22:37] [after +97] [Context: 132152/262144 (50.4%)]
[07:22:37] [iter 7] [Context: 132152/262144 (50.4%)]
[07:22:37] INFO: AI request (iteration 7, msgs=321)
[07:22:40] INFO: AI response: 113862 prompt + 100 response tokens (total: 11349775 / 78723)
[07:22:40] [after +100] [Context: 132291/262144 (50.5%)]
[07:22:40] [iter 8] [Context: 132291/262144 (50.5%)]
[07:22:40] INFO: AI request (iteration 8, msgs=323)
[07:22:44] INFO: AI response: 113996 prompt + 118 response tokens (total: 11463771 / 78841)
[07:22:44] [after +118] [Context: 132586/262144 (50.6%)]
[07:22:44] Plan complete — switched to BUILD mode. Waiting for your instruction.
[07:22:44] You: 
[07:22:50] You: 
[07:23:12] You: 
[07:23:47] [Context: 132627/262144 (50.6%)]
[07:23:47] [iter 1] [Context: 132627/262144 (50.6%)]
[07:23:47] INFO: AI request (iteration 1, msgs=327)
[07:23:49] INFO: AI response: 114330 prompt + 29 response tokens (total: 11578101 / 78870)
[07:23:49] [after +29] [Context: 132660/262144 (50.6%)]
[07:23:49] You: 
[07:23:53] [Context: 132660/262144 (50.6%)]
[07:23:53] [iter 1] [Context: 132660/262144 (50.6%)]
[07:23:53] INFO: AI request (iteration 1, msgs=328)
[07:23:56] INFO: AI response: 114363 prompt + 50 response tokens (total: 11692464 / 78920)
[07:23:56] [after +50] [Context: 132722/262144 (50.6%)]
[07:23:56] Auto-continue: AI round 1/50 — task 1/6: Investigate why `_is_kosdb()` returns False even when self.d...
[07:23:56] [Context: 132812/262144 (50.7%)]
[07:23:56] [iter 1] [Context: 132812/262144 (50.7%)]
[07:23:56] INFO: AI request (iteration 1, msgs=330)
[07:23:58] INFO: AI response: 114463 prompt + 33 response tokens (total: 11806927 / 78953)
[07:23:58] [after +33] [Context: 134892/262144 (51.5%)]
[07:23:58] [iter 2] [Context: 134892/262144 (51.5%)]
[07:23:58] INFO: AI request (iteration 2, msgs=332)
[07:24:02] INFO: AI response: 116210 prompt + 336 response tokens (total: 11923137 / 79289)
[07:24:02] [after +336] [Context: 137277/262144 (52.4%)]
[07:24:02] [iter 3] [Context: 137277/262144 (52.4%)]
[07:24:02] INFO: AI request (iteration 3, msgs=334)
[07:24:06] INFO: AI response: 118153 prompt + 277 response tokens (total: 12041290 / 79566)
[07:24:06] [after +277] [Context: 141208/262144 (53.9%)]
[07:24:06] [iter 4] [Context: 141208/262144 (53.9%)]
[07:24:06] INFO: AI request (iteration 4, msgs=336)
[07:24:33] INFO: AI response: 121326 prompt + 3248 response tokens (total: 12162616 / 82814)
[07:24:33] [after +3248] [Context: 141495/262144 (54.0%)]
[07:24:33] [iter 5] [Context: 141495/262144 (54.0%)]
[07:24:33] INFO: AI request (iteration 5, msgs=338)
[07:24:36] INFO: AI response: 121628 prompt + 112 response tokens (total: 12284244 / 82926)
[07:24:36] [after +112] [Context: 142069/262144 (54.2%)]
[07:24:36] [iter 6] [Context: 142069/262144 (54.2%)]
[07:24:36] INFO: AI request (iteration 6, msgs=340)
[07:25:36] INFO: AI response: 122153 prompt + 10102 response tokens (total: 12406397 / 93028)
[07:25:36] [after +10102] [Context: 154022/262144 (58.8%)]
[07:25:36] [iter 7] [Context: 154022/262144 (58.8%)]
[07:25:36] INFO: AI request (iteration 7, msgs=342)
[07:25:47] INFO: AI response: 132140 prompt + 1101 response tokens (total: 12538537 / 94129)
[07:25:47] [after +1101] [Context: 154267/262144 (58.8%)]
[07:25:47] [iter 8] [Context: 154267/262144 (58.8%)]
[07:25:47] INFO: AI request (iteration 8, msgs=345)
[07:25:52] INFO: AI response: 132381 prompt + 366 response tokens (total: 12670918 / 94495)
[07:25:52] [after +366] [Context: 154767/262144 (59.0%)]
[07:25:52] [iter 9] [Context: 154767/262144 (59.0%)]
[07:25:52] INFO: AI request (iteration 9, msgs=347)
[07:25:58] INFO: AI response: 132832 prompt + 467 response tokens (total: 12803750 / 94962)
[07:25:58] [after +467] [Context: 155367/262144 (59.3%)]
[07:25:58] [iter 10] [Context: 155367/262144 (59.3%)]
[07:25:58] INFO: AI request (iteration 10, msgs=349)
[07:26:04] INFO: AI response: 133339 prompt + 311 response tokens (total: 12937089 / 95273)
[07:26:04] [after +311] [Context: 155819/262144 (59.4%)]
[07:26:04] Auto-continue: AI round 2/50 — task 2/6: Ensure `_get_model_count()` uses the KosDB branch when self....
[07:26:04] [Context: 155890/262144 (59.5%)]
[07:26:04] [iter 1] [Context: 155890/262144 (59.5%)]
[07:26:04] INFO: AI request (iteration 1, msgs=352)
[07:26:06] INFO: AI response: 133803 prompt + 11 response tokens (total: 13070892 / 95284)
[07:26:06] [after +11] [Context: 156058/262144 (59.5%)]
[07:26:06] [iter 2] [Context: 156058/262144 (59.5%)]
[07:26:06] INFO: AI request (iteration 2, msgs=355)
[07:26:09] INFO: AI response: 133950 prompt + 104 response tokens (total: 13204842 / 95388)
[07:26:09] [after +104] [Context: 156635/262144 (59.8%)]
[07:26:09] [iter 3] [Context: 156635/262144 (59.8%)]
[07:26:09] INFO: AI request (iteration 3, msgs=357)
[07:27:15] INFO: AI response: 134490 prompt + 10110 response tokens (total: 13339332 / 105498)
[07:27:15] [after +10110] [Context: 168684/262144 (64.3%)]
[07:27:15] [iter 4] [Context: 168684/262144 (64.3%)]
[07:27:15] INFO: AI request (iteration 4, msgs=359)
[07:27:18] INFO: AI response: 144581 prompt + 90 response tokens (total: 13483913 / 105588)
[07:27:18] [after +90] [Context: 168867/262144 (64.4%)]
[07:27:18] [iter 5] [Context: 168867/262144 (64.4%)]
[07:27:18] INFO: AI request (iteration 5, msgs=362)
[07:27:20] INFO: AI response: 144750 prompt + 110 response tokens (total: 13628663 / 105698)
[07:27:20] [after +110] [Context: 170019/262144 (64.9%)]
[07:27:20] [iter 6] [Context: 170019/262144 (64.9%)]
[07:27:20] INFO: AI request (iteration 6, msgs=364)
[07:27:23] INFO: AI response: 145750 prompt + 110 response tokens (total: 13774413 / 105808)
[07:27:23] [after +110] [Context: 175180/262144 (66.8%)]
[07:27:23] [iter 7] [Context: 175180/262144 (66.8%)]
[07:27:23] INFO: AI request (iteration 7, msgs=366)
[07:27:27] INFO: AI response: 150074 prompt + 281 response tokens (total: 13924487 / 106089)
[07:27:27] [after +281] [Context: 176339/262144 (67.3%)]
[07:27:27] [iter 8] [Context: 176339/262144 (67.3%)]
[07:27:27] INFO: AI request (iteration 8, msgs=368)
[07:27:34] INFO: AI response: 151120 prompt + 634 response tokens (total: 14075607 / 106723)
[07:27:34] [after +634] [Context: 178486/262144 (68.1%)]
[07:27:34] [iter 9] [Context: 178486/262144 (68.1%)]
[07:27:34] INFO: AI request (iteration 9, msgs=370)
[07:27:44] INFO: AI response: 152891 prompt + 1442 response tokens (total: 14228498 / 108165)
[07:27:44] [after +1442] [Context: 179286/262144 (68.4%)]
[07:27:44] [iter 10] [Context: 179286/262144 (68.4%)]
[07:27:44] INFO: AI request (iteration 10, msgs=372)
[07:27:58] INFO: AI response: 153874 prompt + 1719 response tokens (total: 14382372 / 109884)
[07:27:58] [after +1719] [Context: 181107/262144 (69.1%)]
[07:27:58] Auto-continue: AI round 3/50 — task 4/6: Investigate and fix the `Execute error: type object 'User' h...
[07:27:58] [Context: 181192/262144 (69.1%)]
[07:27:58] [iter 1] [Context: 181192/262144 (69.1%)]
[07:27:58] INFO: AI request (iteration 1, msgs=375)
[07:28:04] INFO: AI response: 155897 prompt + 256 response tokens (total: 14538269 / 110140)
[07:28:04] [after +256] [Context: 185651/262144 (70.8%)]
[07:28:04] [iter 2] [Context: 185651/262144 (70.8%)]
[07:28:04] INFO: AI request (iteration 2, msgs=377)
[07:28:24] INFO: AI response: 159519 prompt + 2403 response tokens (total: 14697788 / 112543)
[07:28:24] [after +2403] [Context: 186971/262144 (71.3%)]
[07:28:24] [iter 3] [Context: 186971/262144 (71.3%)]
[07:28:24] INFO: AI request (iteration 3, msgs=379)
[07:28:27] INFO: AI response: 160723 prompt + 112 response tokens (total: 14858511 / 112655)
[07:28:27] [after +112] [Context: 188048/262144 (71.7%)]
[07:28:27] [iter 4] [Context: 188048/262144 (71.7%)]
[07:28:27] INFO: AI request (iteration 4, msgs=381)
[07:29:34] INFO: AI response: 161705 prompt + 11766 response tokens (total: 15020216 / 124421)
[07:29:34] [after +11766] [Context: 201344/262144 (76.8%)]
[07:29:34] [iter 5] [Context: 201344/262144 (76.8%)]
[07:29:34] INFO: AI request (iteration 5, msgs=383)
[07:29:37] INFO: AI response: 172921 prompt + 113 response tokens (total: 15193137 / 124534)
[07:29:38] [after +113] [Context: 201508/262144 (76.9%)]
[07:29:38] [iter 6] [Context: 201508/262144 (76.9%)]
[07:29:38] INFO: AI request (iteration 6, msgs=386)
[07:29:41] INFO: AI response: 173064 prompt + 77 response tokens (total: 15366201 / 124611)
[07:29:41] [after +77] [Context: 203136/262144 (77.5%)]
[07:29:41] [iter 7] [Context: 203136/262144 (77.5%)]
[07:29:41] INFO: AI request (iteration 7, msgs=388)
[07:29:44] INFO: AI response: 174506 prompt + 166 response tokens (total: 15540707 / 124777)
[07:29:44] [after +166] [Context: 203455/262144 (77.6%)]
[07:29:44] [iter 8] [Context: 203455/262144 (77.6%)]
[07:29:44] INFO: AI request (iteration 8, msgs=391)
[07:29:54] INFO: AI response: 174788 prompt + 1255 response tokens (total: 15715495 / 126032)
[07:29:54] [after +1255] [Context: 204829/262144 (78.1%)]
[07:29:54] [iter 9] [Context: 204829/262144 (78.1%)]
[07:29:54] INFO: AI request (iteration 9, msgs=393)
[07:29:56] INFO: AI response: 176069 prompt + 11 response tokens (total: 15891564 / 126043)
[07:29:56] [after +11] [Context: 204862/262144 (78.1%)]
[07:29:56] [iter 10] [Context: 204862/262144 (78.1%)]
[07:29:56] INFO: AI request (iteration 10, msgs=395)
[07:30:00] INFO: AI response: 176098 prompt + 318 response tokens (total: 16067662 / 126361)
[07:30:00] [after +318] [Context: 205180/262144 (78.3%)]
[07:30:00] You: 
[07:46:45] [Context: 205558/262144 (78.4%)]
[07:46:45] [iter 1] [Context: 205558/262144 (78.4%)]
[07:46:45] INFO: AI request (iteration 1, msgs=397)
[07:46:56] INFO: AI response: 176893 prompt + 158 response tokens (total: 16244555 / 126519)
[07:46:56] [after +158] [Context: 206426/262144 (78.7%)]
[07:46:56] [iter 2] [Context: 206426/262144 (78.7%)]
[07:46:56] INFO: AI request (iteration 2, msgs=399)
[07:47:06] INFO: AI response: 177698 prompt + 1286 response tokens (total: 16422253 / 127805)
[07:47:06] [after +1286] [Context: 207970/262144 (79.3%)]
[07:47:06] [iter 3] [Context: 207970/262144 (79.3%)]
[07:47:06] INFO: AI request (iteration 3, msgs=401)
[07:47:08] INFO: AI response: 179074 prompt + 51 response tokens (total: 16601327 / 127856)
[07:47:08] [after +51] [Context: 209046/262144 (79.7%)]
[07:47:08] [iter 4] [Context: 209046/262144 (79.7%)]
[07:47:08] INFO: AI request (iteration 4, msgs=403)
[07:48:14] INFO: AI response: 180042 prompt + 11382 response tokens (total: 16781369 / 139238)
[07:48:14] [after +11382] [Context: 222511/262144 (84.9%)]
[07:48:19] [iter 5] [Context: 34268/262144 (13.1%)]
[07:48:19] INFO: AI request (iteration 5, msgs=29)
[07:48:25] INFO: AI response: 28620 prompt + 143 response tokens (total: 16809989 / 139381)
[07:48:25] [after +143] [Context: 34418/262144 (13.1%)]
[07:48:25] You: 
[07:51:15] [Context: 34658/262144 (13.2%)]
[07:51:15] [iter 1] [Context: 34658/262144 (13.2%)]
[07:51:15] INFO: AI request (iteration 1, msgs=31)
[07:51:17] INFO: AI response: 29065 prompt + 62 response tokens (total: 16839054 / 139443)
[07:51:17] [after +62] [Context: 35767/262144 (13.6%)]
[07:51:17] [iter 2] [Context: 35767/262144 (13.6%)]
[07:51:17] INFO: AI request (iteration 2, msgs=33)
[07:51:18] INFO: AI response: 30094 prompt + 31 response tokens (total: 16869148 / 139474)
[07:51:18] [after +31] [Context: 35965/262144 (13.7%)]
[07:51:18] [iter 3] [Context: 35965/262144 (13.7%)]
[07:51:18] INFO: AI request (iteration 3, msgs=35)
[07:51:20] INFO: AI response: 30286 prompt + 41 response tokens (total: 16899434 / 139515)
[07:51:20] [after +41] [Context: 36056/262144 (13.8%)]
[07:51:20] [iter 4] [Context: 36056/262144 (13.8%)]
[07:51:20] INFO: AI request (iteration 4, msgs=37)
[07:51:21] INFO: AI response: 30382 prompt + 32 response tokens (total: 16929816 / 139547)
[07:51:21] [after +32] [Context: 37215/262144 (14.2%)]
[07:51:21] [iter 5] [Context: 37215/262144 (14.2%)]
[07:51:21] INFO: AI request (iteration 5, msgs=39)
[07:51:25] INFO: AI response: 31428 prompt + 292 response tokens (total: 16961244 / 139839)
[07:51:25] [after +292] [Context: 37588/262144 (14.3%)]
[07:51:25] [iter 6] [Context: 37588/262144 (14.3%)]
[07:51:25] INFO: AI request (iteration 6, msgs=41)
[07:51:28] INFO: AI response: 31802 prompt + 145 response tokens (total: 16993046 / 139984)
[07:51:28] [after +145] [Context: 37828/262144 (14.4%)]
[07:51:28] [iter 7] [Context: 37828/262144 (14.4%)]
[07:51:28] INFO: AI request (iteration 7, msgs=43)
[07:51:30] INFO: AI response: 32039 prompt + 53 response tokens (total: 17025085 / 140037)
[07:51:30] [after +53] [Context: 37879/262144 (14.4%)]
[07:51:30] You: 
[07:53:24] INFO: Session started, sess_id=339, mode=build, model=kimi-k2.7-code:cloud
[07:53:24] You: 
[07:53:35] [Context: 38069/262144 (14.5%)]
[07:53:35] [iter 1] [Context: 38069/262144 (14.5%)]
[07:53:35] INFO: AI request (iteration 1, msgs=45)
[07:54:40] INFO: AI response: 32315 prompt + 11298 response tokens (total: 3573487 / 45747)
[07:54:40] [after +11298] [Context: 51445/262144 (19.6%)]
[07:54:40] [iter 2] [Context: 51445/262144 (19.6%)]
[07:54:40] INFO: AI request (iteration 2, msgs=47)
[07:54:42] INFO: AI response: 43592 prompt + 90 response tokens (total: 3617079 / 45837)
[07:54:42] [after +90] [Context: 51521/262144 (19.7%)]
[07:54:42] You: 
[07:59:31] INFO: Session started, sess_id=340, mode=build, model=kimi-k2.7-code:cloud
[07:59:31] You: 
[07:59:39] [Context: 51711/262144 (19.7%)]
[07:59:39] [iter 1] [Context: 51711/262144 (19.7%)]
[07:59:39] INFO: AI request (iteration 1, msgs=49)
[07:59:41] INFO: AI response: 43901 prompt + 59 response tokens (total: 3660980 / 45896)
[07:59:41] [after +59] [Context: 52565/262144 (20.1%)]
[07:59:41] [iter 2] [Context: 52565/262144 (20.1%)]
[07:59:41] INFO: AI request (iteration 2, msgs=51)
[07:59:43] INFO: AI response: 44702 prompt + 40 response tokens (total: 3705682 / 45936)
[07:59:43] [after +40] [Context: 52653/262144 (20.1%)]
[07:59:43] [iter 3] [Context: 52653/262144 (20.1%)]
[07:59:43] INFO: AI request (iteration 3, msgs=53)
[07:59:45] INFO: AI response: 44796 prompt + 63 response tokens (total: 3750478 / 45999)
[07:59:45] [after +63] [Context: 55212/262144 (21.1%)]
[07:59:45] [iter 4] [Context: 55212/262144 (21.1%)]
[07:59:45] INFO: AI request (iteration 4, msgs=55)
[07:59:47] INFO: AI response: 47033 prompt + 76 response tokens (total: 3797511 / 46075)
[07:59:47] [after +76] [Context: 55308/262144 (21.1%)]
[07:59:47] [iter 5] [Context: 55308/262144 (21.1%)]
[07:59:47] INFO: AI request (iteration 5, msgs=57)
[07:59:50] INFO: AI response: 47130 prompt + 270 response tokens (total: 3844641 / 46345)
[07:59:50] [after +270] [Context: 55555/262144 (21.2%)]
[07:59:50] You: 
[08:01:50] [Context: 55634/262144 (21.2%)]
[08:01:50] [iter 1] [Context: 55634/262144 (21.2%)]
[08:01:50] INFO: AI request (iteration 1, msgs=59)
[08:01:54] INFO: AI response: 47515 prompt + 309 response tokens (total: 3892156 / 46654)
[08:01:54] [after +309] [Context: 55915/262144 (21.3%)]
[08:01:54] You: 
[08:03:25] [Context: 55950/262144 (21.3%)]
[08:03:25] [iter 1] [Context: 55950/262144 (21.3%)]
[08:03:25] INFO: AI request (iteration 1, msgs=61)
[08:03:28] INFO: AI response: 47808 prompt + 93 response tokens (total: 3939964 / 46747)
[08:03:28] [after +93] [Context: 56064/262144 (21.4%)]
[08:03:28] You: 
[08:03:40] [Context: 56076/262144 (21.4%)]
[08:03:40] [iter 1] [Context: 56076/262144 (21.4%)]
[08:03:40] INFO: AI request (iteration 1, msgs=63)
[08:03:44] INFO: AI response: 47913 prompt + 362 response tokens (total: 3987877 / 47109)
[08:03:44] [after +362] [Context: 56404/262144 (21.5%)]
[08:03:44] You: 
[08:03:59] [Context: 56417/262144 (21.5%)]
[08:03:59] [iter 1] [Context: 56417/262144 (21.5%)]
[08:03:59] INFO: AI request (iteration 1, msgs=65)
[08:04:01] INFO: AI response: 48204 prompt + 64 response tokens (total: 4036081 / 47173)
[08:04:01] ✓ GetTip: Error: Missing required parameter(s): title
Usage:
<GetTip>
<title>string</title>
</GetTip>
[08:04:01] [after +64] [Context: 56464/262144 (21.5%)]
[08:04:01] [iter 2] [Context: 56464/262144 (21.5%)]
[08:04:01] INFO: AI request (iteration 2, msgs=67)
[08:04:03] INFO: AI response: 48251 prompt + 17 response tokens (total: 4084332 / 47190)
[08:04:03] [after +17] [Context: 61650/262144 (23.5%)]
[08:04:03] [iter 3] [Context: 61650/262144 (23.5%)]
[08:04:03] INFO: AI request (iteration 3, msgs=69)
[08:04:04] INFO: AI response: 53657 prompt + 49 response tokens (total: 4137989 / 47239)
[08:04:10] [after +49] [Context: 61808/262144 (23.6%)]
[08:04:10] [iter 4] [Context: 61808/262144 (23.6%)]
[08:04:10] INFO: AI request (iteration 4, msgs=71)
[08:04:13] INFO: AI response: 53859 prompt + 61 response tokens (total: 4191848 / 47300)
[08:04:15] [after +61] [Context: 61863/262144 (23.6%)]
[08:04:15] [iter 5] [Context: 61863/262144 (23.6%)]
[08:04:15] INFO: AI request (iteration 5, msgs=73)
[08:04:17] INFO: AI response: 53919 prompt + 167 response tokens (total: 4245767 / 47467)
[08:04:29] [after +167] [Context: 62057/262144 (23.7%)]
[08:04:29] [iter 6] [Context: 62057/262144 (23.7%)]
[08:04:29] INFO: AI request (iteration 6, msgs=79)
[08:04:32] INFO: AI response: 54154 prompt + 135 response tokens (total: 4299921 / 47602)
[08:04:32] ✓ ReadFile: Error: File `../KosDB/kosdb/client.py` not found (checked workin/ and CWD)
[08:04:32] [after +135] [Context: 62229/262144 (23.7%)]
[08:04:32] [iter 7] [Context: 62229/262144 (23.7%)]
[08:04:32] INFO: AI request (iteration 7, msgs=81)
[08:04:34] INFO: AI response: 54325 prompt + 47 response tokens (total: 4354246 / 47649)
[08:04:34] [after +47] [Context: 62412/262144 (23.8%)]
[08:04:34] [iter 8] [Context: 62412/262144 (23.8%)]
[08:04:34] INFO: AI request (iteration 8, msgs=83)
[08:04:36] INFO: AI response: 54544 prompt + 36 response tokens (total: 4408790 / 47685)
[08:04:36] [after +36] [Context: 63981/262144 (24.4%)]
[08:04:36] [iter 9] [Context: 63981/262144 (24.4%)]
[08:04:36] INFO: AI request (iteration 9, msgs=85)
[08:04:38] INFO: AI response: 55795 prompt + 35 response tokens (total: 4464585 / 47720)
[08:04:38] [after +35] [Context: 66549/262144 (25.4%)]
[08:04:38] [iter 10] [Context: 66549/262144 (25.4%)]
[08:04:38] INFO: AI request (iteration 10, msgs=87)
[08:04:41] INFO: AI response: 57779 prompt + 200 response tokens (total: 4522364 / 47920)
[08:04:41] [after +200] [Context: 66779/262144 (25.5%)]
[08:04:41] You: 
[08:04:49] [Context: 67224/262144 (25.6%)]
[08:04:49] [iter 1] [Context: 67224/262144 (25.6%)]
[08:04:49] INFO: AI request (iteration 1, msgs=90)
[08:04:51] INFO: AI response: 58698 prompt + 97 response tokens (total: 4581062 / 48017)
[08:04:51] [after +97] [Context: 67890/262144 (25.9%)]
[08:04:51] [iter 2] [Context: 67890/262144 (25.9%)]
[08:04:51] INFO: AI request (iteration 2, msgs=92)
[08:04:56] INFO: AI response: 59311 prompt + 304 response tokens (total: 4640373 / 48321)
[08:04:56] [after +304] [Context: 68099/262144 (26.0%)]
[08:04:56] [iter 3] [Context: 68099/262144 (26.0%)]
[08:04:56] INFO: AI request (iteration 3, msgs=94)
[08:04:59] INFO: AI response: 59512 prompt + 216 response tokens (total: 4699885 / 48537)
[08:04:59] [after +216] [Context: 69420/262144 (26.5%)]
[08:04:59] [iter 4] [Context: 69420/262144 (26.5%)]
[08:04:59] INFO: AI request (iteration 4, msgs=96)
[08:05:06] INFO: AI response: 60736 prompt + 688 response tokens (total: 4760621 / 49225)
[08:05:06] [after +688] [Context: 70165/262144 (26.8%)]
[08:05:06] [iter 5] [Context: 70165/262144 (26.8%)]
[08:05:06] INFO: AI request (iteration 5, msgs=98)
[08:05:09] INFO: AI response: 61426 prompt + 154 response tokens (total: 4822047 / 49379)
[08:05:09] [after +154] [Context: 70296/262144 (26.8%)]
[08:05:09] [iter 6] [Context: 70357/262144 (26.8%)]
[08:05:09] INFO: AI request (iteration 6, msgs=100)
[08:05:10] INFO: AI response: 61639 prompt + 11 response tokens (total: 4883686 / 49390)
[08:05:10] [after +11] [Context: 70390/262144 (26.9%)]
[08:05:10] [iter 7] [Context: 70390/262144 (26.9%)]
[08:05:10] INFO: AI request (iteration 7, msgs=102)
[08:05:14] INFO: AI response: 61668 prompt + 247 response tokens (total: 4945354 / 49637)
[08:05:14] [after +247] [Context: 70671/262144 (27.0%)]
[08:05:14] You: 
[09:33:02] [Context: 70698/262144 (27.0%)]
[09:33:02] [iter 1] [Context: 70698/262144 (27.0%)]
[09:33:02] INFO: AI request (iteration 1, msgs=104)
[09:33:06] INFO: AI response: 61820 prompt + 156 response tokens (total: 5007174 / 49793)
[09:33:06] [after +156] [Context: 70885/262144 (27.0%)]
[09:33:06] You: 
[09:33:12] [Context: 70450/262144 (26.9%)]
[09:33:12] [iter 1] [Context: 70450/262144 (26.9%)]
[09:33:12] INFO: AI request (iteration 1, msgs=106)
[09:33:22] <WriteFile
[Aborted: 'WriteFile' cannot be used in PLAN mode]
[09:33:22] Stream aborted: 'WriteFile' cannot be used in PLAN mode
[09:33:22] INFO: AI response: 0 prompt + 0 response tokens (total: 5007174 / 49793)
[09:33:22] [after +0] [Context: 71546/262144 (27.3%)]
[09:33:22] Model tried to use 'WriteFile' in PLAN mode.
[09:33:22]   1. Switch to BUILD mode (allow the tool)
[09:33:22]   2. Stay in PLAN mode (block the tool, continue planning)
[09:33:22]   3. Cancel AI (return to user prompt)
[09:33:22]   4. Continue (dismiss, let the model proceed)
[09:33:22] Choice (1-4): 
[09:33:26] You: 
[09:34:55] [Context: 71642/262144 (27.3%)]
[09:34:55] [iter 1] [Context: 71642/262144 (27.3%)]
[09:34:55] INFO: AI request (iteration 1, msgs=109)
[09:34:58] INFO: AI response: 62184 prompt + 146 response tokens (total: 5069358 / 49939)
[09:34:58] [after +146] [Context: 71731/262144 (27.4%)]
[09:34:58] [iter 2] [Context: 71731/262144 (27.4%)]
[09:34:58] INFO: AI request (iteration 2, msgs=111)
[09:35:01] INFO: AI response: 62281 prompt + 128 response tokens (total: 5131639 / 50067)
[09:35:01] [after +128] [Context: 71790/262144 (27.4%)]
[09:35:01] [iter 3] [Context: 71790/262144 (27.4%)]
[09:35:01] INFO: AI request (iteration 3, msgs=113)
[09:35:04] INFO: AI response: 62337 prompt + 133 response tokens (total: 5193976 / 50200)
[09:35:04] [after +133] [Context: 74325/262144 (28.4%)]
[09:35:04] [iter 4] [Context: 74325/262144 (28.4%)]
[09:35:04] INFO: AI request (iteration 4, msgs=115)
[09:35:06] INFO: AI response: 64543 prompt + 92 response tokens (total: 5258519 / 50292)
[09:35:06] [after +92] [Context: 76860/262144 (29.3%)]
[09:35:06] [iter 5] [Context: 76860/262144 (29.3%)]
[09:35:06] INFO: AI request (iteration 5, msgs=117)
[09:35:08] INFO: AI response: 66749 prompt + 59 response tokens (total: 5325268 / 50351)
[09:35:08] ✓ ReadFile: Error: File `webcms/admin/assets/admin.js` not found (checked workin/ and CWD)
[09:35:08] [after +59] [Context: 76895/262144 (29.3%)]
[09:35:08] [iter 6] [Context: 76895/262144 (29.3%)]
[09:35:08] INFO: AI request (iteration 6, msgs=119)
[09:35:10] INFO: AI response: 66785 prompt + 45 response tokens (total: 5392053 / 50396)
[09:35:10] [after +45] [Context: 77267/262144 (29.5%)]
[09:35:10] [iter 7] [Context: 77267/262144 (29.5%)]
[09:35:10] INFO: AI request (iteration 7, msgs=121)
[09:35:12] INFO: AI response: 67155 prompt + 155 response tokens (total: 5459208 / 50551)
[09:35:12] [after +155] [Context: 77486/262144 (29.6%)]
[09:35:12] [iter 8] [Context: 77486/262144 (29.6%)]
[09:35:12] INFO: AI request (iteration 8, msgs=123)
[09:35:15] INFO: AI response: 67337 prompt + 215 response tokens (total: 5526545 / 50766)
[09:35:15] [after +215] [Context: 77601/262144 (29.6%)]
[09:35:15] [iter 9] [Context: 77601/262144 (29.6%)]
[09:35:15] INFO: AI request (iteration 9, msgs=125)
[09:35:17] INFO: AI response: 67441 prompt + 73 response tokens (total: 5593986 / 50839)
[09:35:17] [after +73] [Context: 77714/262144 (29.6%)]
[09:35:17] [iter 10] [Context: 77714/262144 (29.6%)]
[09:35:17] INFO: AI request (iteration 10, msgs=127)
[09:35:20] INFO: AI response: 67548 prompt + 60 response tokens (total: 5661534 / 50899)
[09:35:20] [after +60] [Context: 77809/262144 (29.7%)]
[09:35:20] Auto-continue: AI round 1/50 — continuing plan creation
[09:35:20] [Context: 77824/262144 (29.7%)]
[09:35:20] [iter 1] [Context: 77824/262144 (29.7%)]
[09:35:20] INFO: AI request (iteration 1, msgs=130)
[09:35:21] INFO: AI response: 67647 prompt + 84 response tokens (total: 5729181 / 50983)
[09:35:21] [after +84] [Context: 77951/262144 (29.7%)]
[09:35:21] [iter 2] [Context: 77951/262144 (29.7%)]
[09:35:21] INFO: AI request (iteration 2, msgs=132)
[09:35:23] INFO: AI response: 67764 prompt + 59 response tokens (total: 5796945 / 51042)
[09:35:23] [after +59] [Context: 78051/262144 (29.8%)]
[09:35:23] [iter 3] [Context: 78051/262144 (29.8%)]
[09:35:23] INFO: AI request (iteration 3, msgs=134)
[09:35:25] INFO: AI response: 67853 prompt + 69 response tokens (total: 5864798 / 51111)
[09:35:25] [after +69] [Context: 78164/262144 (29.8%)]
[09:35:25] [iter 4] [Context: 78164/262144 (29.8%)]
[09:35:25] INFO: AI request (iteration 4, msgs=136)
[09:35:28] INFO: AI response: 67954 prompt + 84 response tokens (total: 5932752 / 51195)
[09:35:28] [after +84] [Context: 78258/262144 (29.9%)]
[09:35:28] [iter 5] [Context: 78258/262144 (29.9%)]
[09:35:28] INFO: AI request (iteration 5, msgs=138)
[09:35:29] INFO: AI response: 68038 prompt + 69 response tokens (total: 6000790 / 51264)
[09:35:29] [after +69] [Context: 78364/262144 (29.9%)]
[09:35:29] [iter 6] [Context: 78364/262144 (29.9%)]
[09:35:29] INFO: AI request (iteration 6, msgs=140)
[09:35:31] INFO: AI response: 68138 prompt + 76 response tokens (total: 6068928 / 51340)
[09:35:31] [after +76] [Context: 78482/262144 (29.9%)]
[09:35:31] [iter 7] [Context: 78482/262144 (29.9%)]
[09:35:31] INFO: AI request (iteration 7, msgs=142)
[09:35:33] INFO: AI response: 68248 prompt + 55 response tokens (total: 6137176 / 51395)
[09:35:33] [after +55] [Context: 78577/262144 (30.0%)]
[09:35:33] [iter 8] [Context: 78577/262144 (30.0%)]
[09:35:33] INFO: AI request (iteration 8, msgs=144)
[09:35:37] INFO: AI response: 68334 prompt + 69 response tokens (total: 6205510 / 51464)
[09:35:37] [after +69] [Context: 78763/262144 (30.0%)]
[09:35:37] Plan complete — switched to BUILD mode. Waiting for your instruction.
[09:35:37] You: 
[09:35:46] You: 
[09:35:54] [Context: 78763/262144 (30.0%)]
[09:35:54] [iter 1] [Context: 78763/262144 (30.0%)]
[09:35:54] INFO: AI request (iteration 1, msgs=147)
[09:35:56] INFO: AI response: 68501 prompt + 61 response tokens (total: 6274011 / 51525)
[09:35:56] [after +61] [Context: 79879/262144 (30.5%)]
[09:35:56] [iter 2] [Context: 79879/262144 (30.5%)]
[09:35:56] INFO: AI request (iteration 2, msgs=149)
[09:35:58] INFO: AI response: 69525 prompt + 75 response tokens (total: 6343536 / 51600)
[09:35:58] [after +75] [Context: 79911/262144 (30.5%)]
[09:35:58] [iter 3] [Context: 79972/262144 (30.5%)]
[09:35:58] INFO: AI request (iteration 3, msgs=152)
[09:36:00] INFO: AI response: 69610 prompt + 79 response tokens (total: 6413146 / 51679)
[09:36:00] [after +79] [Context: 82531/262144 (31.5%)]
[09:36:00] [iter 4] [Context: 82531/262144 (31.5%)]
[09:36:00] INFO: AI request (iteration 4, msgs=154)
[09:36:01] INFO: AI response: 71847 prompt + 70 response tokens (total: 6484993 / 51749)
[09:36:01] [after +70] [Context: 83509/262144 (31.9%)]
[09:36:01] [iter 5] [Context: 83509/262144 (31.9%)]
[09:36:01] INFO: AI request (iteration 5, msgs=156)
[09:36:04] INFO: AI response: 72838 prompt + 194 response tokens (total: 6557831 / 51943)
[09:36:04] [after +194] [Context: 83747/262144 (31.9%)]
[09:36:04] [iter 6] [Context: 83747/262144 (31.9%)]
[09:36:04] INFO: AI request (iteration 6, msgs=158)
[09:36:06] INFO: AI response: 73066 prompt + 32 response tokens (total: 6630897 / 51975)
[09:36:06] [after +32] [Context: 83802/262144 (32.0%)]
[09:36:06] [iter 7] [Context: 83802/262144 (32.0%)]
[09:36:06] INFO: AI request (iteration 7, msgs=160)
[09:36:07] INFO: AI response: 73124 prompt + 33 response tokens (total: 6704021 / 52008)
[09:36:07] [after +33] [Context: 84883/262144 (32.4%)]
[09:36:07] [iter 8] [Context: 84883/262144 (32.4%)]
[09:36:07] INFO: AI request (iteration 8, msgs=162)
[09:36:10] INFO: AI response: 74120 prompt + 152 response tokens (total: 6778141 / 52160)
[09:36:10] [after +152] [Context: 84920/262144 (32.4%)]
[09:36:10] [iter 9] [Context: 84920/262144 (32.4%)]
[09:36:10] INFO: AI request (iteration 9, msgs=164)
[09:36:12] INFO: AI response: 74154 prompt + 95 response tokens (total: 6852295 / 52255)
[09:36:12] [after +95] [Context: 94018/262144 (35.9%)]
[09:36:12] [iter 10] [Context: 94018/262144 (35.9%)]
[09:36:12] INFO: AI request (iteration 10, msgs=166)
[09:36:16] INFO: AI response: 81762 prompt + 296 response tokens (total: 6934057 / 52551)
[09:36:16] [after +296] [Context: 95362/262144 (36.4%)]
[09:36:16] Auto-continue: AI round 1/50 — task 1/10: Debug why saving site name in admin Settings does not persis...
[09:36:16] [Context: 95436/262144 (36.4%)]
[09:36:16] [iter 1] [Context: 95436/262144 (36.4%)]
[09:36:16] INFO: AI request (iteration 1, msgs=169)
[09:36:19] INFO: AI response: 83009 prompt + 245 response tokens (total: 7017066 / 52796)
[09:36:19] [after +245] [Context: 97978/262144 (37.4%)]
[09:36:19] [iter 2] [Context: 97978/262144 (37.4%)]
[09:36:19] INFO: AI request (iteration 2, msgs=171)
[09:36:22] INFO: AI response: 84960 prompt + 200 response tokens (total: 7102026 / 52996)
[09:36:22] [after +200] [Context: 99284/262144 (37.9%)]
[09:36:22] [iter 3] [Context: 99284/262144 (37.9%)]
[09:36:22] INFO: AI request (iteration 3, msgs=173)
[09:36:24] INFO: AI response: 86015 prompt + 59 response tokens (total: 7188041 / 53055)
[09:36:24] [after +59] [Context: 100615/262144 (38.4%)]
[09:36:24] [iter 4] [Context: 100615/262144 (38.4%)]
[09:36:24] INFO: AI request (iteration 4, msgs=175)
[09:36:26] INFO: AI response: 87103 prompt + 96 response tokens (total: 7275144 / 53151)
[09:36:26] [after +96] [Context: 103242/262144 (39.4%)]
[09:36:26] [iter 5] [Context: 103242/262144 (39.4%)]
[09:36:26] INFO: AI request (iteration 5, msgs=177)
[09:36:28] INFO: AI response: 89145 prompt + 84 response tokens (total: 7364289 / 53235)
[09:36:28] [after +84] [Context: 104487/262144 (39.9%)]
[09:36:28] [iter 6] [Context: 104487/262144 (39.9%)]
[09:36:28] INFO: AI request (iteration 6, msgs=179)
[09:36:30] INFO: AI response: 90169 prompt + 56 response tokens (total: 7454458 / 53291)
[09:36:30] [after +56] [Context: 106088/262144 (40.5%)]
[09:36:30] [iter 7] [Context: 106088/262144 (40.5%)]
[09:36:30] INFO: AI request (iteration 7, msgs=181)
[09:36:38] INFO: AI response: 91495 prompt + 1320 response tokens (total: 7545953 / 54611)
[09:36:38] [after +1320] [Context: 110336/262144 (42.1%)]
[09:36:38] [iter 8] [Context: 110336/262144 (42.1%)]
[09:36:38] INFO: AI request (iteration 8, msgs=183)
[09:36:45] INFO: AI response: 94964 prompt + 1128 response tokens (total: 7640917 / 55739)
[09:36:45] [after +1128] [Context: 111826/262144 (42.7%)]
[09:36:45] [iter 9] [Context: 111826/262144 (42.7%)]
[09:36:45] INFO: AI request (iteration 9, msgs=185)
[09:36:47] INFO: AI response: 96169 prompt + 124 response tokens (total: 7737086 / 55863)
[09:36:47] ✓ Terminal: Error: cd failed: [Errno 2] No such file or directory: '/home/kqs/www/test.KosCMS'
[09:36:47] [after +124] [Context: 111936/262144 (42.7%)]
[09:36:47] [iter 10] [Context: 111936/262144 (42.7%)]
[09:36:47] INFO: AI request (iteration 10, msgs=187)
[09:36:49] INFO: AI response: 96331 prompt + 61 response tokens (total: 7833417 / 55924)
[09:36:49] [after +61] [Context: 111983/262144 (42.7%)]
[09:36:49] Auto-continue: AI round 2/50 — task 1/10: Debug why saving site name in admin Settings does not persis...
[09:36:49] [Context: 112057/262144 (42.7%)]
[09:36:49] [iter 1] [Context: 112057/262144 (42.7%)]
[09:36:49] INFO: AI request (iteration 1, msgs=190)
[09:36:52] INFO: AI response: 96458 prompt + 144 response tokens (total: 7929875 / 56068)
[09:36:52] [after +144] [Context: 112097/262144 (42.8%)]
[09:36:52] [iter 2] [Context: 112097/262144 (42.8%)]
[09:36:52] INFO: AI request (iteration 2, msgs=192)
[09:36:55] INFO: AI response: 96510 prompt + 136 response tokens (total: 8026385 / 56204)
[09:36:55] [after +136] [Context: 112158/262144 (42.8%)]
[09:36:55] [iter 3] [Context: 112219/262144 (42.8%)]
[09:36:55] INFO: AI request (iteration 3, msgs=195)
[09:37:00] INFO: AI response: 96655 prompt + 360 response tokens (total: 8123040 / 56564)
[09:37:01] [after +360] [Context: 112401/262144 (42.9%)]
[09:37:01] [iter 4] [Context: 112401/262144 (42.9%)]
[09:37:01] INFO: AI request (iteration 4, msgs=197)
[09:37:05] INFO: AI response: 96870 prompt + 148 response tokens (total: 8219910 / 56712)
[09:37:06] [after +148] [Context: 112525/262144 (42.9%)]
[09:37:06] [iter 5] [Context: 112525/262144 (42.9%)]
[09:37:06] INFO: AI request (iteration 5, msgs=199)
[09:37:09] INFO: AI response: 97044 prompt + 60 response tokens (total: 8316954 / 56772)
[09:37:10] [after +60] [Context: 112688/262144 (43.0%)]
[09:37:10] [iter 6] [Context: 112688/262144 (43.0%)]
[09:37:10] INFO: AI request (iteration 6, msgs=201)
[09:37:19] INFO: AI response: 97244 prompt + 626 response tokens (total: 8414198 / 57398)
[09:37:19] [after +626] [Context: 112993/262144 (43.1%)]
[09:37:19] [iter 7] [Context: 112993/262144 (43.1%)]
[09:37:19] INFO: AI request (iteration 7, msgs=203)
[09:37:21] INFO: AI response: 97540 prompt + 61 response tokens (total: 8511738 / 57459)
[09:37:21] [after +61] [Context: 113204/262144 (43.2%)]
[09:37:21] [iter 8] [Context: 113204/262144 (43.2%)]
[09:37:21] INFO: AI request (iteration 8, msgs=205)
[09:37:27] INFO: AI response: 97780 prompt + 380 response tokens (total: 8609518 / 57839)
[09:37:27] [after +380] [Context: 114325/262144 (43.6%)]
[09:37:27] [iter 9] [Context: 114325/262144 (43.6%)]
[09:37:27] INFO: AI request (iteration 9, msgs=207)
[09:37:31] INFO: AI response: 98834 prompt + 278 response tokens (total: 8708352 / 58117)
[09:37:31] [after +278] [Context: 115446/262144 (44.0%)]
[09:37:31] [iter 10] [Context: 115446/262144 (44.0%)]
[09:37:31] INFO: AI request (iteration 10, msgs=209)
[09:37:34] INFO: AI response: 99790 prompt + 294 response tokens (total: 8808142 / 58411)
[09:37:35] [after +294] [Context: 115577/262144 (44.1%)]
[09:37:35] Auto-continue: AI round 3/50 — task 1/10: Debug why saving site name in admin Settings does not persis...
[09:37:35] [Context: 115651/262144 (44.1%)]
[09:37:35] [iter 1] [Context: 115651/262144 (44.1%)]
[09:37:35] INFO: AI request (iteration 1, msgs=212)
[09:37:47] INFO: AI response: 100027 prompt + 1795 response tokens (total: 8908169 / 60206)
[09:37:47] [after +1795] [Context: 119982/262144 (45.8%)]
[09:37:47] [iter 2] [Context: 119982/262144 (45.8%)]
[09:37:47] INFO: AI request (iteration 2, msgs=214)
[09:37:55] INFO: AI response: 103415 prompt + 1204 response tokens (total: 9011584 / 61410)
[09:37:55] [after +1204] [Context: 121599/262144 (46.4%)]
[09:37:55] [iter 3] [Context: 121599/262144 (46.4%)]
[09:37:55] INFO: AI request (iteration 3, msgs=216)
[09:37:57] INFO: AI response: 104705 prompt + 174 response tokens (total: 9116289 / 61584)
[09:37:57] [after +174] [Context: 121680/262144 (46.4%)]
[09:37:57] [iter 4] [Context: 121680/262144 (46.4%)]
[09:37:57] INFO: AI request (iteration 4, msgs=218)
[09:37:59] INFO: AI response: 104812 prompt + 63 response tokens (total: 9221101 / 61647)
[09:37:59] [after +63] [Context: 122272/262144 (46.6%)]
[09:37:59] [iter 5] [Context: 122272/262144 (46.6%)]
[09:37:59] INFO: AI request (iteration 5, msgs=220)
[09:38:01] INFO: AI response: 105393 prompt + 78 response tokens (total: 9326494 / 61725)
[09:38:01] [after +78] [Context: 124014/262144 (47.3%)]
[09:38:01] [iter 6] [Context: 124014/262144 (47.3%)]
[09:38:01] INFO: AI request (iteration 6, msgs=222)
[09:38:02] INFO: AI response: 107045 prompt + 76 response tokens (total: 9433539 / 61801)
[09:38:02] [after +76] [Context: 133483/262144 (50.9%)]
[09:38:02] [iter 7] [Context: 133483/262144 (50.9%)]
[09:38:02] INFO: AI request (iteration 7, msgs=224)
[09:38:07] INFO: AI response: 114871 prompt + 473 response tokens (total: 9548410 / 62274)
[09:38:07] [after +473] [Context: 133642/262144 (51.0%)]
[09:38:07] [iter 8] [Context: 133642/262144 (51.0%)]
[09:38:07] INFO: AI request (iteration 8, msgs=226)
[09:39:03] INFO: AI response: 115019 prompt + 11127 response tokens (total: 9663429 / 73401)
[09:39:03] [after +11127] [Context: 147002/262144 (56.1%)]
[09:39:03] [iter 9] [Context: 147002/262144 (56.1%)]
[09:39:03] INFO: AI request (iteration 9, msgs=228)
[09:39:06] INFO: AI response: 126171 prompt + 128 response tokens (total: 9789600 / 73529)
[09:39:06] [after +128] [Context: 147067/262144 (56.1%)]
[09:39:06] [iter 10] [Context: 147067/262144 (56.1%)]
[09:39:06] INFO: AI request (iteration 10, msgs=230)
[09:39:10] INFO: AI response: 126261 prompt + 253 response tokens (total: 9915861 / 73782)
[09:39:11] [after +253] [Context: 147199/262144 (56.2%)]
[09:39:11] Auto-continue: AI round 4/50 — task 1/10: Debug why saving site name in admin Settings does not persis...
[09:39:11] [Context: 147273/262144 (56.2%)]
[09:39:11] [iter 1] [Context: 147273/262144 (56.2%)]
[09:39:11] INFO: AI request (iteration 1, msgs=233)
[09:39:15] INFO: AI response: 126503 prompt + 72 response tokens (total: 10042364 / 73854)
[09:39:16] [after +72] [Context: 147444/262144 (56.2%)]
[09:39:16] [iter 2] [Context: 147444/262144 (56.2%)]
[09:39:16] INFO: AI request (iteration 2, msgs=235)
[09:39:25] INFO: AI response: 126709 prompt + 929 response tokens (total: 10169073 / 74783)
[09:39:26] [after +929] [Context: 147601/262144 (56.3%)]
[09:39:26] [iter 3] [Context: 147662/262144 (56.3%)]
[09:39:26] INFO: AI request (iteration 3, msgs=238)
[09:39:31] INFO: AI response: 126968 prompt + 297 response tokens (total: 10296041 / 75080)
[09:39:31] [after +297] [Context: 147770/262144 (56.4%)]
[09:39:31] [iter 4] [Context: 147770/262144 (56.4%)]
[09:39:31] INFO: AI request (iteration 4, msgs=240)
[09:39:39] INFO: AI response: 127070 prompt + 517 response tokens (total: 10423111 / 75597)
[09:39:41] [after +517] [Context: 147806/262144 (56.4%)]
[09:39:41] [iter 5] [Context: 147806/262144 (56.4%)]
[09:39:41] INFO: AI request (iteration 5, msgs=242)
[09:39:44] INFO: AI response: 127115 prompt + 100 response tokens (total: 10550226 / 75697)
[09:39:44] [after +100] [Context: 148010/262144 (56.5%)]
[09:39:44] [iter 6] [Context: 148010/262144 (56.5%)]
[09:39:44] INFO: AI request (iteration 6, msgs=244)
[09:39:47] INFO: AI response: 127322 prompt + 123 response tokens (total: 10677548 / 75820)
[09:39:47] [after +123] [Context: 148562/262144 (56.7%)]
[09:39:47] [iter 7] [Context: 148562/262144 (56.7%)]
[09:39:47] INFO: AI request (iteration 7, msgs=246)
[09:39:53] INFO: AI response: 127812 prompt + 452 response tokens (total: 10805360 / 76272)
[09:39:53] [after +452] [Context: 149691/262144 (57.1%)]
[09:39:53] [iter 8] [Context: 149691/262144 (57.1%)]
[09:39:53] INFO: AI request (iteration 8, msgs=248)
[09:39:58] INFO: AI response: 128769 prompt + 344 response tokens (total: 10934129 / 76616)
[09:39:58] [after +344] [Context: 150331/262144 (57.3%)]
[09:39:58] [iter 9] [Context: 150331/262144 (57.3%)]
[09:39:58] INFO: AI request (iteration 9, msgs=250)
[09:40:06] INFO: AI response: 129342 prompt + 949 response tokens (total: 11063471 / 77565)
[09:40:06] [after +949] [Context: 153821/262144 (58.7%)]
[09:40:06] [iter 10] [Context: 153821/262144 (58.7%)]
[09:40:06] INFO: AI request (iteration 10, msgs=252)
[09:40:14] INFO: AI response: 132037 prompt + 924 response tokens (total: 11195508 / 78489)
[09:40:14] [after +924] [Context: 155098/262144 (59.2%)]
[09:40:14] Auto-continue: AI round 5/50 — task 1/10: Debug why saving site name in admin Settings does not persis...
[09:40:14] [Context: 155172/262144 (59.2%)]
[09:40:14] [iter 1] [Context: 155172/262144 (59.2%)]
[09:40:14] INFO: AI request (iteration 1, msgs=255)
[09:40:16] INFO: AI response: 133106 prompt + 58 response tokens (total: 11328614 / 78547)
[09:40:16] [after +58] [Context: 155266/262144 (59.2%)]
[09:40:16] [iter 2] [Context: 155266/262144 (59.2%)]
[09:40:16] INFO: AI request (iteration 2, msgs=257)
[09:41:18] INFO: AI response: 133227 prompt + 11052 response tokens (total: 11461841 / 89599)
[09:41:18] [after +11052] [Context: 168537/262144 (64.3%)]
[09:41:18] [iter 3] [Context: 168537/262144 (64.3%)]
[09:41:18] INFO: AI request (iteration 3, msgs=259)
[09:41:20] INFO: AI response: 144301 prompt + 56 response tokens (total: 11606142 / 89655)
[09:41:20] [after +56] [Context: 168602/262144 (64.3%)]
[09:41:20] [iter 4] [Context: 168602/262144 (64.3%)]
[09:41:20] INFO: AI request (iteration 4, msgs=261)
[09:41:26] INFO: AI response: 144391 prompt + 454 response tokens (total: 11750533 / 90109)
[09:41:27] [after +454] [Context: 168745/262144 (64.4%)]
[09:41:27] [iter 5] [Context: 168745/262144 (64.4%)]
[09:41:27] INFO: AI request (iteration 5, msgs=263)
[09:41:29] INFO: AI response: 144585 prompt + 120 response tokens (total: 11895118 / 90229)
[09:41:31] [after +120] [Context: 168908/262144 (64.4%)]
[09:41:31] [iter 6] [Context: 168908/262144 (64.4%)]
[09:41:31] INFO: AI request (iteration 6, msgs=265)
[09:41:35] INFO: AI response: 144785 prompt + 304 response tokens (total: 12039903 / 90533)
[09:41:35] [after +304] [Context: 211384/262144 (80.6%)]
[09:41:39] [iter 7] [Context: 35950/262144 (13.7%)]
[09:41:39] INFO: AI request (iteration 7, msgs=44)
[09:41:41] INFO: AI response: 29625 prompt + 76 response tokens (total: 12069528 / 90609)
[09:41:41] [after +76] [Context: 37073/262144 (14.1%)]
[09:41:41] [iter 8] [Context: 37073/262144 (14.1%)]
[09:41:41] INFO: AI request (iteration 8, msgs=46)
[09:41:43] INFO: AI response: 30674 prompt + 123 response tokens (total: 12100202 / 90732)
[09:41:43] [after +123] [Context: 38247/262144 (14.6%)]
[09:41:43] [iter 9] [Context: 38247/262144 (14.6%)]
[09:41:43] INFO: AI request (iteration 9, msgs=48)
[09:41:44] INFO: AI response: 31666 prompt + 70 response tokens (total: 12131868 / 90802)
[09:41:44] [after +70] [Context: 38364/262144 (14.6%)]
[09:41:44] [iter 10] [Context: 38364/262144 (14.6%)]
[09:41:44] INFO: AI request (iteration 10, msgs=50)
[09:41:45] INFO: AI response: 31790 prompt + 36 response tokens (total: 12163658 / 90838)
[09:41:45] [after +36] [Context: 42050/262144 (16.0%)]
[09:41:45] Auto-continue: AI round 6/50 — task 1/10: Debug why saving site name in admin Settings does not persis...
[09:41:45] [Context: 42124/262144 (16.1%)]
[09:41:45] [iter 1] [Context: 42124/262144 (16.1%)]
[09:41:45] INFO: AI request (iteration 1, msgs=53)
[09:41:48] INFO: AI response: 34783 prompt + 95 response tokens (total: 12198441 / 90933)
[09:41:48] [after +95] [Context: 42248/262144 (16.1%)]
[09:41:48] [iter 2] [Context: 42248/262144 (16.1%)]
[09:41:48] INFO: AI request (iteration 2, msgs=55)
[09:41:50] INFO: AI response: 34901 prompt + 85 response tokens (total: 12233342 / 91018)
[09:41:50] [after +85] [Context: 42501/262144 (16.2%)]
[09:41:50] [iter 3] [Context: 42562/262144 (16.2%)]
[09:41:50] INFO: AI request (iteration 3, msgs=58)
[09:41:51] INFO: AI response: 35232 prompt + 77 response tokens (total: 12268574 / 91095)
[09:41:51] [after +77] [Context: 43688/262144 (16.7%)]
[09:41:51] [iter 4] [Context: 43688/262144 (16.7%)]
[09:41:51] INFO: AI request (iteration 4, msgs=60)
[09:42:04] INFO: AI response: 36203 prompt + 1635 response tokens (total: 12304777 / 92730)
[09:42:04] [after +1635] [Context: 44448/262144 (17.0%)]
[09:42:04] [iter 5] [Context: 44448/262144 (17.0%)]
[09:42:04] INFO: AI request (iteration 5, msgs=62)
[09:42:06] INFO: AI response: 36854 prompt + 102 response tokens (total: 12341631 / 92832)
[09:42:06] [after +102] [Context: 44520/262144 (17.0%)]
[09:42:06] [iter 6] [Context: 44520/262144 (17.0%)]
[09:42:06] INFO: AI request (iteration 6, msgs=64)
[09:42:07] INFO: AI response: 36928 prompt + 38 response tokens (total: 12378559 / 92870)
[09:42:07] [after +38] [Context: 44579/262144 (17.0%)]
[09:42:07] [iter 7] [Context: 44579/262144 (17.0%)]
[09:42:07] INFO: AI request (iteration 7, msgs=66)
[09:42:09] INFO: AI response: 36984 prompt + 50 response tokens (total: 12415543 / 92920)
[09:42:09] [after +50] [Context: 44920/262144 (17.1%)]
[09:42:09] [iter 8] [Context: 44920/262144 (17.1%)]
[09:42:09] INFO: AI request (iteration 8, msgs=68)
[09:42:11] INFO: AI response: 37328 prompt + 271 response tokens (total: 12452871 / 93191)
[09:42:11] [after +271] [Context: 45533/262144 (17.4%)]
[09:42:11] [iter 9] [Context: 45533/262144 (17.4%)]
[09:42:11] INFO: AI request (iteration 9, msgs=70)
[09:42:14] ReplaceLine>⚠ Model repeated itself — auto-cancelled
[09:42:14] [after +271] [Context: 45533/262144 (17.4%)]
[09:42:14] Auto-continue: task 1/10 — Debug why saving site name in admin Settings does not persis...
[09:42:14] [iter 10] [Context: 45608/262144 (17.4%)]
[09:42:14] INFO: AI request (iteration 10, msgs=71)
[09:42:16] ReplaceLine>⚠ Model repeated itself — auto-cancelled
[09:42:16] [after +271] [Context: 45608/262144 (17.4%)]
[09:42:16] Auto-continue: AI round 7/50 — task 1/10: Debug why saving site name in admin Settings does not persis...
[09:42:16] [Context: 45682/262144 (17.4%)]
[09:42:16] [iter 1] [Context: 45682/262144 (17.4%)]
[09:42:16] INFO: AI request (iteration 1, msgs=72)
[09:42:18] ReplaceLine>⚠ Model repeated itself — auto-cancelled
[09:42:18] [after +271] [Context: 45682/262144 (17.4%)]
[09:42:18] Auto-continue: AI round 8/50 — task 1/10: Debug why saving site name in admin Settings does not persis...
[09:42:18] [Context: 45756/262144 (17.5%)]
[09:42:18] [iter 1] [Context: 45756/262144 (17.5%)]
[09:42:18] INFO: AI request (iteration 1, msgs=73)
[09:42:21] ReplaceLine>⚠ Model repeated itself — auto-cancelled
[09:42:21] [after +271] [Context: 45756/262144 (17.5%)]
[09:42:21] Auto-continue: AI round 9/50 — task 1/10: Debug why saving site name in admin Settings does not persis...
[09:42:21] [Context: 45830/262144 (17.5%)]
[09:42:21] [iter 1] [Context: 45830/262144 (17.5%)]
[09:42:21] INFO: AI request (iteration 1, msgs=74)
[09:42:25] ReplaceLine>⚠ Model repeated itself — auto-cancelled
[09:42:25] [after +271] [Context: 45830/262144 (17.5%)]
[09:42:25] Auto-continue: AI round 10/50 — task 1/10: Debug why saving site name in admin Settings does not persis...
[09:42:25] [Context: 45904/262144 (17.5%)]
[09:42:25] [iter 1] [Context: 45904/262144 (17.5%)]
[09:42:25] INFO: AI request (iteration 1, msgs=75)
[09:42:30] INFO: AI response: 38153 prompt + 270 response tokens (total: 12491024 / 93461)
[09:42:30] [after +270] [Context: 46260/262144 (17.6%)]
[09:42:30] [iter 2] [Context: 46260/262144 (17.6%)]
[09:42:30] INFO: AI request (iteration 2, msgs=77)
[09:42:31] INFO: AI response: 38468 prompt + 59 response tokens (total: 12529492 / 93520)
[09:42:31] [after +59] [Context: 46330/262144 (17.7%)]
[09:42:31] [iter 3] [Context: 46330/262144 (17.7%)]
[09:42:31] INFO: AI request (iteration 3, msgs=79)
[09:42:34] INFO: AI response: 38562 prompt + 122 response tokens (total: 12568054 / 93642)
[09:42:36] [after +122] [Context: 46449/262144 (17.7%)]
[09:42:36] [iter 4] [Context: 46449/262144 (17.7%)]
[09:42:36] INFO: AI request (iteration 4, msgs=81)
[09:42:38] INFO: AI response: 38736 prompt + 63 response tokens (total: 12606790 / 93705)
[09:42:39] [after +63] [Context: 46612/262144 (17.8%)]
[09:42:39] [iter 5] [Context: 46612/262144 (17.8%)]
[09:42:39] INFO: AI request (iteration 5, msgs=83)
[09:42:42] INFO: AI response: 38936 prompt + 135 response tokens (total: 12645726 / 93840)
[09:42:43] [after +135] [Context: 46752/262144 (17.8%)]
[09:42:43] [iter 6] [Context: 46752/262144 (17.8%)]
[09:42:43] INFO: AI request (iteration 6, msgs=85)
[09:42:47] INFO: AI response: 39123 prompt + 224 response tokens (total: 12684849 / 94064)
[09:42:47] [after +224] [Context: 47862/262144 (18.3%)]
[09:42:47] [iter 7] [Context: 47862/262144 (18.3%)]
[09:42:47] INFO: AI request (iteration 7, msgs=87)
[09:42:53] INFO: AI response: 40056 prompt + 691 response tokens (total: 12724905 / 94755)
[09:42:53] [after +691] [Context: 48578/262144 (18.5%)]
[09:42:53] [iter 8] [Context: 48578/262144 (18.5%)]
[09:42:53] INFO: AI request (iteration 8, msgs=89)
[09:42:55] INFO: AI response: 40672 prompt + 201 response tokens (total: 12765577 / 94956)
[09:42:55] [after +201] [Context: 48887/262144 (18.6%)]
[09:42:55] [iter 9] [Context: 48887/262144 (18.6%)]
[09:42:55] INFO: AI request (iteration 9, msgs=91)
[09:43:01] INFO: AI response: 40961 prompt + 542 response tokens (total: 12806538 / 95498)
[09:43:01] [after +542] [Context: 50034/262144 (19.1%)]
[09:43:01] [iter 10] [Context: 50034/262144 (19.1%)]
[09:43:01] INFO: AI request (iteration 10, msgs=93)
[09:43:05] INFO: AI response: 41939 prompt + 409 response tokens (total: 12848477 / 95907)
[09:43:06] [after +409] [Context: 50135/262144 (19.1%)]
[09:43:06] Auto-continue: AI round 11/50 — task 1/10: Debug why saving site name in admin Settings does not persis...
[09:43:06] [Context: 50209/262144 (19.2%)]
[09:43:06] [iter 1] [Context: 50209/262144 (19.2%)]
[09:43:06] INFO: AI request (iteration 1, msgs=96)
[09:43:08] INFO: AI response: 42126 prompt + 67 response tokens (total: 12890603 / 95974)
[09:43:09] [after +67] [Context: 50290/262144 (19.2%)]
[09:43:09] [iter 2] [Context: 50290/262144 (19.2%)]
[09:43:09] INFO: AI request (iteration 2, msgs=98)
[09:43:11] INFO: AI response: 42236 prompt + 85 response tokens (total: 12932839 / 96059)
[09:43:11] [after +85] [Context: 50520/262144 (19.3%)]
[09:43:11] [iter 3] [Context: 50520/262144 (19.3%)]
[09:43:11] INFO: AI request (iteration 3, msgs=100)
[09:43:12] INFO: AI response: 42501 prompt + 39 response tokens (total: 12975340 / 96098)
[09:43:12] [after +39] [Context: 50576/262144 (19.3%)]
[09:43:12] [iter 4] [Context: 50637/262144 (19.3%)]
[09:43:12] INFO: AI request (iteration 4, msgs=103)
[09:43:19] INFO: AI response: 42623 prompt + 798 response tokens (total: 13017963 / 96896)
[09:43:19] [after +798] [Context: 51495/262144 (19.6%)]
[09:43:19] [iter 5] [Context: 51495/262144 (19.6%)]
[09:43:19] INFO: AI request (iteration 5, msgs=105)
[09:43:20] INFO: AI response: 43445 prompt + 52 response tokens (total: 13061408 / 96948)
[09:43:25] [after +52] [Context: 51588/262144 (19.7%)]
[09:43:25] [iter 6] [Context: 51588/262144 (19.7%)]
[09:43:25] INFO: AI request (iteration 6, msgs=107)
[09:43:28] INFO: AI response: 43550 prompt + 234 response tokens (total: 13104958 / 97182)
[09:43:28] [after +234] [Context: 51853/262144 (19.8%)]
[09:43:28] Auto-continue: AI round 12/50 — task 1/10: Debug why saving site name in admin Settings does not persis...
[09:43:28] [Context: 51927/262144 (19.8%)]
[09:43:28] [iter 1] [Context: 51927/262144 (19.8%)]
[09:43:28] INFO: AI request (iteration 1, msgs=109)
[09:43:32] INFO: AI response: 43617 prompt + 549 response tokens (total: 13148575 / 97731)
[09:43:32] [after +549] [Context: 52696/262144 (20.1%)]
[09:43:32] [iter 2] [Context: 52696/262144 (20.1%)]
[09:43:32] INFO: AI request (iteration 2, msgs=111)
[09:43:35] INFO: AI response: 44297 prompt + 267 response tokens (total: 13192872 / 97998)
[09:43:35] [after +267] [Context: 53034/262144 (20.2%)]
[09:43:35] [iter 3] [Context: 53034/262144 (20.2%)]
[09:43:35] INFO: AI request (iteration 3, msgs=113)
[09:43:40] INFO: AI response: 44616 prompt + 918 response tokens (total: 13237488 / 98916)
[09:43:41] [after +918] [Context: 56094/262144 (21.4%)]
[09:43:41] [iter 4] [Context: 56094/262144 (21.4%)]
[09:43:41] INFO: AI request (iteration 4, msgs=115)
[09:43:48] INFO: AI response: 47004 prompt + 1184 response tokens (total: 13284492 / 100100)
[09:43:48] [after +1184] [Context: 57364/262144 (21.9%)]
[09:43:48] [iter 5] [Context: 57364/262144 (21.9%)]
[09:43:48] INFO: AI request (iteration 5, msgs=117)
[09:43:49] INFO: AI response: 48020 prompt + 70 response tokens (total: 13332512 / 100170)
[09:43:49] [after +70] [Context: 57432/262144 (21.9%)]
[09:43:49] [iter 6] [Context: 57432/262144 (21.9%)]
[09:43:49] INFO: AI request (iteration 6, msgs=119)
[09:44:49] INFO: AI response: 48089 prompt + 11614 response tokens (total: 13380601 / 111784)
[09:44:49] [after +11614] [Context: 70831/262144 (27.0%)]
[09:44:49] [iter 7] [Context: 70831/262144 (27.0%)]
[09:44:49] INFO: AI request (iteration 7, msgs=121)
[09:44:50] INFO: AI response: 59283 prompt + 55 response tokens (total: 13439884 / 111839)
[09:44:50] [after +55] [Context: 70896/262144 (27.0%)]
[09:44:50] [iter 8] [Context: 70896/262144 (27.0%)]
[09:44:50] INFO: AI request (iteration 8, msgs=123)
[09:44:53] INFO: AI response: 59373 prompt + 179 response tokens (total: 13499257 / 112018)
[09:44:55] [after +179] [Context: 71016/262144 (27.1%)]
[09:44:55] [iter 9] [Context: 71016/262144 (27.1%)]
[09:44:55] INFO: AI request (iteration 9, msgs=125)
[09:45:00] INFO: AI response: 59544 prompt + 469 response tokens (total: 13558801 / 112487)
[09:45:00] [after +469] [Context: 71154/262144 (27.1%)]
[09:45:00] [iter 10] [Context: 71154/262144 (27.1%)]
[09:45:00] INFO: AI request (iteration 10, msgs=127)
[09:45:02] INFO: AI response: 59690 prompt + 71 response tokens (total: 13618491 / 112558)
[09:45:02] [after +71] [Context: 71477/262144 (27.3%)]
[09:45:02] Auto-continue: AI round 13/50 — task 1/10: Debug why saving site name in admin Settings does not persis...
[09:45:02] [Context: 71551/262144 (27.3%)]
[09:45:02] [iter 1] [Context: 71551/262144 (27.3%)]
[09:45:02] INFO: AI request (iteration 1, msgs=130)
[09:45:04] INFO: AI response: 60050 prompt + 60 response tokens (total: 13678541 / 112618)
[09:45:04] [after +60] [Context: 71949/262144 (27.4%)]
[09:45:04] [iter 2] [Context: 71949/262144 (27.4%)]
[09:45:04] INFO: AI request (iteration 2, msgs=132)
[09:45:05] INFO: AI response: 60415 prompt + 69 response tokens (total: 13738956 / 112687)
[09:45:05] [after +69] [Context: 76407/262144 (29.1%)]
[09:45:05] [iter 3] [Context: 76407/262144 (29.1%)]
[09:45:05] INFO: AI request (iteration 3, msgs=134)
[09:45:08] INFO: AI response: 64037 prompt + 147 response tokens (total: 13802993 / 112834)
[09:45:08] [after +147] [Context: 76480/262144 (29.2%)]
[09:45:08] [iter 4] [Context: 76480/262144 (29.2%)]
[09:45:08] INFO: AI request (iteration 4, msgs=136)
[09:45:09] INFO: AI response: 64114 prompt + 22 response tokens (total: 13867107 / 112856)
[09:45:09] [after +22] [Context: 78949/262144 (30.1%)]
[09:45:09] [iter 5] [Context: 78949/262144 (30.1%)]
[09:45:09] INFO: AI request (iteration 5, msgs=138)
[09:45:12] INFO: AI response: 66915 prompt + 345 response tokens (total: 13934022 / 113201)
[09:45:12] [after +345] [Context: 79303/262144 (30.3%)]
[09:45:12] Auto-continue: AI round 14/50 — task 1/10: Debug why saving site name in admin Settings does not persis...
[09:45:12] [Context: 79377/262144 (30.3%)]
[09:45:12] [iter 1] [Context: 79377/262144 (30.3%)]
[09:45:12] INFO: AI request (iteration 1, msgs=140)
[09:45:14] INFO: AI response: 66982 prompt + 59 response tokens (total: 14001004 / 113260)
[09:45:14] [after +59] [Context: 80483/262144 (30.7%)]
[09:45:14] [iter 2] [Context: 80483/262144 (30.7%)]
[09:45:14] INFO: AI request (iteration 2, msgs=142)
[09:45:16] INFO: AI response: 67915 prompt + 49 response tokens (total: 14068919 / 113309)
[09:45:16] [after +49] [Context: 83031/262144 (31.7%)]
[09:45:16] [iter 3] [Context: 83092/262144 (31.7%)]
[09:45:16] INFO: AI request (iteration 3, msgs=145)
[09:45:18] INFO: AI response: 70383 prompt + 183 response tokens (total: 14139302 / 113492)
[09:45:18] [after +183] [Context: 83282/262144 (31.8%)]
[09:45:18] [iter 4] [Context: 83282/262144 (31.8%)]
[09:45:18] INFO: AI request (iteration 4, msgs=147)
[09:45:20] INFO: AI response: 70601 prompt + 73 response tokens (total: 14209903 / 113565)
[09:45:20] [after +73] [Context: 83407/262144 (31.8%)]
[09:45:20] [iter 5] [Context: 83407/262144 (31.8%)]
[09:45:20] INFO: AI request (iteration 5, msgs=149)
[09:45:23] INFO: AI response: 70770 prompt + 177 response tokens (total: 14280673 / 113742)
[09:45:23] ✓ Terminal: Error: Program 'pgrep' is not in the allowed programs list.
Allowed: ls, dir, cat, echo, pwd, whoami, date, id, grep, find, sort, head, tail, wc, awk, sed, bash, sh, python3, python, node, perl, ruby, git, make, cmake, gcc, g++, ping, curl, wget, netstat, ss, ps, top, df, du, free, mkdir, cp, mv, touch, rm, rmdir, ln, install, chmod, chown, cd, ollama, pip, pip3, nvidia-smi, ffmpeg, ffprobe
[09:45:23] [after +177] [Context: 83540/262144 (31.9%)]
[09:45:23] [iter 6] [Context: 83540/262144 (31.9%)]
[09:45:23] INFO: AI request (iteration 6, msgs=151)
[09:45:26] INFO: AI response: 70957 prompt + 186 response tokens (total: 14351630 / 113928)
[09:45:26] [after +186] [Context: 83655/262144 (31.9%)]
[09:45:26] [iter 7] [Context: 83655/262144 (31.9%)]
[09:45:26] INFO: AI request (iteration 7, msgs=153)
[09:45:28] INFO: AI response: 71128 prompt + 75 response tokens (total: 14422758 / 114003)
[09:45:28] [after +75] [Context: 83957/262144 (32.0%)]
[09:45:28] [iter 8] [Context: 83957/262144 (32.0%)]
[09:45:28] INFO: AI request (iteration 8, msgs=155)
[09:45:30] INFO: AI response: 71676 prompt + 155 response tokens (total: 14494434 / 114158)
[09:45:30] [after +155] [Context: 84916/262144 (32.4%)]
[09:45:30] [iter 9] [Context: 84916/262144 (32.4%)]
[09:45:30] INFO: AI request (iteration 9, msgs=157)
[09:45:32] INFO: AI response: 72723 prompt + 87 response tokens (total: 14567157 / 114245)
[09:45:32] [after +87] [Context: 85840/262144 (32.7%)]
[09:45:32] [iter 10] [Context: 85840/262144 (32.7%)]
[09:45:32] INFO: AI request (iteration 10, msgs=159)
[09:45:36] INFO: AI response: 73741 prompt + 468 response tokens (total: 14640898 / 114713)
[09:45:36] [after +468] [Context: 85891/262144 (32.8%)]
[09:45:36] Auto-continue: AI round 15/50 — task 1/10: Debug why saving site name in admin Settings does not persis...
[09:45:36] [Context: 85965/262144 (32.8%)]
[09:45:36] [iter 1] [Context: 85965/262144 (32.8%)]
[09:45:36] INFO: AI request (iteration 1, msgs=162)
[09:45:39] INFO: AI response: 73883 prompt + 255 response tokens (total: 14714781 / 114968)
[09:45:39] [after +255] [Context: 86509/262144 (33.0%)]
[09:45:39] [iter 2] [Context: 86509/262144 (33.0%)]
[09:45:39] INFO: AI request (iteration 2, msgs=164)
[09:45:41] INFO: AI response: 74933 prompt + 168 response tokens (total: 14789714 / 115136)
[09:45:41] [after +168] [Context: 86689/262144 (33.1%)]
[09:45:41] [iter 3] [Context: 86689/262144 (33.1%)]
[09:45:41] INFO: AI request (iteration 3, msgs=166)
[09:45:44] INFO: AI response: 75134 prompt + 124 response tokens (total: 14864848 / 115260)
[09:45:44] [after +124] [Context: 87086/262144 (33.2%)]
[09:45:44] [iter 4] [Context: 87086/262144 (33.2%)]
[09:45:44] INFO: AI request (iteration 4, msgs=168)
[09:45:47] INFO: AI response: 75607 prompt + 149 response tokens (total: 14940455 / 115409)
[09:45:47] [after +149] [Context: 87223/262144 (33.3%)]
[09:45:47] [iter 5] [Context: 87223/262144 (33.3%)]
[09:45:47] INFO: AI request (iteration 5, msgs=170)
[09:45:49] INFO: AI response: 75795 prompt + 97 response tokens (total: 15016250 / 115506)
[09:45:49] [after +97] [Context: 87446/262144 (33.4%)]
[09:45:49] [iter 6] [Context: 87446/262144 (33.4%)]
[09:45:49] INFO: AI request (iteration 6, msgs=172)
[09:45:52] INFO: AI response: 76031 prompt + 182 response tokens (total: 15092281 / 115688)
[09:45:52] [after +182] [Context: 87590/262144 (33.4%)]
[09:45:52] [iter 7] [Context: 87590/262144 (33.4%)]
[09:45:52] INFO: AI request (iteration 7, msgs=174)
[09:46:00] INFO: AI response: 76208 prompt + 605 response tokens (total: 15168489 / 116293)
[09:46:00] [after +605] [Context: 88190/262144 (33.6%)]
[09:46:00] Auto-continue: AI round 16/50 — task 1/10: Debug why saving site name in admin Settings does not persis...
[09:46:00] [Context: 88264/262144 (33.7%)]
[09:46:00] [iter 1] [Context: 88264/262144 (33.7%)]
[09:46:00] INFO: AI request (iteration 1, msgs=176)
[09:46:02] INFO: AI response: 76275 prompt + 92 response tokens (total: 15244764 / 116385)
[09:46:02] Error: Grep param 'fileName' = '/home/t3ch/adata2/OurAI/AIIAEditor' is not in the approved paths. Use !PROJECT ADD DIR <dir> or !PROJECT ADD FILE <file> to approve it.
[09:46:02] [after +92] [Context: 88406/262144 (33.7%)]
[09:46:02] [iter 2] [Context: 88406/262144 (33.7%)]
[09:46:02] INFO: AI request (iteration 2, msgs=178)
[09:46:05] INFO: AI response: 76432 prompt + 289 response tokens (total: 15321196 / 116674)
[09:46:05] [after +289] [Context: 88670/262144 (33.8%)]
[09:46:05] Auto-continue: AI round 17/50 — task 1/10: Debug why saving site name in admin Settings does not persis...
[09:46:05] [Context: 88744/262144 (33.9%)]
[09:46:05] [iter 1] [Context: 88744/262144 (33.9%)]
[09:46:05] INFO: AI request (iteration 1, msgs=180)
[09:46:09] INFO: AI response: 76499 prompt + 336 response tokens (total: 15397695 / 117010)
[09:46:09] [after +336] [Context: 131216/262144 (50.1%)]
[09:46:09] [iter 2] [Context: 131216/262144 (50.1%)]
[09:46:09] INFO: AI request (iteration 2, msgs=182)
[09:46:16] INFO: AI response: 124170 prompt + 524 response tokens (total: 15521865 / 117534)
[09:46:16] [after +524] [Context: 131574/262144 (50.2%)]
[09:46:16] [iter 3] [Context: 131574/262144 (50.2%)]
[09:46:16] INFO: AI request (iteration 3, msgs=184)
[09:46:27] INFO: AI response: 124529 prompt + 1181 response tokens (total: 15646394 / 118715)
[09:46:27] [after +1181] [Context: 132891/262144 (50.7%)]
[09:46:27] [iter 4] [Context: 132952/262144 (50.7%)]
[09:46:27] INFO: AI request (iteration 4, msgs=186)
[09:46:31] INFO: AI response: 124593 prompt + 27 response tokens (total: 15770987 / 118742)
[09:46:31] ✓ GetTip: Error: Missing required parameter(s): title
Usage:
<GetTip>
<title>string</title>
</GetTip>
[09:46:31] [after +27] [Context: 133019/262144 (50.7%)]
[09:46:31] [iter 5] [Context: 133019/262144 (50.7%)]
[09:46:31] INFO: AI request (iteration 5, msgs=188)
[09:46:33] INFO: AI response: 124655 prompt + 61 response tokens (total: 15895642 / 118803)
[09:46:33] [after +61] [Context: 135451/262144 (51.7%)]
[09:46:33] [iter 6] [Context: 135451/262144 (51.7%)]
[09:46:33] INFO: AI request (iteration 6, msgs=190)
[09:46:44] INFO: AI response: 127007 prompt + 1256 response tokens (total: 16022649 / 120059)
[09:46:44] [after +1256] [Context: 136858/262144 (52.2%)]
[09:46:44] Auto-continue: AI round 18/50 — task 1/10: Debug why saving site name in admin Settings does not persis...
[09:46:44] [Context: 136932/262144 (52.2%)]
[09:46:44] [iter 1] [Context: 136932/262144 (52.2%)]
[09:46:44] INFO: AI request (iteration 1, msgs=192)
[09:46:50] INFO: AI response: 127074 prompt + 606 response tokens (total: 16149723 / 120665)
[09:46:50] [after +606] [Context: 137151/262144 (52.3%)]
[09:46:50] [iter 2] [Context: 137151/262144 (52.3%)]
[09:46:50] INFO: AI request (iteration 2, msgs=194)
[09:47:16] INFO: AI response: 127318 prompt + 3337 response tokens (total: 16277041 / 124002)
[09:47:16] [after +3337] [Context: 138125/262144 (52.7%)]
[09:47:16] [iter 3] [Context: 138125/262144 (52.7%)]
[09:47:16] INFO: AI request (iteration 3, msgs=196)
[09:47:19] INFO: AI response: 129291 prompt + 200 response tokens (total: 16406332 / 124202)
[09:47:19] [after +200] [Context: 139951/262144 (53.4%)]
[09:47:19] [iter 4] [Context: 139951/262144 (53.4%)]
[09:47:19] INFO: AI request (iteration 4, msgs=198)
[09:47:25] INFO: AI response: 131342 prompt + 704 response tokens (total: 16537674 / 124906)
[09:47:35] [after +704] [Context: 142014/262144 (54.2%)]
[09:47:35] [iter 5] [Context: 142014/262144 (54.2%)]
[09:47:35] INFO: AI request (iteration 5, msgs=200)
[09:47:49] INFO: AI response: 134111 prompt + 1699 response tokens (total: 16671785 / 126605)
[09:47:49] [after +1699] [Context: 143827/262144 (54.9%)]
[09:47:49] Auto-continue: AI round 19/50 — task 1/10: Debug why saving site name in admin Settings does not persis...
[09:47:49] [Context: 143901/262144 (54.9%)]
[09:47:49] [iter 1] [Context: 143901/262144 (54.9%)]
[09:47:49] INFO: AI request (iteration 1, msgs=202)
[09:47:53] INFO: AI response: 134178 prompt + 239 response tokens (total: 16805963 / 126844)
[09:47:53] [after +239] [Context: 144182/262144 (55.0%)]
[09:47:53] [iter 2] [Context: 144182/262144 (55.0%)]
[09:47:53] INFO: AI request (iteration 2, msgs=204)
[09:47:55] INFO: AI response: 134513 prompt + 100 response tokens (total: 16940476 / 126944)
[09:47:55] [after +100] [Context: 144258/262144 (55.0%)]
[09:47:55] [iter 3] [Context: 144258/262144 (55.0%)]
[09:47:55] INFO: AI request (iteration 3, msgs=206)
[09:47:57] INFO: AI response: 134611 prompt + 125 response tokens (total: 17075087 / 127069)
[09:47:57] [after +125] [Context: 144379/262144 (55.1%)]
[09:47:57] [iter 4] [Context: 144379/262144 (55.1%)]
[09:47:57] INFO: AI request (iteration 4, msgs=208)
[09:48:00] INFO: AI response: 134803 prompt + 99 response tokens (total: 17209890 / 127168)
[09:48:00] [after +99] [Context: 144491/262144 (55.1%)]
[09:48:00] [iter 5] [Context: 144491/262144 (55.1%)]
[09:48:00] INFO: AI request (iteration 5, msgs=210)
[09:48:03] INFO: AI response: 134972 prompt + 145 response tokens (total: 17344862 / 127313)
[09:48:03] [after +145] [Context: 144604/262144 (55.2%)]
[09:48:03] [iter 6] [Context: 144604/262144 (55.2%)]
[09:48:03] INFO: AI request (iteration 6, msgs=212)
[09:48:06] INFO: AI response: 135144 prompt + 133 response tokens (total: 17480006 / 127446)
[09:48:06] ✓ Terminal: Error: Missing required parameter(s): arg1
Usage:
<Terminal>
<arg1>string</arg1>
<arg2>string</arg2>
<arg3>string</arg3>
<arg4>string</arg4>
<arg5>string</arg5>
<timeout>string</timeout>
</Terminal>
[09:48:06] [after +133] [Context: 144669/262144 (55.2%)]
[09:48:06] [iter 7] [Context: 144669/262144 (55.2%)]
[09:48:06] INFO: AI request (iteration 7, msgs=214)
[09:48:09] INFO: AI response: 135223 prompt + 132 response tokens (total: 17615229 / 127578)
[09:48:09] [after +132] [Context: 144940/262144 (55.3%)]
[09:48:09] [iter 8] [Context: 144940/262144 (55.3%)]
[09:48:09] INFO: AI request (iteration 8, msgs=216)
[09:48:21] INFO: AI response: 135744 prompt + 1104 response tokens (total: 17750973 / 128682)
[09:48:21] [after +1104] [Context: 146176/262144 (55.8%)]
[09:48:21] Auto-continue: AI round 20/50 — task 1/10: Debug why saving site name in admin Settings does not persis...
[09:48:21] [Context: 146250/262144 (55.8%)]
[09:48:21] [iter 1] [Context: 146250/262144 (55.8%)]
[09:48:21] INFO: AI request (iteration 1, msgs=218)
[09:48:32] INFO: AI response: 135811 prompt + 1342 response tokens (total: 17886784 / 130024)
[09:48:32] [after +1342] [Context: 146612/262144 (55.9%)]
[09:48:32] [iter 2] [Context: 146612/262144 (55.9%)]
[09:48:32] INFO: AI request (iteration 2, msgs=220)
[09:48:35] INFO: AI response: 136170 prompt + 232 response tokens (total: 18022954 / 130256)
[09:48:35] [after +232] [Context: 146858/262144 (56.0%)]
[09:48:35] Auto-continue: AI round 21/50 — task 1/10: Debug why saving site name in admin Settings does not persis...
[09:48:35] [Context: 146932/262144 (56.1%)]
[09:48:35] [iter 1] [Context: 146932/262144 (56.1%)]
[09:48:35] INFO: AI request (iteration 1, msgs=222)
[09:48:44] INFO: AI response: 136237 prompt + 791 response tokens (total: 18159191 / 131047)
[09:48:44] [after +791] [Context: 147789/262144 (56.4%)]
[09:48:44] Auto-continue: AI round 22/50 — task 1/10: Debug why saving site name in admin Settings does not persis...
[09:48:44] [Context: 147863/262144 (56.4%)]
[09:48:44] [iter 1] [Context: 147863/262144 (56.4%)]
[09:48:44] INFO: AI request (iteration 1, msgs=224)
[09:49:09] INFO: AI response: 136304 prompt + 2678 response tokens (total: 18295495 / 133725)
[09:49:09] [after +2678] [Context: 148215/262144 (56.5%)]
[09:49:09] [iter 2] [Context: 148215/262144 (56.5%)]
[09:49:09] INFO: AI request (iteration 2, msgs=226)
[09:49:11] INFO: AI response: 136660 prompt + 65 response tokens (total: 18432155 / 133790)
[09:49:11] [after +65] [Context: 148317/262144 (56.6%)]
[09:49:11] [iter 3] [Context: 148378/262144 (56.6%)]
[09:49:11] INFO: AI request (iteration 3, msgs=229)
[09:49:14] INFO: AI response: 136816 prompt + 112 response tokens (total: 18568971 / 133902)
[09:49:14] [after +112] [Context: 148456/262144 (56.6%)]
[09:49:14] [iter 4] [Context: 148456/262144 (56.6%)]
[09:49:14] INFO: AI request (iteration 4, msgs=231)
[09:49:16] INFO: AI response: 136883 prompt + 61 response tokens (total: 18705854 / 133963)
[09:49:16] [after +61] [Context: 148863/262144 (56.8%)]
[09:49:16] [iter 5] [Context: 148863/262144 (56.8%)]
[09:49:16] INFO: AI request (iteration 5, msgs=233)
[09:49:18] INFO: AI response: 137297 prompt + 109 response tokens (total: 18843151 / 134072)
[09:49:18] [after +109] [Context: 150258/262144 (57.3%)]
[09:49:18] [iter 6] [Context: 150258/262144 (57.3%)]
[09:49:18] INFO: AI request (iteration 6, msgs=235)
[09:49:21] INFO: AI response: 138427 prompt + 248 response tokens (total: 18981578 / 134320)
[09:49:21] [after +248] [Context: 150434/262144 (57.4%)]
[09:49:21] [iter 7] [Context: 150434/262144 (57.4%)]
[09:49:21] INFO: AI request (iteration 7, msgs=237)
[09:49:24] INFO: AI response: 138693 prompt + 106 response tokens (total: 19120271 / 134426)
[09:49:24] [after +106] [Context: 150621/262144 (57.5%)]
[09:49:24] [iter 8] [Context: 150621/262144 (57.5%)]
[09:49:24] INFO: AI request (iteration 8, msgs=239)
[09:49:30] INFO: AI response: 138936 prompt + 499 response tokens (total: 19259207 / 134925)
[09:49:30] [after +499] [Context: 151146/262144 (57.7%)]
[09:49:30] Auto-continue: AI round 23/50 — task 1/10: Debug why saving site name in admin Settings does not persis...
[09:49:30] [Context: 151220/262144 (57.7%)]
[09:49:30] [iter 1] [Context: 151220/262144 (57.7%)]
[09:49:30] INFO: AI request (iteration 1, msgs=241)
[09:49:42] INFO: AI response: 139003 prompt + 1748 response tokens (total: 19398210 / 136673)
[09:49:42] [after +1748] [Context: 151358/262144 (57.7%)]
[09:49:42] [iter 2] [Context: 151358/262144 (57.7%)]
[09:49:42] INFO: AI request (iteration 2, msgs=243)
[09:49:45] INFO: AI response: 139170 prompt + 283 response tokens (total: 19537380 / 136956)
[09:49:45] [after +283] [Context: 151509/262144 (57.8%)]
[09:49:45] [iter 3] [Context: 151509/262144 (57.8%)]
[09:49:45] INFO: AI request (iteration 3, msgs=245)
[09:49:48] INFO: AI response: 139385 prompt + 289 response tokens (total: 19676765 / 137245)
[09:49:49] [after +289] [Context: 151589/262144 (57.8%)]
[09:49:49] [iter 4] [Context: 151589/262144 (57.8%)]
[09:49:49] INFO: AI request (iteration 4, msgs=247)
[09:49:55] INFO: AI response: 139490 prompt + 643 response tokens (total: 19816255 / 137888)
[09:49:55] [after +643] [Context: 151641/262144 (57.8%)]
[09:49:55] [iter 5] [Context: 151641/262144 (57.8%)]
[09:49:55] INFO: AI request (iteration 5, msgs=249)
[09:49:58] INFO: AI response: 139558 prompt + 200 response tokens (total: 19955813 / 138088)
[09:49:58] [after +200] [Context: 151738/262144 (57.9%)]
[09:49:58] [iter 6] [Context: 151738/262144 (57.9%)]
[09:49:58] INFO: AI request (iteration 6, msgs=251)
[09:50:10] INFO: AI response: 139679 prompt + 1088 response tokens (total: 20095492 / 139176)
[09:50:10] [after +1088] [Context: 152987/262144 (58.4%)]
[09:50:10] Auto-continue: AI round 24/50 — task 1/10: Debug why saving site name in admin Settings does not persis...
[09:50:10] [Context: 153061/262144 (58.4%)]
[09:50:10] [iter 1] [Context: 153061/262144 (58.4%)]
[09:50:10] INFO: AI request (iteration 1, msgs=253)
[09:50:25] INFO: AI response: 139746 prompt + 1402 response tokens (total: 20235238 / 140578)
[09:50:25] [after +1402] [Context: 154618/262144 (59.0%)]
[09:50:25] [iter 2] [Context: 154618/262144 (59.0%)]
[09:50:25] INFO: AI request (iteration 2, msgs=255)
[09:50:27] INFO: AI response: 141168 prompt + 23 response tokens (total: 20376406 / 140601)
[09:50:27] [after +23] [Context: 154660/262144 (59.0%)]
[09:50:27] [iter 3] [Context: 154660/262144 (59.0%)]
[09:50:27] INFO: AI request (iteration 3, msgs=257)
[09:50:35] INFO: AI response: 141214 prompt + 714 response tokens (total: 20517620 / 141315)
[09:50:35] [after +714] [Context: 154901/262144 (59.1%)]
[09:50:35] [iter 4] [Context: 154901/262144 (59.1%)]
[09:50:35] INFO: AI request (iteration 4, msgs=259)
[09:50:42] INFO: AI response: 141489 prompt + 460 response tokens (total: 20659109 / 141775)
[09:50:42] [after +460] [Context: 155365/262144 (59.3%)]
[09:50:42] Auto-continue: AI round 25/50 — task 1/10: Debug why saving site name in admin Settings does not persis...
[09:50:42] [Context: 155439/262144 (59.3%)]
[09:50:42] [iter 1] [Context: 155439/262144 (59.3%)]
[09:50:42] INFO: AI request (iteration 1, msgs=261)
[09:50:50] INFO: AI response: 141556 prompt + 931 response tokens (total: 20800665 / 142706)
[09:50:51] [after +931] [Context: 156508/262144 (59.7%)]
[09:50:51] [iter 2] [Context: 156508/262144 (59.7%)]
[09:50:51] INFO: AI request (iteration 2, msgs=263)
[09:50:55] INFO: AI response: 142515 prompt + 533 response tokens (total: 20943180 / 143239)
[09:50:55] [after +533] [Context: 157180/262144 (60.0%)]
[09:50:55] [iter 3] [Context: 157180/262144 (60.0%)]
[09:50:55] INFO: AI request (iteration 3, msgs=265)
[09:50:58] INFO: AI response: 143079 prompt + 169 response tokens (total: 21086259 / 143408)
[09:50:58] [after +169] [Context: 157470/262144 (60.1%)]
[09:50:58] [iter 4] [Context: 157470/262144 (60.1%)]
[09:50:58] INFO: AI request (iteration 4, msgs=267)
[09:51:05] INFO: AI response: 143335 prompt + 787 response tokens (total: 21229594 / 144195)
[09:51:05] [after +787] [Context: 160511/262144 (61.2%)]
[09:51:05] [iter 5] [Context: 160572/262144 (61.3%)]
[09:51:05] INFO: AI request (iteration 5, msgs=270)
[09:51:11] INFO: AI response: 145747 prompt + 781 response tokens (total: 21375341 / 144976)
[09:51:11] [after +781] [Context: 161666/262144 (61.7%)]
[09:51:11] [iter 6] [Context: 161666/262144 (61.7%)]
[09:51:11] INFO: AI request (iteration 6, msgs=272)
[09:51:13] INFO: AI response: 146617 prompt + 61 response tokens (total: 21521958 / 145037)
[09:51:13] [after +61] [Context: 161773/262144 (61.7%)]
[09:51:13] [iter 7] [Context: 161773/262144 (61.7%)]
[09:51:13] INFO: AI request (iteration 7, msgs=274)
[09:52:19] INFO: AI response: 146748 prompt + 11024 response tokens (total: 21668706 / 156061)
[09:52:19] [after +11024] [Context: 174952/262144 (66.7%)]
[09:52:19] [iter 8] [Context: 174952/262144 (66.7%)]
[09:52:19] INFO: AI request (iteration 8, msgs=276)
[09:52:22] INFO: AI response: 157752 prompt + 81 response tokens (total: 21826458 / 156142)
[09:52:22] [after +81] [Context: 175017/262144 (66.8%)]
[09:52:22] [iter 9] [Context: 175017/262144 (66.8%)]
[09:52:22] INFO: AI request (iteration 9, msgs=278)
[09:52:31] INFO: AI response: 157842 prompt + 492 response tokens (total: 21984300 / 156634)
[09:52:31] [after +492] [Context: 175395/262144 (66.9%)]
[09:52:31] [iter 10] [Context: 175395/262144 (66.9%)]
[09:52:31] INFO: AI request (iteration 10, msgs=280)
[09:52:33] INFO: AI response: 158216 prompt + 22 response tokens (total: 22142516 / 156656)
[09:52:34] [after +22] [Context: 175489/262144 (66.9%)]
[09:52:34] Auto-continue: AI round 26/50 — task 1/10: Debug why saving site name in admin Settings does not persis...
[09:52:34] [Context: 175563/262144 (67.0%)]
[09:52:34] [iter 1] [Context: 175563/262144 (67.0%)]
[09:52:34] INFO: AI request (iteration 1, msgs=283)
[09:52:37] INFO: AI response: 158373 prompt + 101 response tokens (total: 22300889 / 156757)
[09:52:37] ✓ Terminal: Error: Program '.venv/bin/python3' is not in the allowed programs list.
Allowed: ls, dir, cat, echo, pwd, whoami, date, id, grep, find, sort, head, tail, wc, awk, sed, bash, sh, python3, python, node, perl, ruby, git, make, cmake, gcc, g++, ping, curl, wget, netstat, ss, ps, top, df, du, free, mkdir, cp, mv, touch, rm, rmdir, ln, install, chmod, chown, cd, ollama, pip, pip3, nvidia-smi, ffmpeg, ffprobe
[09:52:37] [after +101] [Context: 175718/262144 (67.0%)]
[09:52:37] [iter 2] [Context: 175718/262144 (67.0%)]
[09:52:37] INFO: AI request (iteration 2, msgs=285)
[09:52:39] INFO: AI response: 158573 prompt + 91 response tokens (total: 22459462 / 156848)
[09:52:40] [after +91] [Context: 176789/262144 (67.4%)]
[09:52:40] [iter 3] [Context: 176789/262144 (67.4%)]
[09:52:40] INFO: AI request (iteration 3, msgs=287)
[09:52:47] INFO: AI response: 159711 prompt + 615 response tokens (total: 22619173 / 157463)
[09:52:47] [after +615] [Context: 177271/262144 (67.6%)]
[09:52:47] [iter 4] [Context: 177271/262144 (67.6%)]
[09:52:47] INFO: AI request (iteration 4, msgs=289)
[09:52:49] INFO: AI response: 160187 prompt + 22 response tokens (total: 22779360 / 157485)
[09:52:50] [after +22] [Context: 177372/262144 (67.7%)]
[09:52:50] [iter 5] [Context: 177372/262144 (67.7%)]
[09:52:50] INFO: AI request (iteration 5, msgs=291)
[09:52:52] INFO: AI response: 160289 prompt + 62 response tokens (total: 22939649 / 157547)
[09:52:52] [after +62] [Context: 177838/262144 (67.8%)]
[09:52:52] [iter 6] [Context: 177838/262144 (67.8%)]
[09:52:52] INFO: AI request (iteration 6, msgs=293)
[09:53:02] INFO: AI response: 160790 prompt + 846 response tokens (total: 23100439 / 158393)
[09:53:02] [after +846] [Context: 178775/262144 (68.2%)]
[09:53:02] Auto-continue: AI round 27/50 — task 1/10: Debug why saving site name in admin Settings does not persis...
[09:53:02] [Context: 178849/262144 (68.2%)]
[09:53:02] [iter 1] [Context: 178849/262144 (68.2%)]
[09:53:02] INFO: AI request (iteration 1, msgs=295)
[09:53:14] INFO: AI response: 160857 prompt + 1196 response tokens (total: 23261296 / 159589)
[09:53:14] [after +1196] [Context: 182314/262144 (69.5%)]
[09:53:14] [iter 2] [Context: 182314/262144 (69.5%)]
[09:53:14] INFO: AI request (iteration 2, msgs=297)
[09:53:23] INFO: AI response: 163538 prompt + 893 response tokens (total: 23424834 / 160482)
[09:53:23] [after +893] [Context: 183550/262144 (70.0%)]
[09:53:23] [iter 3] [Context: 183550/262144 (70.0%)]
[09:53:23] INFO: AI request (iteration 3, msgs=299)
[09:53:25] INFO: AI response: 164517 prompt + 63 response tokens (total: 23589351 / 160545)
[09:53:25] [after +63] [Context: 183649/262144 (70.1%)]
[09:53:25] [iter 4] [Context: 183649/262144 (70.1%)]
[09:53:25] INFO: AI request (iteration 4, msgs=301)
[09:54:57] INFO: AI response: 164643 prompt + 11308 response tokens (total: 23753994 / 171853)
[09:54:57] [after +11308] [Context: 196975/262144 (75.1%)]
[09:54:57] [iter 5] [Context: 196975/262144 (75.1%)]
[09:54:57] INFO: AI request (iteration 5, msgs=303)
[09:55:01] INFO: AI response: 175760 prompt + 158 response tokens (total: 23929754 / 172011)
[09:55:01] [after +158] [Context: 197046/262144 (75.2%)]
[09:55:01] [iter 6] [Context: 197046/262144 (75.2%)]
[09:55:01] INFO: AI request (iteration 6, msgs=305)
[09:55:04] INFO: AI response: 175856 prompt + 36 response tokens (total: 24105610 / 172047)
[09:55:04] [after +36] [Context: 197147/262144 (75.2%)]
[09:55:04] [iter 7] [Context: 197147/262144 (75.2%)]
[09:55:04] INFO: AI request (iteration 7, msgs=307)
[09:55:06] INFO: AI response: 175958 prompt + 44 response tokens (total: 24281568 / 172091)
[09:55:06] [after +44] [Context: 197543/262144 (75.4%)]
[09:55:06] [iter 8] [Context: 197543/262144 (75.4%)]
[09:55:06] INFO: AI request (iteration 8, msgs=309)
[09:55:15] INFO: AI response: 176425 prompt + 399 response tokens (total: 24457993 / 172490)
[09:55:15] [after +399] [Context: 197946/262144 (75.5%)]
[09:55:15] [iter 9] [Context: 198007/262144 (75.5%)]
[09:55:15] INFO: AI request (iteration 9, msgs=311)
[09:55:19] INFO: AI response: 176489 prompt + 222 response tokens (total: 24634482 / 172712)
[09:55:19] [after +222] [Context: 198154/262144 (75.6%)]
[09:55:19] [iter 10] [Context: 198154/262144 (75.6%)]
[09:55:19] INFO: AI request (iteration 10, msgs=313)
[09:55:23] INFO: AI response: 176654 prompt + 140 response tokens (total: 24811136 / 172852)
[09:55:23] [after +140] [Context: 198258/262144 (75.6%)]
[09:55:23] Auto-continue: AI round 28/50 — task 1/10: Debug why saving site name in admin Settings does not persis...
[09:55:23] [Context: 198332/262144 (75.7%)]
[09:55:23] [iter 1] [Context: 198332/262144 (75.7%)]
[09:55:23] INFO: AI request (iteration 1, msgs=316)
[09:55:25] INFO: AI response: 176816 prompt + 48 response tokens (total: 24987952 / 172900)
[09:55:25] [after +48] [Context: 198394/262144 (75.7%)]
[09:55:25] [iter 2] [Context: 198394/262144 (75.7%)]
[09:55:25] INFO: AI request (iteration 2, msgs=318)
[09:55:31] INFO: AI response: 176899 prompt + 221 response tokens (total: 25164851 / 173121)
[09:55:31] [after +221] [Context: 198548/262144 (75.7%)]
[09:55:31] [iter 3] [Context: 198548/262144 (75.7%)]
[09:55:31] INFO: AI request (iteration 3, msgs=320)
[09:55:34] INFO: AI response: 177073 prompt + 86 response tokens (total: 25341924 / 173207)
[09:56:04] ✓ Terminal: Error: Command timed out (30s limit)
[09:56:04] [after +86] [Context: 198601/262144 (75.8%)]
[09:56:04] [iter 4] [Context: 198601/262144 (75.8%)]
[09:56:04] INFO: AI request (iteration 4, msgs=322)
[09:56:06] INFO: AI response: 177145 prompt + 76 response tokens (total: 25519069 / 173283)
[09:57:06] ✓ Terminal: Error: Command timed out (60s limit)
[09:57:06] [after +76] [Context: 198661/262144 (75.8%)]
[09:57:06] [iter 5] [Context: 198661/262144 (75.8%)]
[09:57:06] INFO: AI request (iteration 5, msgs=324)
[09:57:09] INFO: AI response: 177225 prompt + 113 response tokens (total: 25696294 / 173396)
[09:57:10] [after +113] [Context: 198735/262144 (75.8%)]
[09:57:10] [iter 6] [Context: 198735/262144 (75.8%)]
[09:57:10] INFO: AI request (iteration 6, msgs=326)
[09:57:14] INFO: AI response: 177327 prompt + 157 response tokens (total: 25873621 / 173553)
[09:57:44] ✓ Terminal: Error: Command timed out (30s limit)
[09:57:44] [after +157] [Context: 198807/262144 (75.8%)]
[09:57:44] [iter 7] [Context: 198807/262144 (75.8%)]
[09:57:44] INFO: AI request (iteration 7, msgs=328)
[09:57:48] INFO: AI response: 177414 prompt + 95 response tokens (total: 26051035 / 173648)
[09:58:18] ✓ Terminal: Error: Command timed out (30s limit)
[09:58:18] [after +95] [Context: 198886/262144 (75.9%)]
[09:58:18] [iter 8] [Context: 198886/262144 (75.9%)]
[09:58:18] INFO: AI request (iteration 8, msgs=330)
[09:58:29] INFO: AI response: 177507 prompt + 534 response tokens (total: 26228542 / 174182)
[09:58:29] [after +534] [Context: 199287/262144 (76.0%)]
[09:58:29] [iter 9] [Context: 199287/262144 (76.0%)]
[09:58:29] INFO: AI request (iteration 9, msgs=334)
[09:58:31] INFO: AI response: 177879 prompt + 114 response tokens (total: 26406421 / 174296)
[09:58:31] [after +114] [Context: 200454/262144 (76.5%)]
[09:58:31] [iter 10] [Context: 200454/262144 (76.5%)]
[09:58:31] INFO: AI request (iteration 10, msgs=336)
[09:58:34] INFO: AI response: 178878 prompt + 89 response tokens (total: 26585299 / 174385)
[09:58:34] [after +89] [Context: 202963/262144 (77.4%)]
[09:58:34] Auto-continue: AI round 29/50 — task 2/10: Ensure /api/v1/admin/pages and /api/v1/admin/posts endpoints...
[09:58:34] [Context: 203030/262144 (77.4%)]
[09:58:34] [iter 1] [Context: 203030/262144 (77.4%)]
[09:58:34] INFO: AI request (iteration 1, msgs=339)
[09:58:38] INFO: AI response: 181037 prompt + 236 response tokens (total: 26766336 / 174621)
[09:58:38] [after +236] [Context: 204141/262144 (77.9%)]
[09:58:38] [iter 2] [Context: 204141/262144 (77.9%)]
[09:58:38] INFO: AI request (iteration 2, msgs=341)
[09:58:46] INFO: AI response: 182050 prompt + 575 response tokens (total: 26948386 / 175196)
[09:58:46] [after +575] [Context: 205390/262144 (78.4%)]
[09:58:46] [iter 3] [Context: 205390/262144 (78.4%)]
[09:58:46] INFO: AI request (iteration 3, msgs=343)
[09:58:51] INFO: AI response: 183279 prompt + 448 response tokens (total: 27131665 / 175644)
[09:58:51] [after +448] [Context: 205871/262144 (78.5%)]
[09:58:51] Auto-continue: AI round 30/50 — task 2/10: Ensure /api/v1/admin/pages and /api/v1/admin/posts endpoints...
[09:58:51] [Context: 205938/262144 (78.6%)]
[09:58:51] [iter 1] [Context: 205938/262144 (78.6%)]
[09:58:51] INFO: AI request (iteration 1, msgs=345)
[09:58:54] INFO: AI response: 183343 prompt + 123 response tokens (total: 27315008 / 175767)
[09:58:54] [after +123] [Context: 206700/262144 (78.8%)]
[09:58:54] [iter 2] [Context: 206700/262144 (78.8%)]
[09:58:54] INFO: AI request (iteration 2, msgs=347)
[09:59:03] INFO: AI response: 184109 prompt + 638 response tokens (total: 27499117 / 176405)
[09:59:03] [after +638] [Context: 207396/262144 (79.1%)]
[09:59:03] Auto-continue: AI round 31/50 — task 2/10: Ensure /api/v1/admin/pages and /api/v1/admin/posts endpoints...
[09:59:03] [Context: 207463/262144 (79.1%)]
[09:59:03] [iter 1] [Context: 207463/262144 (79.1%)]
[09:59:03] INFO: AI request (iteration 1, msgs=349)
[09:59:09] INFO: AI response: 184173 prompt + 448 response tokens (total: 27683290 / 176853)
[09:59:09] [after +448] [Context: 207940/262144 (79.3%)]
[09:59:09] Auto-continue: AI round 32/50 — task 2/10: Ensure /api/v1/admin/pages and /api/v1/admin/posts endpoints...
[09:59:09] [Context: 208007/262144 (79.3%)]
[09:59:09] [iter 1] [Context: 208007/262144 (79.3%)]
[09:59:09] INFO: AI request (iteration 1, msgs=351)
[09:59:13] INFO: AI response: 184237 prompt + 223 response tokens (total: 27867527 / 177076)
[09:59:13] [after +223] [Context: 208302/262144 (79.5%)]
[09:59:13] [iter 2] [Context: 208302/262144 (79.5%)]
[09:59:13] INFO: AI request (iteration 2, msgs=353)
[09:59:15] INFO: AI response: 184509 prompt + 45 response tokens (total: 28052036 / 177121)
[09:59:15] [after +45] [Context: 208356/262144 (79.5%)]
[09:59:15] [iter 3] [Context: 208356/262144 (79.5%)]
[09:59:15] INFO: AI request (iteration 3, msgs=355)
[09:59:17] INFO: AI response: 184567 prompt + 65 response tokens (total: 28236603 / 177186)
[09:59:17] [after +65] [Context: 208929/262144 (79.7%)]
[09:59:17] [iter 4] [Context: 208929/262144 (79.7%)]
[09:59:17] INFO: AI request (iteration 4, msgs=357)
[09:59:20] INFO: AI response: 185128 prompt + 68 response tokens (total: 28421731 / 177254)
[09:59:20] [after +68] [Context: 210456/262144 (80.3%)]
[09:59:25] [iter 5] [Context: 5035/262144 (1.9%)]
[09:59:25] INFO: AI request (iteration 5, msgs=23)
[09:59:36] INFO: AI response: 1837 prompt + 1135 response tokens (total: 28423568 / 178389)
[09:59:36] [after +1135] [Context: 6316/262144 (2.4%)]
[09:59:36] Auto-continue: task 2/10 — Ensure /api/v1/admin/pages and /api/v1/admin/posts endpoints...
[09:59:36] [iter 6] [Context: 6383/262144 (2.4%)]
[09:59:36] INFO: AI request (iteration 6, msgs=25)
[09:59:38] INFO: AI response: 2532 prompt + 115 response tokens (total: 28426100 / 178504)
[09:59:38] ✓ GetTip: Error: Missing required parameter(s): title
Usage:
<GetTip>
<title>string</title>
</GetTip>
[09:59:38] Tool `GetTip` failed 2 times with missing parameter(s): title. Correct format:

Usage:
<GetTip>
<title>string</title>
</GetTip>
[09:59:38] ✓ GetTip: Error: Missing required parameter(s): title
Usage:
<GetTip>
<title>string</title>
</GetTip>
[09:59:38] [after +115] [Context: 6508/262144 (2.5%)]
[09:59:38] [iter 7] [Context: 6508/262144 (2.5%)]
[09:59:38] INFO: AI request (iteration 7, msgs=29)
[09:59:39] INFO: AI response: 2658 prompt + 33 response tokens (total: 28428758 / 178537)
[09:59:39] [after +33] [Context: 14118/262144 (5.4%)]
[09:59:39] [iter 8] [Context: 14118/262144 (5.4%)]
[09:59:39] INFO: AI request (iteration 8, msgs=32)
[09:59:40] INFO: AI response: 10410 prompt + 52 response tokens (total: 28439168 / 178589)
[09:59:40] [after +52] [Context: 16503/262144 (6.3%)]
[09:59:40] [iter 9] [Context: 16503/262144 (6.3%)]
[09:59:40] INFO: AI request (iteration 9, msgs=34)
[09:59:42] INFO: AI response: 13560 prompt + 72 response tokens (total: 28452728 / 178661)
[09:59:42] [after +72] [Context: 30425/262144 (11.6%)]
[09:59:42] [iter 10] [Context: 30425/262144 (11.6%)]
[09:59:42] INFO: AI request (iteration 10, msgs=37)
[09:59:44] INFO: AI response: 25278 prompt + 189 response tokens (total: 28478006 / 178850)
[09:59:44] [after +189] [Context: 37825/262144 (14.4%)]
[09:59:44] Auto-continue: AI round 33/50 — task 2/10: Ensure /api/v1/admin/pages and /api/v1/admin/posts endpoints...
[09:59:44] [Context: 37892/262144 (14.5%)]
[09:59:44] [iter 1] [Context: 37892/262144 (14.5%)]
[09:59:44] INFO: AI request (iteration 1, msgs=42)
[09:59:47] INFO: AI response: 31443 prompt + 289 response tokens (total: 28509449 / 179139)
[09:59:47] [after +289] [Context: 38779/262144 (14.8%)]
[09:59:47] [iter 2] [Context: 38779/262144 (14.8%)]
[09:59:47] INFO: AI request (iteration 2, msgs=44)
[09:59:50] INFO: AI response: 32358 prompt + 78 response tokens (total: 28541807 / 179217)
[09:59:50] [after +78] [Context: 39561/262144 (15.1%)]
[09:59:50] [iter 3] [Context: 39561/262144 (15.1%)]
[09:59:50] INFO: AI request (iteration 3, msgs=46)
[09:59:56] INFO: AI response: 33134 prompt + 474 response tokens (total: 28574941 / 179691)
[09:59:56] [after +474] [Context: 40876/262144 (15.6%)]
[09:59:56] [iter 4] [Context: 40937/262144 (15.6%)]
[09:59:56] INFO: AI request (iteration 4, msgs=49)
[09:59:58] INFO: AI response: 34411 prompt + 187 response tokens (total: 28609352 / 179878)
[09:59:58] [after +187] [Context: 41525/262144 (15.8%)]
[09:59:58] [iter 5] [Context: 41525/262144 (15.8%)]
[09:59:58] INFO: AI request (iteration 5, msgs=51)
[10:00:06] INFO: AI response: 34931 prompt + 896 response tokens (total: 28644283 / 180774)
[10:00:06] [after +896] [Context: 41582/262144 (15.9%)]
[10:00:06] [iter 6] [Context: 41582/262144 (15.9%)]
[10:00:06] INFO: AI request (iteration 6, msgs=53)
[10:00:08] INFO: AI response: 34984 prompt + 105 response tokens (total: 28679267 / 180879)
[10:00:08] [after +105] [Context: 41640/262144 (15.9%)]
[10:00:08] [iter 7] [Context: 41640/262144 (15.9%)]
[10:00:08] INFO: AI request (iteration 7, msgs=55)
[10:00:11] INFO: AI response: 35038 prompt + 92 response tokens (total: 28714305 / 180971)
[10:00:11] [after +92] [Context: 41696/262144 (15.9%)]
[10:00:11] [iter 8] [Context: 41696/262144 (15.9%)]
[10:00:11] INFO: AI request (iteration 8, msgs=57)
[10:00:13] INFO: AI response: 35092 prompt + 53 response tokens (total: 28749397 / 181024)
[10:00:13] [after +53] [Context: 41750/262144 (15.9%)]
[10:00:13] [iter 9] [Context: 41750/262144 (15.9%)]
[10:00:13] INFO: AI request (iteration 9, msgs=59)
[10:00:14] INFO: AI response: 35150 prompt + 87 response tokens (total: 28784547 / 181111)
[10:00:14] [after +87] [Context: 42146/262144 (16.1%)]
[10:00:14] [iter 10] [Context: 42146/262144 (16.1%)]
[10:00:14] INFO: AI request (iteration 10, msgs=61)
[10:00:17] INFO: AI response: 35553 prompt + 94 response tokens (total: 28820100 / 181205)
[10:00:17] [after +94] [Context: 42227/262144 (16.1%)]
[10:00:17] Auto-continue: AI round 34/50 — task 2/10: Ensure /api/v1/admin/pages and /api/v1/admin/posts endpoints...
[10:00:17] [Context: 42294/262144 (16.1%)]
[10:00:17] [iter 1] [Context: 42294/262144 (16.1%)]
[10:00:17] INFO: AI request (iteration 1, msgs=64)
[10:00:19] INFO: AI response: 35685 prompt + 197 response tokens (total: 28855785 / 181402)
[10:00:19] [after +197] [Context: 43762/262144 (16.7%)]
[10:00:19] [iter 2] [Context: 43762/262144 (16.7%)]
[10:00:19] INFO: AI request (iteration 2, msgs=66)
[10:00:27] INFO: AI response: 36917 prompt + 816 response tokens (total: 28892702 / 182218)
[10:00:27] [after +816] [Context: 47024/262144 (17.9%)]
[10:00:27] [iter 3] [Context: 47024/262144 (17.9%)]
[10:00:27] INFO: AI request (iteration 3, msgs=68)
[10:00:58] INFO: AI response: 39634 prompt + 4245 response tokens (total: 28932336 / 186463)
[10:00:58] [after +4245] [Context: 47248/262144 (18.0%)]
[10:00:58] [iter 4] [Context: 47248/262144 (18.0%)]
[10:00:58] INFO: AI request (iteration 4, msgs=70)
[10:01:00] INFO: AI response: 39848 prompt + 146 response tokens (total: 28972184 / 186609)
[10:01:00] [after +146] [Context: 48951/262144 (18.7%)]
[10:01:00] [iter 5] [Context: 48951/262144 (18.7%)]
[10:01:00] INFO: AI request (iteration 5, msgs=72)
[10:01:27] INFO: AI response: 41335 prompt + 2952 response tokens (total: 29013519 / 189561)
[10:01:27] [after +2952] [Context: 54566/262144 (20.8%)]
[10:01:27] [iter 6] [Context: 54566/262144 (20.8%)]
[10:01:27] INFO: AI request (iteration 6, msgs=74)
[10:01:29] INFO: AI response: 46429 prompt + 67 response tokens (total: 29059948 / 189628)
[10:01:29] [after +67] [Context: 57606/262144 (22.0%)]
[10:01:29] [iter 7] [Context: 57606/262144 (22.0%)]
[10:01:29] INFO: AI request (iteration 7, msgs=76)
[10:02:21] INFO: AI response: 49037 prompt + 5816 response tokens (total: 29108985 / 195444)
[10:02:21] [after +5816] [Context: 58976/262144 (22.5%)]
[10:02:21] [iter 8] [Context: 58976/262144 (22.5%)]
[10:02:21] INFO: AI request (iteration 8, msgs=78)
[10:02:41] INFO: AI response: 50267 prompt + 2174 response tokens (total: 29159252 / 197618)
[10:02:41] [after +2174] [Context: 61132/262144 (23.3%)]
[10:02:41] [iter 9] [Context: 61132/262144 (23.3%)]
[10:02:41] INFO: AI request (iteration 9, msgs=80)
[10:02:43] INFO: AI response: 52146 prompt + 58 response tokens (total: 29211398 / 197676)
[10:02:43] [after +58] [Context: 61170/262144 (23.3%)]
[10:02:43] [iter 10] [Context: 61170/262144 (23.3%)]
[10:02:43] INFO: AI request (iteration 10, msgs=82)
[10:02:57] INFO: AI response: 52179 prompt + 1555 response tokens (total: 29263577 / 199231)
[10:02:57] [after +1555] [Context: 64999/262144 (24.8%)]
[10:02:57] Auto-continue: AI round 35/50 — task 2/10: Ensure /api/v1/admin/pages and /api/v1/admin/posts endpoints...
[10:02:57] [Context: 65066/262144 (24.8%)]
[10:02:57] [iter 1] [Context: 65066/262144 (24.8%)]
[10:02:57] INFO: AI request (iteration 1, msgs=85)
[10:03:13] INFO: AI response: 55617 prompt + 1724 response tokens (total: 29319194 / 200955)
[10:03:13] [after +1724] [Context: 68853/262144 (26.3%)]
[10:03:13] [iter 2] [Context: 68853/262144 (26.3%)]
[10:03:13] INFO: AI request (iteration 2, msgs=87)
[10:03:24] INFO: AI response: 58955 prompt + 1532 response tokens (total: 29378149 / 202487)
[10:03:24] [after +1532] [Context: 72611/262144 (27.7%)]
[10:03:24] [iter 3] [Context: 72611/262144 (27.7%)]
[10:03:24] INFO: AI request (iteration 3, msgs=89)
[10:03:33] INFO: AI response: 62271 prompt + 1494 response tokens (total: 29440420 / 203981)
[10:03:33] [after +1494] [Context: 74374/262144 (28.4%)]
[10:03:33] [iter 4] [Context: 74435/262144 (28.4%)]
[10:03:33] INFO: AI request (iteration 4, msgs=92)
[10:03:35] INFO: AI response: 63908 prompt + 133 response tokens (total: 29504328 / 204114)
[10:03:35] [after +133] [Context: 74515/262144 (28.4%)]
[10:03:35] [iter 5] [Context: 74515/262144 (28.4%)]
[10:03:35] INFO: AI request (iteration 5, msgs=94)
[10:03:36] INFO: AI response: 63980 prompt + 31 response tokens (total: 29568308 / 204145)
[10:03:36] [after +31] [Context: 74570/262144 (28.4%)]
[10:03:36] [iter 6] [Context: 74570/262144 (28.4%)]
[10:03:36] INFO: AI request (iteration 6, msgs=96)
[10:03:38] INFO: AI response: 64038 prompt + 61 response tokens (total: 29632346 / 204206)
[10:03:38] [after +61] [Context: 79036/262144 (30.1%)]
[10:03:38] [iter 7] [Context: 79036/262144 (30.1%)]
[10:03:38] INFO: AI request (iteration 7, msgs=98)
[10:03:41] INFO: AI response: 67929 prompt + 253 response tokens (total: 29700275 / 204459)
[10:03:41] [after +253] [Context: 79386/262144 (30.3%)]
[10:03:41] [iter 8] [Context: 79386/262144 (30.3%)]
[10:03:41] INFO: AI request (iteration 8, msgs=100)
[10:03:43] INFO: AI response: 68287 prompt + 104 response tokens (total: 29768562 / 204563)
[10:03:43] [after +104] [Context: 79965/262144 (30.5%)]
[10:03:43] [iter 9] [Context: 79965/262144 (30.5%)]
[10:03:43] INFO: AI request (iteration 9, msgs=102)
[10:03:47] INFO: AI response: 68839 prompt + 352 response tokens (total: 29837401 / 204915)
[10:03:47] [after +352] [Context: 83485/262144 (31.8%)]
[10:03:47] [iter 10] [Context: 83485/262144 (31.8%)]
[10:03:47] INFO: AI request (iteration 10, msgs=104)
[10:22:17] INFO: AI response: 71943 prompt + 190191 response tokens (total: 29909344 / 395106)
[10:42:06] [after +190191] [Context: 299713/262144 (114.3%)]
[10:42:06] Auto-continue: task 2/10 — Ensure /api/v1/admin/pages and /api/v1/admin/posts endpoints...
[10:42:06] Auto-continue: AI round 36/50 — task 2/10: Ensure /api/v1/admin/pages and /api/v1/admin/posts endpoints...
[10:42:11] Context limit reached — auto-cleared chat history
[10:42:11] [Context: 2318/262144 (0.9%)]
[10:42:11] [iter 1] [Context: 2318/262144 (0.9%)]
[10:42:11] INFO: AI request (iteration 1, msgs=7)
[10:42:12] INFO: AI response: 98 prompt + 42 response tokens (total: 98 / 42)
[10:42:12] ✓ GetTip: Error: Missing required parameter(s): title
Usage:
<GetTip>
<title>string</title>
</GetTip>
[10:42:12] [after +42] [Context: 2356/262144 (0.9%)]
[10:42:12] [iter 2] [Context: 2356/262144 (0.9%)]
[10:42:12] INFO: AI request (iteration 2, msgs=9)
[10:42:14] INFO: AI response: 135 prompt + 74 response tokens (total: 233 / 116)
[10:42:14] [after +74] [Context: 9940/262144 (3.8%)]
[10:42:14] [iter 3] [Context: 9940/262144 (3.8%)]
[10:42:14] INFO: AI request (iteration 3, msgs=12)
[10:42:16] INFO: AI response: 7856 prompt + 164 response tokens (total: 8089 / 280)
[10:42:16] [after +164] [Context: 10115/262144 (3.9%)]
[10:42:16] [iter 4] [Context: 10115/262144 (3.9%)]
[10:42:16] INFO: AI request (iteration 4, msgs=18)
[10:42:19] INFO: AI response: 8045 prompt + 278 response tokens (total: 16134 / 558)
[10:42:19] [after +278] [Context: 10441/262144 (4.0%)]
[10:42:19] Auto-continue: task 2/10 — Ensure /api/v1/admin/pages and /api/v1/admin/posts endpoints...
[10:42:19] [iter 5] [Context: 10508/262144 (4.0%)]
[10:42:19] INFO: AI request (iteration 5, msgs=20)
[10:42:23] INFO: AI response: 8416 prompt + 285 response tokens (total: 24550 / 843)
[10:42:23] ✓ ReadFile: Error: File `AGENTS.md` not found (checked workin/ and CWD)
[10:42:23] [after +285] [Context: 16676/262144 (6.4%)]
[10:42:23] [iter 6] [Context: 16676/262144 (6.4%)]
[10:42:23] INFO: AI request (iteration 6, msgs=26)
[10:42:25] INFO: AI response: 15284 prompt + 228 response tokens (total: 39834 / 1071)
[10:42:25] [after +228] [Context: 35605/262144 (13.6%)]
[10:42:25] [iter 7] [Context: 35605/262144 (13.6%)]
[10:42:25] INFO: AI request (iteration 7, msgs=31)
[10:42:27] INFO: AI response: 31274 prompt + 89 response tokens (total: 71108 / 1160)
[10:42:27] ✓ ReadFile: Error: File `webcms/admin-ui/src/components/ContentManager.jsx` not found (checked workin/ and CWD)
[10:42:27] [after +89] [Context: 42130/262144 (16.1%)]
[10:42:27] [iter 8] [Context: 42130/262144 (16.1%)]
[10:42:27] INFO: AI request (iteration 8, msgs=36)
[10:42:30] INFO: AI response: 36566 prompt + 111 response tokens (total: 107674 / 1271)
[10:42:30] ✓ ReadFile: Error: File `webcms/admin-ui/src/components/ContentManager.jsx` not found (checked workin/ and CWD)
[10:42:30] [after +111] [Context: 47407/262144 (18.1%)]
[10:42:30] [iter 9] [Context: 47407/262144 (18.1%)]
[10:42:30] INFO: AI request (iteration 9, msgs=41)
[10:42:32] INFO: AI response: 41152 prompt + 39 response tokens (total: 148826 / 1310)
[10:42:32] [after +39] [Context: 47466/262144 (18.1%)]
[10:42:32] [iter 10] [Context: 47466/262144 (18.1%)]
[10:42:32] INFO: AI request (iteration 10, msgs=43)
[10:42:37] INFO: AI response: 41208 prompt + 441 response tokens (total: 190034 / 1751)
[10:42:37] [after +441] [Context: 64937/262144 (24.8%)]
[10:42:37] Auto-continue: AI round 37/50 — task 2/10: Ensure /api/v1/admin/pages and /api/v1/admin/posts endpoints...
[10:42:37] [Context: 65004/262144 (24.8%)]
[10:42:37] [iter 1] [Context: 65004/262144 (24.8%)]
[10:42:37] INFO: AI request (iteration 1, msgs=49)
[10:42:41] INFO: AI response: 55743 prompt + 269 response tokens (total: 245777 / 2020)
[10:42:41] [after +269] [Context: 67732/262144 (25.8%)]
[10:42:41] [iter 2] [Context: 67732/262144 (25.8%)]
[10:42:41] INFO: AI request (iteration 2, msgs=52)
[10:42:43] INFO: AI response: 58285 prompt + 71 response tokens (total: 304062 / 2091)
[10:42:43] [after +71] [Context: 69830/262144 (26.6%)]
[10:42:43] [iter 3] [Context: 69830/262144 (26.6%)]
[10:42:43] INFO: AI request (iteration 3, msgs=54)
[10:42:45] INFO: AI response: 60154 prompt + 145 response tokens (total: 364216 / 2236)
[10:42:45] [after +145] [Context: 71261/262144 (27.2%)]
[10:42:45] [iter 4] [Context: 71322/262144 (27.2%)]
[10:42:45] INFO: AI request (iteration 4, msgs=58)
[10:42:48] INFO: AI response: 61650 prompt + 206 response tokens (total: 425866 / 2442)
[10:42:48] [after +206] [Context: 84032/262144 (32.1%)]
[10:42:48] [iter 5] [Context: 84032/262144 (32.1%)]
[10:42:48] INFO: AI request (iteration 5, msgs=61)
[10:43:08] INFO: AI response: 72223 prompt + 2898 response tokens (total: 498089 / 5340)
[10:43:08] [after +2898] [Context: 91418/262144 (34.9%)]
[10:43:08] [iter 6] [Context: 91418/262144 (34.9%)]
[10:43:08] INFO: AI request (iteration 6, msgs=64)
[10:43:28] INFO: AI response: 78564 prompt + 2636 response tokens (total: 576653 / 7976)
[10:43:28] [after +2636] [Context: 94595/262144 (36.1%)]
[10:43:28] [iter 7] [Context: 94595/262144 (36.1%)]
[10:43:28] INFO: AI request (iteration 7, msgs=66)
[10:43:31] INFO: AI response: 81291 prompt + 81 response tokens (total: 657944 / 8057)
[10:43:31] ✓ Terminal: Error: Program 'python' not found in PATH
[10:43:31] [after +81] [Context: 94686/262144 (36.1%)]
[10:43:31] [iter 8] [Context: 94686/262144 (36.1%)]
[10:43:31] INFO: AI request (iteration 8, msgs=68)
[10:43:32] INFO: AI response: 81394 prompt + 59 response tokens (total: 739338 / 8116)
[10:43:32] [after +59] [Context: 94743/262144 (36.1%)]
[10:43:32] [iter 9] [Context: 94743/262144 (36.1%)]
[10:43:32] INFO: AI request (iteration 9, msgs=70)
[10:43:35] INFO: AI response: 81459 prompt + 72 response tokens (total: 820797 / 8188)
[10:43:35] [after +72] [Context: 97963/262144 (37.4%)]
[10:43:35] [iter 10] [Context: 97963/262144 (37.4%)]
[10:43:35] INFO: AI request (iteration 10, msgs=72)
[10:43:37] INFO: AI response: 84312 prompt + 90 response tokens (total: 905109 / 8278)
[10:43:37] [after +90] [Context: 101284/262144 (38.6%)]
[10:43:37] Auto-continue: AI round 38/50 — task 2/10: Ensure /api/v1/admin/pages and /api/v1/admin/posts endpoints...
[10:43:37] [Context: 101351/262144 (38.7%)]
[10:43:37] [iter 1] [Context: 101351/262144 (38.7%)]
[10:43:37] INFO: AI request (iteration 1, msgs=75)
[10:43:41] INFO: AI response: 87309 prompt + 123 response tokens (total: 992418 / 8401)
[10:43:41] [after +123] [Context: 104249/262144 (39.8%)]
[10:43:41] [iter 2] [Context: 104249/262144 (39.8%)]
[10:43:41] INFO: AI request (iteration 2, msgs=77)
[10:43:43] INFO: AI response: 89872 prompt + 131 response tokens (total: 1082290 / 8532)
[10:43:43] [after +131] [Context: 123662/262144 (47.2%)]
[10:43:43] [iter 3] [Context: 123662/262144 (47.2%)]
[10:43:43] INFO: AI request (iteration 3, msgs=79)
[10:43:48] INFO: AI response: 109221 prompt + 199 response tokens (total: 1191511 / 8731)
[10:43:48] [after +199] [Context: 123745/262144 (47.2%)]
[10:43:48] [iter 4] [Context: 123745/262144 (47.2%)]
[10:43:48] INFO: AI request (iteration 4, msgs=81)
[10:43:51] INFO: AI response: 109322 prompt + 126 response tokens (total: 1300833 / 8857)
[10:43:51] [after +126] [Context: 139210/262144 (53.1%)]
[10:43:51] [iter 5] [Context: 139210/262144 (53.1%)]
[10:43:51] INFO: AI request (iteration 5, msgs=83)
[10:44:16] INFO: AI response: 124458 prompt + 3596 response tokens (total: 1425291 / 12453)
[10:44:16] [after +3596] [Context: 147214/262144 (56.2%)]
[10:44:16] [iter 6] [Context: 147214/262144 (56.2%)]
[10:44:16] INFO: AI request (iteration 6, msgs=85)
[10:44:37] INFO: AI response: 131246 prompt + 2806 response tokens (total: 1556537 / 15259)
[10:44:37] [after +2806] [Context: 150601/262144 (57.4%)]
[10:44:37] [iter 7] [Context: 150601/262144 (57.4%)]
[10:44:37] INFO: AI request (iteration 7, msgs=87)
[10:44:40] INFO: AI response: 134136 prompt + 123 response tokens (total: 1690673 / 15382)
[10:44:40] [after +123] [Context: 150683/262144 (57.5%)]
[10:44:40] [iter 8] [Context: 150683/262144 (57.5%)]
[10:44:40] INFO: AI request (iteration 8, msgs=89)
[10:45:00] INFO: AI response: 134242 prompt + 2431 response tokens (total: 1824915 / 17813)
[10:45:00] [after +2431] [Context: 153106/262144 (58.4%)]
[10:45:00] [iter 9] [Context: 153106/262144 (58.4%)]
[10:45:00] INFO: AI request (iteration 9, msgs=91)
[10:45:02] INFO: AI response: 136696 prompt + 27 response tokens (total: 1961611 / 17840)
[10:45:02] [after +27] [Context: 153217/262144 (58.4%)]
[10:45:02] [iter 10] [Context: 153217/262144 (58.4%)]
[10:45:02] INFO: AI request (iteration 10, msgs=93)
[10:45:23] INFO: AI response: 136805 prompt + 2522 response tokens (total: 2098416 / 20362)
[10:45:23] [after +2522] [Context: 155578/262144 (59.3%)]
[10:45:23] Auto-continue: AI round 39/50 — task 2/10: Ensure /api/v1/admin/pages and /api/v1/admin/posts endpoints...
[10:45:23] [Context: 155645/262144 (59.4%)]
[10:45:23] [iter 1] [Context: 155645/262144 (59.4%)]
[10:45:23] INFO: AI request (iteration 1, msgs=96)
[10:45:28] INFO: AI response: 139246 prompt + 28 response tokens (total: 2237662 / 20390)
[10:45:28] [after +28] [Context: 155782/262144 (59.4%)]
[10:45:28] [iter 2] [Context: 155782/262144 (59.4%)]
[10:45:28] INFO: AI request (iteration 2, msgs=98)
[10:45:31] INFO: AI response: 139391 prompt + 172 response tokens (total: 2377053 / 20562)
[10:45:31] [after +172] [Context: 155955/262144 (59.5%)]
[10:45:31] [iter 3] [Context: 155955/262144 (59.5%)]
[10:45:31] INFO: AI request (iteration 3, msgs=100)
[10:45:43] INFO: AI response: 139572 prompt + 1654 response tokens (total: 2516625 / 22216)
[10:45:43] [after +1654] [Context: 157561/262144 (60.1%)]
[10:45:43] [iter 4] [Context: 157622/262144 (60.1%)]
[10:45:43] INFO: AI request (iteration 4, msgs=103)
[10:45:45] INFO: AI response: 141266 prompt + 38 response tokens (total: 2657891 / 22254)
[10:45:45] [after +38] [Context: 157906/262144 (60.2%)]
[10:45:45] [iter 5] [Context: 157906/262144 (60.2%)]
[10:45:45] INFO: AI request (iteration 5, msgs=105)
[10:45:49] INFO: AI response: 141599 prompt + 147 response tokens (total: 2799490 / 22401)
[10:45:49] [after +147] [Context: 158235/262144 (60.4%)]
[10:45:49] [iter 6] [Context: 158235/262144 (60.4%)]
[10:45:49] INFO: AI request (iteration 6, msgs=107)
[10:45:55] INFO: AI response: 141920 prompt + 434 response tokens (total: 2941410 / 22835)
[10:45:56] [after +434] [Context: 158529/262144 (60.5%)]
[10:45:56] [iter 7] [Context: 158529/262144 (60.5%)]
[10:45:56] INFO: AI request (iteration 7, msgs=109)
[10:45:58] INFO: AI response: 142313 prompt + 50 response tokens (total: 3083723 / 22885)
[10:45:58] [after +50] [Context: 158931/262144 (60.6%)]
[10:45:58] [iter 8] [Context: 158931/262144 (60.6%)]
[10:45:58] INFO: AI request (iteration 8, msgs=111)
[10:46:01] INFO: AI response: 142773 prompt + 86 response tokens (total: 3226496 / 22971)
[10:46:01] [after +86] [Context: 159371/262144 (60.8%)]
[10:46:01] [iter 9] [Context: 159371/262144 (60.8%)]
[10:46:01] INFO: AI request (iteration 9, msgs=113)
[10:46:04] INFO: AI response: 143283 prompt + 50 response tokens (total: 3369779 / 23021)
[10:46:04] [after +50] [Context: 159622/262144 (60.9%)]
[10:46:04] [iter 10] [Context: 159622/262144 (60.9%)]
[10:46:04] INFO: AI request (iteration 10, msgs=115)
[10:46:10] INFO: AI response: 143587 prompt + 273 response tokens (total: 3513366 / 23294)
[10:46:10] [after +273] [Context: 159946/262144 (61.0%)]
[10:46:10] Auto-continue: AI round 40/50 — task 2/10: Ensure /api/v1/admin/pages and /api/v1/admin/posts endpoints...
[10:46:10] [Context: 160013/262144 (61.0%)]
[10:46:10] [iter 1] [Context: 160013/262144 (61.0%)]
[10:46:10] INFO: AI request (iteration 1, msgs=118)
[10:46:12] INFO: AI response: 143967 prompt + 134 response tokens (total: 3657333 / 23428)
[10:46:12] [after +134] [Context: 160234/262144 (61.1%)]
[10:46:12] [iter 2] [Context: 160234/262144 (61.1%)]
[10:46:12] INFO: AI request (iteration 2, msgs=120)
[10:46:15] INFO: AI response: 144196 prompt + 35 response tokens (total: 3801529 / 23463)
[10:46:15] [after +35] [Context: 160362/262144 (61.2%)]
[10:46:15] [iter 3] [Context: 160362/262144 (61.2%)]
[10:46:15] INFO: AI request (iteration 3, msgs=122)
[10:46:18] INFO: AI response: 144349 prompt + 183 response tokens (total: 3945878 / 23646)
[10:46:18] [after +183] [Context: 160754/262144 (61.3%)]
[10:46:18] [iter 4] [Context: 160754/262144 (61.3%)]
[10:46:18] INFO: AI request (iteration 4, msgs=124)
[10:46:20] INFO: AI response: 144746 prompt + 139 response tokens (total: 4090624 / 23785)
[10:46:20] [after +139] [Context: 160973/262144 (61.4%)]
[10:46:20] [iter 5] [Context: 160973/262144 (61.4%)]
[10:46:20] INFO: AI request (iteration 5, msgs=126)
[10:46:23] INFO: AI response: 144980 prompt + 53 response tokens (total: 4235604 / 23838)
[10:46:23] [after +53] [Context: 161104/262144 (61.5%)]
[10:46:23] [iter 6] [Context: 161104/262144 (61.5%)]
[10:46:23] INFO: AI request (iteration 6, msgs=128)
[10:46:26] INFO: AI response: 145136 prompt + 71 response tokens (total: 4380740 / 23909)
[10:46:26] [after +71] [Context: 162670/262144 (62.1%)]
[10:46:26] [iter 7] [Context: 162670/262144 (62.1%)]
[10:46:26] INFO: AI request (iteration 7, msgs=130)
[10:46:28] INFO: AI response: 146461 prompt + 163 response tokens (total: 4527201 / 24072)
[10:46:28] [after +163] [Context: 162969/262144 (62.2%)]
[10:46:28] [iter 8] [Context: 162969/262144 (62.2%)]
[10:46:28] INFO: AI request (iteration 8, msgs=132)
[10:46:31] INFO: AI response: 146783 prompt + 117 response tokens (total: 4673984 / 24189)
[10:47:01] ✓ Terminal: Error: Command timed out (30s limit)
[10:47:01] [after +117] [Context: 163042/262144 (62.2%)]
[10:47:01] [iter 9] [Context: 163042/262144 (62.2%)]
[10:47:01] INFO: AI request (iteration 9, msgs=134)
[10:47:04] INFO: AI response: 146866 prompt + 45 response tokens (total: 4820850 / 24234)
[10:47:04] [after +45] [Context: 164355/262144 (62.7%)]
[10:47:04] [iter 10] [Context: 164355/262144 (62.7%)]
[10:47:04] INFO: AI request (iteration 10, msgs=136)
[10:47:15] INFO: AI response: 148193 prompt + 1683 response tokens (total: 4969043 / 25917)
[10:47:15] [after +1683] [Context: 165993/262144 (63.3%)]
[10:47:15] Auto-continue: AI round 41/50 — task 2/10: Ensure /api/v1/admin/pages and /api/v1/admin/posts endpoints...
[10:47:15] [Context: 166060/262144 (63.3%)]
[10:47:15] [iter 1] [Context: 166060/262144 (63.3%)]
[10:47:15] INFO: AI request (iteration 1, msgs=139)
[10:47:17] INFO: AI response: 149920 prompt + 33 response tokens (total: 5118963 / 25950)
[10:47:17] [after +33] [Context: 166212/262144 (63.4%)]
[10:47:17] [iter 2] [Context: 166212/262144 (63.4%)]
[10:47:17] INFO: AI request (iteration 2, msgs=141)
[10:47:21] INFO: AI response: 150093 prompt + 187 response tokens (total: 5269056 / 26137)
[10:47:21] [after +187] [Context: 166299/262144 (63.4%)]
[10:47:21] [iter 3] [Context: 166299/262144 (63.4%)]
[10:47:21] INFO: AI request (iteration 3, msgs=143)
[10:47:24] INFO: AI response: 150186 prompt + 84 response tokens (total: 5419242 / 26221)
[10:47:24] [after +84] [Context: 168530/262144 (64.3%)]
[10:47:24] [iter 4] [Context: 168591/262144 (64.3%)]
[10:47:24] INFO: AI request (iteration 4, msgs=146)
[10:47:26] INFO: AI response: 152185 prompt + 81 response tokens (total: 5571427 / 26302)
[10:47:26] [after +81] [Context: 171346/262144 (65.4%)]
[10:47:26] [iter 5] [Context: 171346/262144 (65.4%)]
[10:47:26] INFO: AI request (iteration 5, msgs=148)
[10:47:30] INFO: AI response: 154590 prompt + 322 response tokens (total: 5726017 / 26624)
[10:47:30] [after +322] [Context: 174593/262144 (66.6%)]
[10:47:30] [iter 6] [Context: 174593/262144 (66.6%)]
[10:47:30] INFO: AI request (iteration 6, msgs=150)
[10:47:42] INFO: AI response: 157457 prompt + 1733 response tokens (total: 5883474 / 28357)
[10:47:42] [after +1733] [Context: 177027/262144 (67.5%)]
[10:47:42] [iter 7] [Context: 177027/262144 (67.5%)]
[10:47:42] INFO: AI request (iteration 7, msgs=152)
[10:47:50] INFO: AI response: 159653 prompt + 1056 response tokens (total: 6043127 / 29413)
[10:47:50] [after +1056] [Context: 178261/262144 (68.0%)]
[10:47:50] [iter 8] [Context: 178261/262144 (68.0%)]
[10:47:50] INFO: AI request (iteration 8, msgs=154)
[10:47:52] INFO: AI response: 160772 prompt + 33 response tokens (total: 6203899 / 29446)
[10:47:52] [after +33] [Context: 178389/262144 (68.1%)]
[10:47:52] [iter 9] [Context: 178389/262144 (68.1%)]
[10:47:52] INFO: AI request (iteration 9, msgs=156)
[10:47:56] INFO: AI response: 160921 prompt + 221 response tokens (total: 6364820 / 29667)
[10:47:56] [after +221] [Context: 178699/262144 (68.2%)]
[10:47:56] [iter 10] [Context: 178699/262144 (68.2%)]
[10:47:56] INFO: AI request (iteration 10, msgs=158)
[10:47:58] INFO: AI response: 161242 prompt + 116 response tokens (total: 6526062 / 29783)
[10:47:58] [after +116] [Context: 178895/262144 (68.2%)]
[10:47:58] Auto-continue: AI round 42/50 — task 2/10: Ensure /api/v1/admin/pages and /api/v1/admin/posts endpoints...
[10:47:58] [Context: 178962/262144 (68.3%)]
[10:47:58] [iter 1] [Context: 178962/262144 (68.3%)]
[10:47:58] INFO: AI request (iteration 1, msgs=161)
[10:48:01] INFO: AI response: 161516 prompt + 36 response tokens (total: 6687578 / 29819)
[10:48:01] [after +36] [Context: 179114/262144 (68.3%)]
[10:48:01] [iter 2] [Context: 179114/262144 (68.3%)]
[10:48:01] INFO: AI request (iteration 2, msgs=163)
[10:48:16] INFO: AI response: 161689 prompt + 1256 response tokens (total: 6849267 / 31075)
[10:48:16] [after +1256] [Context: 179465/262144 (68.5%)]
[10:48:16] [iter 3] [Context: 179465/262144 (68.5%)]
[10:48:16] INFO: AI request (iteration 3, msgs=165)
[10:48:18] INFO: AI response: 162054 prompt + 123 response tokens (total: 7011321 / 31198)
[10:48:18] [after +123] [Context: 179666/262144 (68.5%)]
[10:48:18] [iter 4] [Context: 179666/262144 (68.5%)]
[10:48:18] INFO: AI request (iteration 4, msgs=167)
[10:48:20] INFO: AI response: 162273 prompt + 24 response tokens (total: 7173594 / 31222)
[10:48:20] [after +24] [Context: 179753/262144 (68.6%)]
[10:48:20] [iter 5] [Context: 179753/262144 (68.6%)]
[10:48:20] INFO: AI request (iteration 5, msgs=169)
[10:48:34] INFO: AI response: 162370 prompt + 1676 response tokens (total: 7335964 / 32898)
[10:48:34] [after +1676] [Context: 181407/262144 (69.2%)]
[10:48:34] [iter 6] [Context: 181407/262144 (69.2%)]
[10:48:34] INFO: AI request (iteration 6, msgs=171)
[10:48:36] INFO: AI response: 164057 prompt + 24 response tokens (total: 7500021 / 32922)
[10:48:37] [after +24] [Context: 181535/262144 (69.3%)]
[10:48:37] [iter 7] [Context: 181535/262144 (69.3%)]
[10:48:37] INFO: AI request (iteration 7, msgs=173)
[10:48:39] INFO: AI response: 164206 prompt + 102 response tokens (total: 7664227 / 33024)
[10:48:39] [after +102] [Context: 181715/262144 (69.3%)]
[10:48:39] [iter 8] [Context: 181715/262144 (69.3%)]
[10:48:39] INFO: AI request (iteration 8, msgs=175)
[10:48:42] INFO: AI response: 164378 prompt + 69 response tokens (total: 7828605 / 33093)
[10:48:42] [after +69] [Context: 182089/262144 (69.5%)]
[10:48:42] [iter 9] [Context: 182089/262144 (69.5%)]
[10:48:42] INFO: AI request (iteration 9, msgs=177)
[10:48:45] INFO: AI response: 164744 prompt + 136 response tokens (total: 7993349 / 33229)
[10:48:45] [after +136] [Context: 182210/262144 (69.5%)]
[10:48:45] [iter 10] [Context: 182210/262144 (69.5%)]
[10:48:45] INFO: AI request (iteration 10, msgs=179)
[10:48:48] INFO: AI response: 164854 prompt + 71 response tokens (total: 8158203 / 33300)
[10:48:48] [after +71] [Context: 182267/262144 (69.5%)]
[10:48:48] Auto-continue: AI round 43/50 — task 2/10: Ensure /api/v1/admin/pages and /api/v1/admin/posts endpoints...
[10:48:48] [Context: 182334/262144 (69.6%)]
[10:48:48] [iter 1] [Context: 182334/262144 (69.6%)]
[10:48:48] INFO: AI request (iteration 1, msgs=182)
[10:48:50] INFO: AI response: 164973 prompt + 67 response tokens (total: 8323176 / 33367)
[10:48:50] [after +67] [Context: 182389/262144 (69.6%)]
[10:48:50] [iter 2] [Context: 182389/262144 (69.6%)]
[10:48:50] INFO: AI request (iteration 2, msgs=184)
[10:49:07] INFO: AI response: 165035 prompt + 1760 response tokens (total: 8488211 / 35127)
[10:49:07] [after +1760] [Context: 184071/262144 (70.2%)]
[10:49:07] [iter 3] [Context: 184071/262144 (70.2%)]
[10:49:07] INFO: AI request (iteration 3, msgs=186)
[10:49:09] INFO: AI response: 166744 prompt + 24 response tokens (total: 8654955 / 35151)
[10:49:10] [after +24] [Context: 184488/262144 (70.4%)]
[10:49:10] [iter 4] [Context: 184549/262144 (70.4%)]
[10:49:10] INFO: AI request (iteration 4, msgs=189)
[10:49:13] INFO: AI response: 167317 prompt + 163 response tokens (total: 8822272 / 35314)
[10:49:13] [after +163] [Context: 184917/262144 (70.5%)]
[10:49:13] [iter 5] [Context: 184917/262144 (70.5%)]
[10:49:13] INFO: AI request (iteration 5, msgs=191)
[10:49:30] INFO: AI response: 167674 prompt + 1734 response tokens (total: 8989946 / 37048)
[10:49:30] [after +1734] [Context: 186592/262144 (71.2%)]
[10:49:30] [iter 6] [Context: 186592/262144 (71.2%)]
[10:49:30] INFO: AI request (iteration 6, msgs=193)
[10:49:33] INFO: AI response: 169377 prompt + 24 response tokens (total: 9159323 / 37072)
[10:49:33] [after +24] [Context: 186640/262144 (71.2%)]
[10:49:33] [iter 7] [Context: 186640/262144 (71.2%)]
[10:49:33] INFO: AI request (iteration 7, msgs=195)
[10:49:36] INFO: AI response: 169428 prompt + 51 response tokens (total: 9328751 / 37123)
[10:49:36] [after +51] [Context: 186938/262144 (71.3%)]
[10:49:36] [iter 8] [Context: 186938/262144 (71.3%)]
[10:49:36] INFO: AI request (iteration 8, msgs=197)
[10:49:56] INFO: AI response: 169773 prompt + 2509 response tokens (total: 9498524 / 39632)
[10:49:56] [after +2509] [Context: 189343/262144 (72.2%)]
[10:49:56] [iter 9] [Context: 189343/262144 (72.2%)]
[10:49:56] INFO: AI request (iteration 9, msgs=199)
[10:49:58] INFO: AI response: 172204 prompt + 21 response tokens (total: 9670728 / 39653)
[10:49:59] [after +21] [Context: 189481/262144 (72.3%)]
[10:49:59] [iter 10] [Context: 189481/262144 (72.3%)]
[10:49:59] INFO: AI request (iteration 10, msgs=201)
[10:50:01] INFO: AI response: 172352 prompt + 42 response tokens (total: 9843080 / 39695)
[10:50:01] [after +42] [Context: 190218/262144 (72.6%)]
[10:50:01] Auto-continue: AI round 44/50 — task 2/10: Ensure /api/v1/admin/pages and /api/v1/admin/posts endpoints...
[10:50:01] [Context: 190285/262144 (72.6%)]
[10:50:01] [iter 1] [Context: 190285/262144 (72.6%)]
[10:50:01] INFO: AI request (iteration 1, msgs=204)
[10:50:04] INFO: AI response: 173003 prompt + 126 response tokens (total: 10016083 / 39821)
[10:50:04] [after +126] [Context: 190601/262144 (72.7%)]
[10:50:04] [iter 2] [Context: 190601/262144 (72.7%)]
[10:50:04] INFO: AI request (iteration 2, msgs=206)
[10:50:06] INFO: AI response: 173304 prompt + 109 response tokens (total: 10189387 / 39930)
[10:50:06] [after +109] [Context: 190795/262144 (72.8%)]
[10:50:06] [iter 3] [Context: 190795/262144 (72.8%)]
[10:50:06] INFO: AI request (iteration 3, msgs=208)
[10:50:08] INFO: AI response: 173508 prompt + 21 response tokens (total: 10362895 / 39951)
[10:50:08] [after +21] [Context: 190866/262144 (72.8%)]
[10:50:08] [iter 4] [Context: 190866/262144 (72.8%)]
[10:50:08] INFO: AI request (iteration 4, msgs=210)
[10:50:26] INFO: AI response: 173584 prompt + 2756 response tokens (total: 10536479 / 42707)
[10:50:26] [after +2756] [Context: 190894/262144 (72.8%)]
[10:50:26] [iter 5] [Context: 190894/262144 (72.8%)]
[10:50:26] INFO: AI request (iteration 5, msgs=212)
[10:50:49] INFO: AI response: 173609 prompt + 2755 response tokens (total: 10710088 / 45462)
[10:50:49] [after +2755] [Context: 190922/262144 (72.8%)]
[10:50:49] [iter 6] [Context: 190922/262144 (72.8%)]
[10:50:49] INFO: AI request (iteration 6, msgs=214)
[10:51:13] INFO: AI response: 173634 prompt + 2760 response tokens (total: 10883722 / 48222)
[10:51:13] [after +2760] [Context: 190950/262144 (72.8%)]
[10:51:13] [iter 7] [Context: 190950/262144 (72.8%)]
[10:51:13] INFO: AI request (iteration 7, msgs=216)
[10:51:33] INFO: AI response: 173659 prompt + 2403 response tokens (total: 11057381 / 50625)
[10:51:33] [after +2403] [Context: 193349/262144 (73.8%)]
[10:51:33] [iter 8] [Context: 193349/262144 (73.8%)]
[10:51:33] INFO: AI request (iteration 8, msgs=218)
[10:51:35] INFO: AI response: 176085 prompt + 21 response tokens (total: 11233466 / 50646)
[10:51:35] [after +21] [Context: 194486/262144 (74.2%)]
[10:51:35] [iter 9] [Context: 194486/262144 (74.2%)]
[10:51:35] INFO: AI request (iteration 9, msgs=220)
[10:51:53] INFO: AI response: 177219 prompt + 2205 response tokens (total: 11410685 / 52851)
[10:51:53] [after +2205] [Context: 196484/262144 (75.0%)]
[10:51:53] [iter 10] [Context: 196484/262144 (75.0%)]
[10:51:53] INFO: AI request (iteration 10, msgs=222)
[10:51:55] INFO: AI response: 179255 prompt + 21 response tokens (total: 11589940 / 52872)
[10:51:55] [after +21] [Context: 196625/262144 (75.0%)]
[10:51:55] Auto-continue: AI round 45/50 — task 2/10: Ensure /api/v1/admin/pages and /api/v1/admin/posts endpoints...
[10:51:55] [Context: 196692/262144 (75.0%)]
[10:51:55] [iter 1] [Context: 196692/262144 (75.0%)]
[10:51:55] INFO: AI request (iteration 1, msgs=225)
[10:51:58] INFO: AI response: 179462 prompt + 146 response tokens (total: 11769402 / 53018)
[10:51:58] [after +146] [Context: 197051/262144 (75.2%)]
[10:51:58] [iter 2] [Context: 197051/262144 (75.2%)]
[10:51:58] INFO: AI request (iteration 2, msgs=227)
[10:52:02] INFO: AI response: 179833 prompt + 132 response tokens (total: 11949235 / 53150)
[10:52:02] [after +132] [Context: 197257/262144 (75.2%)]
[10:52:02] [iter 3] [Context: 197257/262144 (75.2%)]
[10:52:02] INFO: AI request (iteration 3, msgs=229)
[10:52:04] INFO: AI response: 180060 prompt + 22 response tokens (total: 12129295 / 53172)
[10:52:04] [after +22] [Context: 197323/262144 (75.3%)]
[10:52:04] [iter 4] [Context: 197384/262144 (75.3%)]
[10:52:04] INFO: AI request (iteration 4, msgs=232)
[10:52:18] INFO: AI response: 180191 prompt + 2009 response tokens (total: 12309486 / 55181)
[10:52:18] [after +2009] [Context: 199354/262144 (76.0%)]
[10:52:18] [iter 5] [Context: 199354/262144 (76.0%)]
[10:52:18] INFO: AI request (iteration 5, msgs=234)
[10:52:20] INFO: AI response: 182193 prompt + 21 response tokens (total: 12491679 / 55202)
[10:52:20] [after +21] [Context: 199578/262144 (76.1%)]
[10:52:20] [iter 6] [Context: 199578/262144 (76.1%)]
[10:52:20] INFO: AI request (iteration 6, msgs=236)
[10:52:24] INFO: AI response: 182449 prompt + 240 response tokens (total: 12674128 / 55442)
[10:52:24] [after +240] [Context: 199903/262144 (76.3%)]
[10:52:24] [iter 7] [Context: 199903/262144 (76.3%)]
[10:52:24] INFO: AI request (iteration 7, msgs=238)
[10:52:38] INFO: AI response: 182778 prompt + 1997 response tokens (total: 12856906 / 57439)
[10:52:38] [after +1997] [Context: 201862/262144 (77.0%)]
[10:52:38] [iter 8] [Context: 201862/262144 (77.0%)]
[10:52:38] INFO: AI request (iteration 8, msgs=240)
[10:52:40] INFO: AI response: 184774 prompt + 21 response tokens (total: 13041680 / 57460)
[10:52:41] [after +21] [Context: 201915/262144 (77.0%)]
[10:52:41] [iter 9] [Context: 201915/262144 (77.0%)]
[10:52:41] INFO: AI request (iteration 9, msgs=242)
[10:52:47] INFO: AI response: 184827 prompt + 440 response tokens (total: 13226507 / 57900)
[10:52:47] [after +440] [Context: 202052/262144 (77.1%)]
[10:52:47] [iter 10] [Context: 202052/262144 (77.1%)]
[10:52:47] INFO: AI request (iteration 10, msgs=245)
[10:52:51] INFO: AI response: 185003 prompt + 201 response tokens (total: 13411510 / 58101)
[10:52:51] [after +201] [Context: 202335/262144 (77.2%)]
[10:52:51] Auto-continue: AI round 46/50 — task 2/10: Ensure /api/v1/admin/pages and /api/v1/admin/posts endpoints...
[10:52:51] [Context: 202402/262144 (77.2%)]
[10:52:51] [iter 1] [Context: 202402/262144 (77.2%)]
[10:52:51] INFO: AI request (iteration 1, msgs=249)
[10:52:53] INFO: AI response: 185372 prompt + 53 response tokens (total: 13596882 / 58154)
[10:52:53] ✓ Terminal: Error: Program 'npm' is not in the allowed programs list.
Allowed: ls, dir, cat, echo, pwd, whoami, date, id, grep, find, sort, head, tail, wc, awk, sed, bash, sh, python3, python, node, perl, ruby, git, make, cmake, gcc, g++, ping, curl, wget, netstat, ss, ps, top, df, du, free, mkdir, cp, mv, touch, rm, rmdir, ln, install, chmod, chown, cd, ollama, pip, pip3, nvidia-smi, ffmpeg, ffprobe
[10:52:53] [after +53] [Context: 202556/262144 (77.3%)]
[10:52:53] [iter 2] [Context: 202556/262144 (77.3%)]
[10:52:53] INFO: AI request (iteration 2, msgs=251)
[10:52:56] INFO: AI response: 185574 prompt + 89 response tokens (total: 13782456 / 58243)
[10:52:56] ✓ ReadFile: Error: File `webcms/admin-ui/package.json` not found (checked workin/ and CWD)
[10:52:56] [after +89] [Context: 202635/262144 (77.3%)]
[10:52:56] [iter 3] [Context: 202635/262144 (77.3%)]
[10:52:56] INFO: AI request (iteration 3, msgs=253)
[10:52:58] INFO: AI response: 185656 prompt + 101 response tokens (total: 13968112 / 58344)
[10:52:58] [after +101] [Context: 202723/262144 (77.3%)]
[10:52:58] [iter 4] [Context: 202723/262144 (77.3%)]
[10:52:58] INFO: AI request (iteration 4, msgs=255)
[10:53:00] INFO: AI response: 185757 prompt + 23 response tokens (total: 14153869 / 58367)
[10:53:00] [after +23] [Context: 202931/262144 (77.4%)]
[10:53:00] [iter 5] [Context: 202931/262144 (77.4%)]
[10:53:00] INFO: AI request (iteration 5, msgs=257)
[10:53:06] INFO: AI response: 186054 prompt + 63 response tokens (total: 14339923 / 58430)
[10:53:06] [after +63] [Context: 203256/262144 (77.5%)]
[10:53:06] [iter 6] [Context: 203256/262144 (77.5%)]
[10:53:06] INFO: AI request (iteration 6, msgs=259)
[10:53:16] INFO: AI response: 186474 prompt + 129 response tokens (total: 14526397 / 58559)
[10:53:16] [after +129] [Context: 203318/262144 (77.6%)]
[10:53:16] [iter 7] [Context: 203318/262144 (77.6%)]
[10:53:16] INFO: AI request (iteration 7, msgs=261)
[10:53:24] INFO: AI response: 186540 prompt + 139 response tokens (total: 14712937 / 58698)
[10:53:24] [after +139] [Context: 204641/262144 (78.1%)]
[10:53:24] [iter 8] [Context: 204641/262144 (78.1%)]
[10:53:24] INFO: AI request (iteration 8, msgs=264)
[10:53:27] INFO: AI response: 188113 prompt + 134 response tokens (total: 14901050 / 58832)
[10:53:27] [after +134] [Context: 204742/262144 (78.1%)]
[10:53:27] [iter 9] [Context: 204742/262144 (78.1%)]
[10:53:27] INFO: AI request (iteration 9, msgs=266)
[10:53:30] INFO: AI response: 188213 prompt + 210 response tokens (total: 15089263 / 59042)
[10:53:30] [after +210] [Context: 204849/262144 (78.1%)]
[10:53:30] [iter 10] [Context: 204849/262144 (78.1%)]
[10:53:30] INFO: AI request (iteration 10, msgs=268)
[10:53:38] INFO: AI response: 188317 prompt + 561 response tokens (total: 15277580 / 59603)
[10:53:38] [after +561] [Context: 205280/262144 (78.3%)]
[10:53:38] Auto-continue: AI round 47/50 — task 3/10: Implement upload and list for /api/v1/admin/media. Make Medi...
[10:53:38] [Context: 205336/262144 (78.3%)]
[10:53:38] [iter 1] [Context: 205336/262144 (78.3%)]
[10:53:38] INFO: AI request (iteration 1, msgs=273)
[10:53:41] INFO: AI response: 188764 prompt + 132 response tokens (total: 15466344 / 59735)
[10:53:41] [after +132] [Context: 211497/262144 (80.7%)]
[10:53:45] [iter 2] [Context: 8690/262144 (3.3%)]
[10:53:45] INFO: AI request (iteration 2, msgs=34)
[10:53:46] INFO: AI response: 6272 prompt + 33 response tokens (total: 15472616 / 59768)
[10:53:46] [after +33] [Context: 10726/262144 (4.1%)]
[10:53:46] [iter 3] [Context: 10726/262144 (4.1%)]
[10:53:46] INFO: AI request (iteration 3, msgs=36)
[10:53:47] INFO: AI response: 8093 prompt + 41 response tokens (total: 15480709 / 59809)
[10:53:47] [after +41] [Context: 10814/262144 (4.1%)]
[10:53:47] [iter 4] [Context: 10814/262144 (4.1%)]
[10:53:47] INFO: AI request (iteration 4, msgs=38)
[10:53:50] INFO: AI response: 8188 prompt + 61 response tokens (total: 15488897 / 59870)
[10:53:50] [after +61] [Context: 10902/262144 (4.2%)]
[10:53:50] [iter 5] [Context: 10902/262144 (4.2%)]
[10:53:50] INFO: AI request (iteration 5, msgs=40)
[10:54:00] INFO: AI response: 8282 prompt + 64 response tokens (total: 15497179 / 59934)
[10:54:00] [after +64] [Context: 10990/262144 (4.2%)]
[10:54:00] [iter 6] [Context: 10990/262144 (4.2%)]
[10:54:00] INFO: AI request (iteration 6, msgs=42)
[10:54:01] INFO: AI response: 8364 prompt + 40 response tokens (total: 15505543 / 59974)
[10:54:01] [after +40] [Context: 11032/262144 (4.2%)]
[10:54:01] [iter 7] [Context: 11032/262144 (4.2%)]
[10:54:01] INFO: AI request (iteration 7, msgs=44)
[10:54:03] INFO: AI response: 8409 prompt + 61 response tokens (total: 15513952 / 60035)
[10:54:03] [after +61] [Context: 11377/262144 (4.3%)]
[10:54:03] [iter 8] [Context: 11377/262144 (4.3%)]
[10:54:03] INFO: AI request (iteration 8, msgs=46)
[10:54:06] INFO: AI response: 8749 prompt + 157 response tokens (total: 15522701 / 60192)
[10:54:06] [after +157] [Context: 12245/262144 (4.7%)]
[10:54:06] [iter 9] [Context: 12245/262144 (4.7%)]
[10:54:06] INFO: AI request (iteration 9, msgs=48)
[10:54:08] INFO: AI response: 9440 prompt + 121 response tokens (total: 15532141 / 60313)
[10:54:08] [after +121] [Context: 16320/262144 (6.2%)]
[10:54:08] [iter 10] [Context: 16320/262144 (6.2%)]
[10:54:08] INFO: AI request (iteration 10, msgs=51)
[10:54:13] INFO: AI response: 12820 prompt + 594 response tokens (total: 15544961 / 60907)
[10:54:13] [after +594] [Context: 18213/262144 (6.9%)]
[10:54:13] Auto-continue: AI round 48/50 — task 3/10: Implement upload and list for /api/v1/admin/media. Make Medi...
[10:54:13] [Context: 18269/262144 (7.0%)]
[10:54:13] [iter 1] [Context: 18269/262144 (7.0%)]
[10:54:13] INFO: AI request (iteration 1, msgs=55)
[10:54:16] INFO: AI response: 14532 prompt + 244 response tokens (total: 15559493 / 61151)
[10:54:16] [after +244] [Context: 20063/262144 (7.7%)]
[10:54:16] [iter 2] [Context: 20063/262144 (7.7%)]
[10:54:16] INFO: AI request (iteration 2, msgs=57)
[10:54:19] INFO: AI response: 16066 prompt + 138 response tokens (total: 15575559 / 61289)
[10:54:19] [after +138] [Context: 21599/262144 (8.2%)]
[10:54:19] [iter 3] [Context: 21599/262144 (8.2%)]
[10:54:19] INFO: AI request (iteration 3, msgs=59)
[10:56:28] INFO: AI response: 17358 prompt + 21886 response tokens (total: 15592917 / 83175)
[10:56:28] ✓ ReplaceLine: Error: Missing required parameter(s): fromLine
Usage:
<ReplaceLine>
<fileName>string</fileName>
<fromLine>number</fromLine>
<toLine>number</toLine>
<replacement>string</replacement>
<confirmed>string</confirmed>
</ReplaceLine>
[10:56:28] Tool `ReplaceLine` failed 2 times with missing parameter(s): fromLine. Correct format:

Usage:
<ReplaceLine>
<fileName>string</fileName>
<fromLine>number</fromLine>
<toLine>number</toLine>
<replacement>string</replacement>
<confirmed>string</confirmed>
</ReplaceLine>
[10:56:28] ✓ ReplaceLine: Error: Missing required parameter(s): fromLine
Usage:
<ReplaceLine>
<fileName>string</fileName>
<fromLine>number</fromLine>
<toLine>number</toLine>
<replacement>string</replacement>
<confirmed>string</confirmed>
</ReplaceLine>
[10:56:28] Tool `ReplaceLine` failed 3 times with missing parameter(s): fromLine. Correct format:

Usage:
<ReplaceLine>
<fileName>string</fileName>
<fromLine>number</fromLine>
<toLine>number</toLine>
<replacement>string</replacement>
<confirmed>string</confirmed>
</ReplaceLine>
[10:56:28] ✓ ReplaceLine: Error: Missing required parameter(s): fromLine
Usage:
<ReplaceLine>
<fileName>string</fileName>
<fromLine>number</fromLine>
<toLine>number</toLine>
<replacement>string</replacement>
<confirmed>string</confirmed>
</ReplaceLine>
[10:56:28] Tool `ReplaceLine` failed 4 times with missing parameter(s): fromLine. Correct format:

Usage:
<ReplaceLine>
<fileName>string</fileName>
<fromLine>number</fromLine>
<toLine>number</toLine>
<replacement>string</replacement>
<confirmed>string</confirmed>
</ReplaceLine>
[10:56:28] ✓ ReplaceLine: Error: Missing required parameter(s): fromLine
Usage:
<ReplaceLine>
<fileName>string</fileName>
<fromLine>number</fromLine>
<toLine>number</toLine>
<replacement>string</replacement>
<confirmed>string</confirmed>
</ReplaceLine>
[10:56:28] ✓ ExecuteScript: Error: File test_admin_media.py not found in 
[10:56:28] ✓ ExecuteScript: Error: File debug_cgi.py not found in 
[10:56:28] ✓ ExecuteScript: Error: File debug_two_req.py not found in 
[10:56:28] ✓ ExecuteScript: Error: File debug_api_two_req.py not found in 
[10:56:28] ✓ ExecuteScript: Error: File debug_api_dashboard.py not found in 
[10:56:28] ✓ ExecuteScript: Error: File debug_api_upload_only.py not found in 
[10:56:28] ✓ ExecuteScript: Error: File debug_import_only.py not found in 
[10:56:28] ✓ ExecuteScript: Error: File debug_import_storage.py not found in 
[10:56:28] ✓ ExecuteScript: Error: File debug_import_transform.py not found in 
[10:56:28] ✓ ExecuteScript: Error: File debug_import_module.py not found in 
[10:56:28] ✓ ExecuteScript: Error: File debug_import_models.py not found in 
[10:56:28] ✓ ExecuteScript: Error: File debug_import_sqlalchemy.py not found in 
[10:56:28] ✓ ExecuteScript: Error: File debug_import_base.py not found in 
[10:56:28] ✓ ReplaceLine: Error: Missing required parameter(s): fromLine
Usage:
<ReplaceLine>
<fileName>string</fileName>
<fromLine>number</fromLine>
<toLine>number</toLine>
<replacement>string</replacement>
<confirmed>string</confirmed>
</ReplaceLine>
[10:56:28] Tool `ReplaceLine` failed 2 times with missing parameter(s): fromLine. Correct format:

Usage:
<ReplaceLine>
<fileName>string</fileName>
<fromLine>number</fromLine>
<toLine>number</toLine>
<replacement>string</replacement>
<confirmed>string</confirmed>
</ReplaceLine>
[10:56:28] ✓ ReplaceLine: Error: Missing required parameter(s): fromLine
Usage:
<ReplaceLine>
<fileName>string</fileName>
<fromLine>number</fromLine>
<toLine>number</toLine>
<replacement>string</replacement>
<confirmed>string</confirmed>
</ReplaceLine>
[10:56:28] Tool `ReplaceLine` failed 3 times with missing parameter(s): fromLine. Correct format:

Usage:
<ReplaceLine>
<fileName>string</fileName>
<fromLine>number</fromLine>
<toLine>number</toLine>
<replacement>string</replacement>
<confirmed>string</confirmed>
</ReplaceLine>
[10:56:28] ✓ ReplaceLine: Error: Missing required parameter(s): fromLine
Usage:
<ReplaceLine>
<fileName>string</fileName>
<fromLine>number</fromLine>
<toLine>number</toLine>
<replacement>string</replacement>
<confirmed>string</confirmed>
</ReplaceLine>
[10:56:28] Tool `ReplaceLine` failed 4 times with missing parameter(s): fromLine. Correct format:

Usage:
<ReplaceLine>
<fileName>string</fileName>
<fromLine>number</fromLine>
<toLine>number</toLine>
<replacement>string</replacement>
<confirmed>string</confirmed>
</ReplaceLine>
[10:56:28] ✓ ReplaceLine: Error: Missing required parameter(s): fromLine
Usage:
<ReplaceLine>
<fileName>string</fileName>
<fromLine>number</fromLine>
<toLine>number</toLine>
<replacement>string</replacement>
<confirmed>string</confirmed>
</ReplaceLine>
[10:56:28] [after +21886] [Context: 33772/262144 (12.9%)]
[10:56:28] [iter 4] [Context: 33772/262144 (12.9%)]
[10:56:28] INFO: AI request (iteration 4, msgs=104)
[10:56:30] INFO: AI response: 28607 prompt + 147 response tokens (total: 15621524 / 83322)
[10:56:30] [after +147] [Context: 35897/262144 (13.7%)]
[10:56:30] [iter 5] [Context: 35897/262144 (13.7%)]
[10:56:30] INFO: AI request (iteration 5, msgs=106)
[10:56:32] INFO: AI response: 30511 prompt + 76 response tokens (total: 15652035 / 83398)
[10:56:32] [after +76] [Context: 36003/262144 (13.7%)]
[10:56:32] [iter 6] [Context: 36003/262144 (13.7%)]
[10:56:32] INFO: AI request (iteration 6, msgs=108)
[10:56:34] INFO: AI response: 30633 prompt + 119 response tokens (total: 15682668 / 83517)
[10:56:34] [after +119] [Context: 36333/262144 (13.9%)]
[10:56:34] [iter 7] [Context: 36333/262144 (13.9%)]
[10:56:34] INFO: AI request (iteration 7, msgs=110)
[10:56:36] INFO: AI response: 31031 prompt + 122 response tokens (total: 15713699 / 83639)
[10:56:36] [after +122] [Context: 38992/262144 (14.9%)]
[10:56:36] [iter 8] [Context: 38992/262144 (14.9%)]
[10:56:36] INFO: AI request (iteration 8, msgs=112)
[10:56:37] INFO: AI response: 33260 prompt + 94 response tokens (total: 15746959 / 83733)
[10:56:37] [after +94] [Context: 40010/262144 (15.3%)]
[10:56:37] [iter 9] [Context: 40010/262144 (15.3%)]
[10:56:37] INFO: AI request (iteration 9, msgs=114)
[10:56:39] INFO: AI response: 34306 prompt + 28 response tokens (total: 15781265 / 83761)
[10:56:39] [after +28] [Context: 40661/262144 (15.5%)]
[10:56:39] [iter 10] [Context: 40661/262144 (15.5%)]
[10:56:39] INFO: AI request (iteration 10, msgs=116)
[10:56:40] INFO: AI response: 34960 prompt + 60 response tokens (total: 15816225 / 83821)
[10:56:40] [after +60] [Context: 41714/262144 (15.9%)]
[10:56:40] Auto-continue: AI round 49/50 — task 4/10: Ensure /api/v1/admin/users and /api/v1/admin/roles endpoints...
[10:56:40] [Context: 41782/262144 (15.9%)]
[10:56:40] [iter 1] [Context: 41782/262144 (15.9%)]
[10:56:40] INFO: AI request (iteration 1, msgs=119)
[10:56:46] INFO: AI response: 35967 prompt + 728 response tokens (total: 15852192 / 84549)
[10:56:46] [after +728] [Context: 45088/262144 (17.2%)]
[10:56:46] [iter 2] [Context: 45088/262144 (17.2%)]
[10:56:46] INFO: AI request (iteration 2, msgs=121)
[10:56:48] INFO: AI response: 38849 prompt + 151 response tokens (total: 15891041 / 84700)
[10:56:48] [after +151] [Context: 45564/262144 (17.4%)]
[10:56:48] [iter 3] [Context: 45564/262144 (17.4%)]
[10:56:48] INFO: AI request (iteration 3, msgs=123)
[10:56:51] INFO: AI response: 39294 prompt + 138 response tokens (total: 15930335 / 84838)
[10:56:51] [after +138] [Context: 45713/262144 (17.4%)]
[10:56:51] Auto-continue: reached 50 rounds — stopping.
[10:56:51] You: 
[15:08:32] INFO: Session started, sess_id=341, mode=build, model=kimi-k2.7-code:cloud
[15:08:32] You: 
[15:08:41] You: 
[15:08:56] [Context: 45713/262144 (17.4%)]
[15:08:56] [iter 1] [Context: 45713/262144 (17.4%)]
[15:08:56] INFO: AI request (iteration 1, msgs=124)
[15:09:09] INFO: AI response: 39300 prompt + 1533 response tokens (total: 4379695 / 33499)
[15:09:09] ✓ ReplaceLine: Error: Missing required parameter(s): fromLine
Usage:
<ReplaceLine>
<fileName>string</fileName>
<fromLine>number</fromLine>
<toLine>number</toLine>
<replacement>string</replacement>
<confirmed>string</confirmed>
</ReplaceLine>
[15:09:09] [after +1533] [Context: 47442/262144 (18.1%)]
[15:09:09] [iter 2] [Context: 47442/262144 (18.1%)]
[15:09:09] INFO: AI request (iteration 2, msgs=126)
[15:09:15] INFO: AI response: 40902 prompt + 921 response tokens (total: 4420597 / 34420)
[15:09:15] [after +921] [Context: 49024/262144 (18.7%)]
[15:09:15] [iter 3] [Context: 49024/262144 (18.7%)]
[15:09:15] INFO: AI request (iteration 3, msgs=128)
[15:09:25] INFO: AI response: 42360 prompt + 715 response tokens (total: 4462957 / 35135)
[15:09:25] [after +715] [Context: 49801/262144 (19.0%)]
[15:09:25] Auto-continue: AI round 1/50 — task 4/10: Ensure /api/v1/admin/users and /api/v1/admin/roles endpoints...
[15:09:25] [Context: 49869/262144 (19.0%)]
[15:09:25] [iter 1] [Context: 49869/262144 (19.0%)]
[15:09:25] INFO: AI request (iteration 1, msgs=130)
[15:09:31] INFO: AI response: 42425 prompt + 711 response tokens (total: 4505382 / 35846)
[15:09:31] [after +711] [Context: 50698/262144 (19.3%)]
[15:09:31] [iter 2] [Context: 50698/262144 (19.3%)]
[15:09:31] INFO: AI request (iteration 2, msgs=132)
[15:09:34] INFO: AI response: 43200 prompt + 167 response tokens (total: 4548582 / 36013)
[15:09:34] [after +167] [Context: 51026/262144 (19.5%)]
[15:09:34] [iter 3] [Context: 51026/262144 (19.5%)]
[15:09:34] INFO: AI request (iteration 3, msgs=134)
[15:09:36] INFO: AI response: 43512 prompt + 171 response tokens (total: 4592094 / 36184)
[15:09:36] [after +171] [Context: 51424/262144 (19.6%)]
[15:09:36] [iter 4] [Context: 51424/262144 (19.6%)]
[15:09:36] INFO: AI request (iteration 4, msgs=136)
[15:09:43] INFO: AI response: 43878 prompt + 153 response tokens (total: 4635972 / 36337)
[15:09:43] [after +153] [Context: 51648/262144 (19.7%)]
[15:09:43] [iter 5] [Context: 51648/262144 (19.7%)]
[15:09:43] INFO: AI request (iteration 5, msgs=138)
[15:09:50] INFO: AI response: 44097 prompt + 608 response tokens (total: 4680069 / 36945)
[15:09:50] [after +608] [Context: 53440/262144 (20.4%)]
[15:09:50] [iter 6] [Context: 53440/262144 (20.4%)]
[15:09:50] INFO: AI request (iteration 6, msgs=142)
[15:09:53] INFO: AI response: 45773 prompt + 435 response tokens (total: 4725842 / 37380)
[15:09:53] [after +435] [Context: 54681/262144 (20.9%)]
[15:09:53] [iter 7] [Context: 54681/262144 (20.9%)]
[15:09:53] INFO: AI request (iteration 7, msgs=144)
[15:09:57] INFO: AI response: 46843 prompt + 395 response tokens (total: 4772685 / 37775)
[15:09:57] [after +395] [Context: 55218/262144 (21.1%)]
[15:09:57] [iter 8] [Context: 55218/262144 (21.1%)]
[15:09:57] INFO: AI request (iteration 8, msgs=146)
[15:10:01] INFO: AI response: 47325 prompt + 228 response tokens (total: 4820010 / 38003)
[15:10:01] [after +228] [Context: 55347/262144 (21.1%)]
[15:10:01] [iter 9] [Context: 55347/262144 (21.1%)]
[15:10:01] INFO: AI request (iteration 9, msgs=148)
[15:10:03] INFO: AI response: 47464 prompt + 71 response tokens (total: 4867474 / 38074)
[15:10:03] [after +71] [Context: 56648/262144 (21.6%)]
[15:10:03] [iter 10] [Context: 56648/262144 (21.6%)]
[15:10:03] INFO: AI request (iteration 10, msgs=150)
[15:10:09] INFO: AI response: 48575 prompt + 690 response tokens (total: 4916049 / 38764)
[15:10:09] [after +690] [Context: 58733/262144 (22.4%)]
[15:10:09] Auto-continue: AI round 2/50 — task 4/10: Ensure /api/v1/admin/users and /api/v1/admin/roles endpoints...
[15:10:09] [Context: 58801/262144 (22.4%)]
[15:10:09] [iter 1] [Context: 58801/262144 (22.4%)]
[15:10:09] INFO: AI request (iteration 1, msgs=153)
[15:10:15] INFO: AI response: 50413 prompt + 621 response tokens (total: 4966462 / 39385)
[15:10:15] [after +621] [Context: 59619/262144 (22.7%)]
[15:10:15] [iter 2] [Context: 59619/262144 (22.7%)]
[15:10:15] INFO: AI request (iteration 2, msgs=155)
[15:10:17] INFO: AI response: 51117 prompt + 77 response tokens (total: 5017579 / 39462)
[15:10:17] [after +77] [Context: 59722/262144 (22.8%)]
[15:10:17] [iter 3] [Context: 59722/262144 (22.8%)]
[15:10:17] INFO: AI request (iteration 3, msgs=157)
[15:10:19] INFO: AI response: 51253 prompt + 76 response tokens (total: 5068832 / 39538)
[15:10:19] [after +76] [Context: 59845/262144 (22.8%)]
[15:10:19] [iter 4] [Context: 59845/262144 (22.8%)]
[15:10:19] INFO: AI request (iteration 4, msgs=159)
[15:10:21] INFO: AI response: 51401 prompt + 65 response tokens (total: 5120233 / 39603)
[15:10:21] [after +65] [Context: 60599/262144 (23.1%)]
[15:10:21] [iter 5] [Context: 60599/262144 (23.1%)]
[15:10:21] INFO: AI request (iteration 5, msgs=161)
[15:10:30] INFO: AI response: 52041 prompt + 791 response tokens (total: 5172274 / 40394)
[15:10:30] [after +791] [Context: 63293/262144 (24.1%)]
[15:10:30] [iter 6] [Context: 63293/262144 (24.1%)]
[15:10:30] INFO: AI request (iteration 6, msgs=163)
[15:10:36] INFO: AI response: 54175 prompt + 779 response tokens (total: 5226449 / 41173)
[15:10:36] [after +779] [Context: 64360/262144 (24.6%)]
[15:10:36] [iter 7] [Context: 64360/262144 (24.6%)]
[15:10:36] INFO: AI request (iteration 7, msgs=165)
[15:10:39] INFO: AI response: 55041 prompt + 167 response tokens (total: 5281490 / 41340)
[15:10:39] [after +167] [Context: 64509/262144 (24.6%)]
[15:10:39] [iter 8] [Context: 64570/262144 (24.6%)]
[15:10:39] INFO: AI request (iteration 8, msgs=168)
[15:10:41] INFO: AI response: 55275 prompt + 70 response tokens (total: 5336765 / 41410)
[15:10:41] [after +70] [Context: 65821/262144 (25.1%)]
[15:10:41] [iter 9] [Context: 65821/262144 (25.1%)]
[15:10:41] INFO: AI request (iteration 9, msgs=170)
[15:11:02] INFO: AI response: 56313 prompt + 3159 response tokens (total: 5393078 / 44569)
[15:11:02] [after +3159] [Context: 72502/262144 (27.7%)]
[15:11:02] [iter 10] [Context: 72502/262144 (27.7%)]
[15:11:02] INFO: AI request (iteration 10, msgs=173)
[15:11:05] INFO: AI response: 61778 prompt + 150 response tokens (total: 5454856 / 44719)
[15:11:05] [after +150] [Context: 72611/262144 (27.7%)]
[15:11:05] Auto-continue: AI round 3/50 — task 4/10: Ensure /api/v1/admin/users and /api/v1/admin/roles endpoints...
[15:11:05] [Context: 72679/262144 (27.7%)]
[15:11:05] [iter 1] [Context: 72679/262144 (27.7%)]
[15:11:05] INFO: AI request (iteration 1, msgs=176)
[15:11:07] INFO: AI response: 61983 prompt + 141 response tokens (total: 5516839 / 44860)
[15:11:07] [after +141] [Context: 72975/262144 (27.8%)]
[15:11:07] [iter 2] [Context: 72975/262144 (27.8%)]
[15:11:07] INFO: AI request (iteration 2, msgs=178)
[15:11:09] INFO: AI response: 62310 prompt + 129 response tokens (total: 5579149 / 44989)
[15:11:09] [after +129] [Context: 73154/262144 (27.9%)]
[15:11:09] [iter 3] [Context: 73154/262144 (27.9%)]
[15:11:09] INFO: AI request (iteration 3, msgs=180)
[15:11:11] INFO: AI response: 62523 prompt + 76 response tokens (total: 5641672 / 45065)
[15:11:11] [after +76] [Context: 73447/262144 (28.0%)]
[15:11:11] [iter 4] [Context: 73447/262144 (28.0%)]
[15:11:11] INFO: AI request (iteration 4, msgs=182)
[15:11:14] INFO: AI response: 62826 prompt + 239 response tokens (total: 5704498 / 45304)
[15:11:14] [after +239] [Context: 73740/262144 (28.1%)]
[15:11:14] [iter 5] [Context: 73740/262144 (28.1%)]
[15:11:14] INFO: AI request (iteration 5, msgs=184)
[15:11:16] INFO: AI response: 63101 prompt + 97 response tokens (total: 5767599 / 45401)
[15:11:16] [after +97] [Context: 73922/262144 (28.2%)]
[15:11:16] [iter 6] [Context: 73922/262144 (28.2%)]
[15:11:16] INFO: AI request (iteration 6, msgs=186)
[15:11:45] INFO: AI response: 63288 prompt + 3953 response tokens (total: 5830887 / 49354)
[15:11:45] ✓ ExecuteScript: Error: File test_admin_users_roles.py not found in 
[15:11:45] ✓ ExecuteScript: Error: File test_admin_users_roles.py not found in 
[15:11:45] [after +3953] [Context: 77091/262144 (29.4%)]
[15:11:45] [iter 7] [Context: 77091/262144 (29.4%)]
[15:11:45] INFO: AI request (iteration 7, msgs=199)
[15:11:47] INFO: AI response: 66524 prompt + 85 response tokens (total: 5897411 / 49439)
[15:11:47] [after +85] [Context: 77343/262144 (29.5%)]
[15:11:47] [iter 8] [Context: 77343/262144 (29.5%)]
[15:11:47] INFO: AI request (iteration 8, msgs=201)
[15:11:49] INFO: AI response: 66806 prompt + 85 response tokens (total: 5964217 / 49524)
[15:11:49] [after +85] [Context: 77859/262144 (29.7%)]
[15:11:49] [iter 9] [Context: 77859/262144 (29.7%)]
[15:11:49] INFO: AI request (iteration 9, msgs=203)
[15:11:52] INFO: AI response: 67337 prompt + 127 response tokens (total: 6031554 / 49651)
[15:11:52] [after +127] [Context: 78104/262144 (29.8%)]
[15:11:52] [iter 10] [Context: 78104/262144 (29.8%)]
[15:11:52] INFO: AI request (iteration 10, msgs=205)
[15:11:56] INFO: AI response: 67572 prompt + 184 response tokens (total: 6099126 / 49835)
[15:11:56] [after +184] [Context: 78795/262144 (30.1%)]
[15:11:56] Auto-continue: AI round 4/50 — task 5/10: Ensure /api/v1/admin/plugins endpoints return real plugin da...
[15:11:56] [Context: 78856/262144 (30.1%)]
[15:11:56] [iter 1] [Context: 78856/262144 (30.1%)]
[15:11:56] INFO: AI request (iteration 1, msgs=208)
[15:12:03] INFO: AI response: 68300 prompt + 1046 response tokens (total: 6167426 / 50881)
[15:12:03] [after +1046] [Context: 81190/262144 (31.0%)]
[15:12:03] [iter 2] [Context: 81190/262144 (31.0%)]
[15:12:03] INFO: AI request (iteration 2, msgs=211)
[15:12:05] INFO: AI response: 70520 prompt + 138 response tokens (total: 6237946 / 51019)
[15:12:05] [after +138] [Context: 81532/262144 (31.1%)]
[15:12:05] [iter 3] [Context: 81532/262144 (31.1%)]
[15:12:05] INFO: AI request (iteration 3, msgs=213)
[15:12:24] INFO: AI response: 70862 prompt + 2097 response tokens (total: 6308808 / 53116)
[15:12:24] [after +2097] [Context: 83583/262144 (31.9%)]
[15:12:24] [iter 4] [Context: 83583/262144 (31.9%)]
[15:12:24] INFO: AI request (iteration 4, msgs=215)
[15:12:27] INFO: AI response: 72920 prompt + 248 response tokens (total: 6381728 / 53364)
[15:12:28] [after +248] [Context: 83961/262144 (32.0%)]
[15:12:28] [iter 5] [Context: 83961/262144 (32.0%)]
[15:12:28] INFO: AI request (iteration 5, msgs=219)
[15:12:31] INFO: AI response: 73345 prompt + 142 response tokens (total: 6455073 / 53506)
[15:12:31] [after +142] [Context: 84140/262144 (32.1%)]
[15:12:31] [iter 6] [Context: 84140/262144 (32.1%)]
[15:12:31] INFO: AI request (iteration 6, msgs=221)
[15:12:34] INFO: AI response: 73532 prompt + 109 response tokens (total: 6528605 / 53615)
[15:12:34] [after +109] [Context: 84699/262144 (32.3%)]
[15:12:34] [iter 7] [Context: 84699/262144 (32.3%)]
[15:12:34] INFO: AI request (iteration 7, msgs=223)
[15:12:37] INFO: AI response: 74038 prompt + 157 response tokens (total: 6602643 / 53772)
[15:12:37] ✓ ReplaceLine: Error: Missing required parameter(s): replacement
Usage:
<ReplaceLine>
<fileName>string</fileName>
<fromLine>number</fromLine>
<toLine>number</toLine>
<replacement>string</replacement>
<confirmed>string</confirmed>
</ReplaceLine>
[15:12:37] [after +157] [Context: 84840/262144 (32.4%)]
[15:12:37] [iter 8] [Context: 84840/262144 (32.4%)]
[15:12:37] INFO: AI request (iteration 8, msgs=225)
[15:12:40] INFO: AI response: 74178 prompt + 145 response tokens (total: 6676821 / 53917)
[15:12:40] [after +145] [Context: 85261/262144 (32.5%)]
[15:12:40] [iter 9] [Context: 85261/262144 (32.5%)]
[15:12:40] INFO: AI request (iteration 9, msgs=228)
[15:12:44] INFO: AI response: 74607 prompt + 216 response tokens (total: 6751428 / 54133)
[15:12:44] [after +216] [Context: 85716/262144 (32.7%)]
[15:12:44] [iter 10] [Context: 85716/262144 (32.7%)]
[15:12:44] INFO: AI request (iteration 10, msgs=233)
[15:12:47] INFO: AI response: 75117 prompt + 62 response tokens (total: 6826545 / 54195)
[15:12:47] [after +62] [Context: 86488/262144 (33.0%)]
[15:12:47] Auto-continue: AI round 5/50 — task 5/10: Ensure /api/v1/admin/plugins endpoints return real plugin da...
[15:12:47] [Context: 86549/262144 (33.0%)]
[15:12:47] [iter 1] [Context: 86549/262144 (33.0%)]
[15:12:47] INFO: AI request (iteration 1, msgs=236)
[15:17:32] INFO: Session started, sess_id=342, mode=build, model=kimi-k2.7-code:cloud
[15:17:32] You: 
[15:19:22] You: 
[15:19:31] Summarizing — clearing history, keeping system messages...
[15:19:31] Context limit reached — auto-cleared chat history
[15:19:31] You: 
[15:19:33] You: 
[15:19:41] You: 
[15:19:55] You: 
[15:20:28] [Context: 2878/131072 (2.2%)]
[15:20:28] [iter 1] [Context: 2878/131072 (2.2%)]
[15:20:28] INFO: AI request (iteration 1, msgs=9)
[15:20:41] INFO: AI response: 369 prompt + 1060 response tokens (total: 369 / 1060)
[15:20:41] ✓ GetTip: Error: Missing required parameter(s): title
Usage:
<GetTip>
<title>string</title>
</GetTip>
[15:20:41] Tool `GetTip` failed 2 times with missing parameter(s): title. Correct format:

Usage:
<GetTip>
<title>string</title>
</GetTip>
[15:20:41] ✓ GetTip: Error: Missing required parameter(s): title
Usage:
<GetTip>
<title>string</title>
</GetTip>
[15:20:41] Tool `GetTip` failed 3 times with missing parameter(s): title. Correct format:

Usage:
<GetTip>
<title>string</title>
</GetTip>
[15:20:41] ✓ GetTip: Error: Missing required parameter(s): title
Usage:
<GetTip>
<title>string</title>
</GetTip>
[15:20:41] Tool `GetTip` failed 4 times with missing parameter(s): title. Correct format:

Usage:
<GetTip>
<title>string</title>
</GetTip>
[15:20:41] ✓ GetTip: Error: Missing required parameter(s): title
Usage:
<GetTip>
<title>string</title>
</GetTip>
[15:20:41] Tool `GetTip` failed 5 times with missing parameter(s): title. Correct format:

Usage:
<GetTip>
<title>string</title>
</GetTip>
[15:20:41] ✓ GetTip: Error: Missing required parameter(s): title
Usage:
<GetTip>
<title>string</title>
</GetTip>
[15:20:41] Tool `GetTip` failed 6 times with missing parameter(s): title. Correct format:

Usage:
<GetTip>
<title>string</title>
</GetTip>
[15:20:41] ✓ GetTip: Error: Missing required parameter(s): title
Usage:
<GetTip>
<title>string</title>
</GetTip>
[15:20:41] Tool `GetTip` failed 7 times with missing parameter(s): title. Correct format:

Usage:
<GetTip>
<title>string</title>
</GetTip>
[15:20:41] ✓ GetTip: Error: Missing required parameter(s): title
Usage:
<GetTip>
<title>string</title>
</GetTip>
[15:20:41] Tool `GetTip` failed 8 times with missing parameter(s): title. Correct format:

Usage:
<GetTip>
<title>string</title>
</GetTip>
[15:20:41] ✓ GetTip: Error: Missing required parameter(s): title
Usage:
<GetTip>
<title>string</title>
</GetTip>
[15:20:41] Tool `GetTip` failed 9 times with missing parameter(s): title. Correct format:

Usage:
<GetTip>
<title>string</title>
</GetTip>
[15:20:41] ✓ GetTip: Error: Missing required parameter(s): title
Usage:
<GetTip>
<title>string</title>
</GetTip>
[15:20:41] Tool `GetTip` failed 10 times with missing parameter(s): title. Correct format:

Usage:
<GetTip>
<title>string</title>
</GetTip>
[15:20:41] ✓ GetTip: Error: Missing required parameter(s): title
Usage:
<GetTip>
<title>string</title>
</GetTip>
[15:20:41] Tool `GetTip` failed 11 times with missing parameter(s): title. Correct format:

Usage:
<GetTip>
<title>string</title>
</GetTip>
[15:20:41] ✓ GetTip: Error: Missing required parameter(s): title
Usage:
<GetTip>
<title>string</title>
</GetTip>
[15:20:41] Tool `GetTip` failed 12 times with missing parameter(s): title. Correct format:

Usage:
<GetTip>
<title>string</title>
</GetTip>
[15:20:41] ✓ GetTip: Error: Missing required parameter(s): title
Usage:
<GetTip>
<title>string</title>
</GetTip>
[15:20:41] Tool `GetTip` failed 13 times with missing parameter(s): title. Correct format:

Usage:
<GetTip>
<title>string</title>
</GetTip>
[15:20:41] ✓ GetTip: Error: Missing required parameter(s): title
Usage:
<GetTip>
<title>string</title>
</GetTip>
[15:20:41] Tool `GetTip` failed 14 times with missing parameter(s): title. Correct format:

Usage:
<GetTip>
<title>string</title>
</GetTip>
[15:20:41] ✓ GetTip: Error: Missing required parameter(s): title
Usage:
<GetTip>
<title>string</title>
</GetTip>
[15:20:41] Tool `GetTip` failed 15 times with missing parameter(s): title. Correct format:

Usage:
<GetTip>
<title>string</title>
</GetTip>
[15:20:41] ✓ GetTip: Error: Missing required parameter(s): title
Usage:
<GetTip>
<title>string</title>
</GetTip>
[15:20:41] [after +1060] [Context: 4141/131072 (3.2%)]
[15:20:41] WARN: 15 consecutive tool errors, last tool: GetTip
[15:20:41] AI loop: 15 consecutive tool errors — breaking loop
[15:20:41] [iter 3] [Context: 4199/131072 (3.2%)]
[15:20:41] INFO: AI request (iteration 3, msgs=40)
[15:20:43] INFO: AI response: 1693 prompt + 127 response tokens (total: 2062 / 1187)
[15:20:43] [after +127] [Context: 6767/131072 (5.2%)]
[15:20:43] [iter 4] [Context: 6767/131072 (5.2%)]
[15:20:43] INFO: AI request (iteration 4, msgs=45)
[15:20:44] INFO: AI response: 4225 prompt + 85 response tokens (total: 6287 / 1272)
[15:20:44] [after +85] [Context: 6870/131072 (5.2%)]
[15:20:44] [iter 5] [Context: 6870/131072 (5.2%)]
[15:20:44] INFO: AI request (iteration 5, msgs=48)
[15:20:47] INFO: AI response: 4303 prompt + 233 response tokens (total: 10590 / 1505)
[15:20:47] [after +233] [Context: 6974/131072 (5.3%)]
[15:20:47] [iter 6] [Context: 6974/131072 (5.3%)]
[15:20:47] INFO: AI request (iteration 6, msgs=51)
[15:20:48] INFO: AI response: 4385 prompt + 77 response tokens (total: 14975 / 1582)
[15:20:48] [after +77] [Context: 7073/131072 (5.4%)]
[15:20:48] [iter 7] [Context: 7073/131072 (5.4%)]
[15:20:48] INFO: AI request (iteration 7, msgs=54)
[15:20:50] INFO: AI response: 4458 prompt + 81 response tokens (total: 19433 / 1663)
[15:20:50] [after +81] [Context: 7610/131072 (5.8%)]
[15:20:50] [iter 8] [Context: 7610/131072 (5.8%)]
[15:20:50] INFO: AI request (iteration 8, msgs=74)
[15:20:51] INFO: AI response: 4528 prompt + 58 response tokens (total: 23961 / 1721)
[15:20:51] [after +58] [Context: 8868/131072 (6.8%)]
[15:20:51] [iter 9] [Context: 8868/131072 (6.8%)]
[15:20:51] INFO: AI request (iteration 9, msgs=122)
[15:20:53] INFO: AI response: 4594 prompt + 44 response tokens (total: 28555 / 1765)
[15:20:53] [after +44] [Context: 8914/131072 (6.8%)]
[15:20:53] Auto-continue: AI round 1/50 — task 5/10: Ensure /api/v1/admin/plugins endpoints return real plugin da...
[15:20:53] [Context: 8975/131072 (6.8%)]
[15:20:53] [iter 1] [Context: 8975/131072 (6.8%)]
[15:20:53] INFO: AI request (iteration 1, msgs=124)
[15:20:56] INFO: AI response: 4646 prompt + 213 response tokens (total: 33201 / 1978)
[15:20:56] [after +213] [Context: 11399/131072 (8.7%)]
[15:20:56] [iter 2] [Context: 11399/131072 (8.7%)]
[15:20:56] INFO: AI request (iteration 2, msgs=127)
[15:20:58] INFO: AI response: 7837 prompt + 145 response tokens (total: 41038 / 2123)
[15:20:58] [after +145] [Context: 26051/131072 (19.9%)]
[15:20:58] [iter 3] [Context: 26051/131072 (19.9%)]
[15:20:58] INFO: AI request (iteration 3, msgs=131)
[15:21:01] INFO: AI response: 20146 prompt + 66 response tokens (total: 61184 / 2189)
[15:21:01] [after +66] [Context: 26123/131072 (19.9%)]
[15:21:01] Auto-continue: AI round 2/50 — task 5/10: Ensure /api/v1/admin/plugins endpoints return real plugin da...
[15:21:01] [Context: 26184/131072 (20.0%)]
[15:21:01] [iter 1] [Context: 26184/131072 (20.0%)]
[15:21:01] INFO: AI request (iteration 1, msgs=133)
[15:21:03] INFO: AI response: 20199 prompt + 67 response tokens (total: 81383 / 2256)
[15:21:03] [after +67] [Context: 29312/131072 (22.4%)]
[15:21:03] [iter 2] [Context: 29312/131072 (22.4%)]
[15:21:03] INFO: AI request (iteration 2, msgs=136)
[15:21:08] INFO: AI response: 22819 prompt + 264 response tokens (total: 104202 / 2520)
[15:21:08] [after +264] [Context: 29728/131072 (22.7%)]
[15:21:08] [iter 3] [Context: 29728/131072 (22.7%)]
[15:21:08] INFO: AI request (iteration 3, msgs=140)
[15:21:10] INFO: AI response: 23319 prompt + 84 response tokens (total: 127521 / 2604)
[15:21:10] [after +84] [Context: 31115/131072 (23.7%)]
[15:21:10] [iter 4] [Context: 31115/131072 (23.7%)]
[15:21:10] INFO: AI request (iteration 4, msgs=144)
[15:21:14] INFO: AI response: 24490 prompt + 165 response tokens (total: 152011 / 2769)
[15:21:14] ✓ ReadFile: Error: File `plugin_registry.json` not found (checked workin/ and CWD)
[15:21:14] ✓ Grep: Error: Missing required parameter(s): pattern
Usage:
<Grep>
<pattern>string</pattern>
<fileName>string</fileName>
<recursive>boolean</recursive>
</Grep>
[15:21:14] [after +165] [Context: 31276/131072 (23.9%)]
[15:21:14] [iter 5] [Context: 31276/131072 (23.9%)]
[15:21:14] INFO: AI request (iteration 5, msgs=147)
[15:21:15] INFO: AI response: 24654 prompt + 27 response tokens (total: 176665 / 2796)
[15:21:15] [after +27] [Context: 31309/131072 (23.9%)]
[15:21:15] Auto-continue: AI round 3/50 — task 5/10: Ensure /api/v1/admin/plugins endpoints return real plugin da...
[15:21:15] [Context: 31370/131072 (23.9%)]
[15:21:15] [iter 1] [Context: 31370/131072 (23.9%)]
[15:21:15] INFO: AI request (iteration 1, msgs=149)
[15:21:17] INFO: AI response: 24707 prompt + 61 response tokens (total: 201372 / 2857)
[15:21:17] ✓ Find: Error: Missing required parameter(s): pattern
Usage:
<Find>
<pattern>string</pattern>
<path>string</path>
</Find>
[15:21:17] [after +61] [Context: 31436/131072 (24.0%)]
[15:21:17] [iter 2] [Context: 31436/131072 (24.0%)]
[15:21:17] INFO: AI request (iteration 2, msgs=151)
[15:21:21] INFO: AI response: 24777 prompt + 41 response tokens (total: 226149 / 2898)
[15:21:21] [after +41] [Context: 31486/131072 (24.0%)]
[15:21:21] [iter 3] [Context: 31486/131072 (24.0%)]
[15:21:21] INFO: AI request (iteration 3, msgs=153)
[15:21:23] INFO: AI response: 24828 prompt + 32 response tokens (total: 250977 / 2930)
[15:21:23] [after +32] [Context: 31529/131072 (24.1%)]
[15:21:23] [iter 4] [Context: 31529/131072 (24.1%)]
[15:21:23] INFO: AI request (iteration 4, msgs=155)
[15:21:25] INFO: AI response: 24873 prompt + 38 response tokens (total: 275850 / 2968)
[15:21:25] [after +38] [Context: 31789/131072 (24.3%)]
[15:21:25] [iter 5] [Context: 31850/131072 (24.3%)]
[15:21:25] INFO: AI request (iteration 5, msgs=158)
[15:21:27] INFO: AI response: 25240 prompt + 57 response tokens (total: 301090 / 3025)
[15:21:27] [after +57] [Context: 32278/131072 (24.6%)]
[15:21:27] [iter 6] [Context: 32278/131072 (24.6%)]
[15:21:27] INFO: AI request (iteration 6, msgs=160)
[15:21:30] INFO: AI response: 25681 prompt + 285 response tokens (total: 326771 / 3310)
[15:21:30] [after +285] [Context: 36561/131072 (27.9%)]
[15:21:30] [iter 7] [Context: 36561/131072 (27.9%)]
[15:21:30] INFO: AI request (iteration 7, msgs=163)
[15:21:46] INFO: AI response: 29491 prompt + 1504 response tokens (total: 356262 / 4814)
[15:21:46] [after +1504] [Context: 40544/131072 (30.9%)]
[15:21:46] [iter 8] [Context: 40544/131072 (30.9%)]
[15:21:46] INFO: AI request (iteration 8, msgs=165)
[15:21:55] INFO: AI response: 32598 prompt + 1258 response tokens (total: 388860 / 6072)
[15:21:55] [after +1258] [Context: 44469/131072 (33.9%)]
[15:21:55] [iter 9] [Context: 44469/131072 (33.9%)]
[15:21:55] INFO: AI request (iteration 9, msgs=167)
[15:22:04] ReplaceLine>⚠ Model repeated itself — auto-cancelled
[15:22:04] [after +1258] [Context: 44469/131072 (33.9%)]
[15:22:04] Auto-continue: task 5/10 — Ensure /api/v1/admin/plugins endpoints return real plugin da...
[15:22:04] [iter 10] [Context: 44531/131072 (34.0%)]
[15:22:04] INFO: AI request (iteration 10, msgs=168)
[15:22:12] ReplaceLine>⚠ Model repeated itself — auto-cancelled
[15:22:12] [after +1258] [Context: 44531/131072 (34.0%)]
[15:22:12] Auto-continue: AI round 4/50 — task 5/10: Ensure /api/v1/admin/plugins endpoints return real plugin da...
[15:22:12] [Context: 44592/131072 (34.0%)]
[15:22:12] [iter 1] [Context: 44592/131072 (34.0%)]
[15:22:12] INFO: AI request (iteration 1, msgs=169)
[15:22:29] ReplaceLine>⚠ Model repeated itself — auto-cancelled
[15:22:29] [after +1258] [Context: 44592/131072 (34.0%)]
[15:22:29] Auto-continue: AI round 5/50 — task 5/10: Ensure /api/v1/admin/plugins endpoints return real plugin da...
[15:22:29] [Context: 44653/131072 (34.1%)]
[15:22:29] [iter 1] [Context: 44653/131072 (34.1%)]
[15:22:29] INFO: AI request (iteration 1, msgs=170)
[15:22:42] ReplaceLine>⚠ Model repeated itself — auto-cancelled
[15:22:42] [after +1258] [Context: 44653/131072 (34.1%)]
[15:22:42] Auto-continue: AI round 6/50 — task 5/10: Ensure /api/v1/admin/plugins endpoints return real plugin da...
[15:22:42] [Context: 44714/131072 (34.1%)]
[15:22:42] [iter 1] [Context: 44714/131072 (34.1%)]
[15:22:42] INFO: AI request (iteration 1, msgs=171)
[15:22:55] ReplaceLine>⚠ Model repeated itself — auto-cancelled
[15:22:55] [after +1258] [Context: 44714/131072 (34.1%)]
[15:22:55] Auto-continue: AI round 7/50 — task 5/10: Ensure /api/v1/admin/plugins endpoints return real plugin da...
[15:22:55] [Context: 44775/131072 (34.2%)]
[15:22:55] [iter 1] [Context: 44775/131072 (34.2%)]
[15:22:55] INFO: AI request (iteration 1, msgs=172)
[15:23:22] ReplaceLine>⚠ Model repeated itself — auto-cancelled
[15:23:22] [after +1258] [Context: 44775/131072 (34.2%)]
[15:23:22] Auto-continue: AI round 8/50 — task 5/10: Ensure /api/v1/admin/plugins endpoints return real plugin da...
[15:23:22] [Context: 44836/131072 (34.2%)]
[15:23:22] [iter 1] [Context: 44836/131072 (34.2%)]
[15:23:22] INFO: AI request (iteration 1, msgs=173)
[15:23:33] ReplaceLine>⚠ Model repeated itself — auto-cancelled
[15:23:33] [after +1258] [Context: 44836/131072 (34.2%)]
[15:23:33] Auto-continue: AI round 9/50 — task 5/10: Ensure /api/v1/admin/plugins endpoints return real plugin da...
[15:23:33] [Context: 44897/131072 (34.3%)]
[15:23:33] [iter 1] [Context: 44897/131072 (34.3%)]
[15:23:33] INFO: AI request (iteration 1, msgs=174)
[15:23:47] ReplaceLine>⚠ Model repeated itself — auto-cancelled
[15:23:47] [after +1258] [Context: 44897/131072 (34.3%)]
[15:23:47] Auto-continue: AI round 10/50 — task 5/10: Ensure /api/v1/admin/plugins endpoints return real plugin da...
[15:23:47] [Context: 44958/131072 (34.3%)]
[15:23:47] [iter 1] [Context: 44958/131072 (34.3%)]
[15:23:47] INFO: AI request (iteration 1, msgs=175)
[15:24:02] ReplaceLine>⚠ Model repeated itself — auto-cancelled
[15:24:02] [after +1258] [Context: 44958/131072 (34.3%)]
[15:24:02] Auto-continue: AI round 11/50 — task 5/10: Ensure /api/v1/admin/plugins endpoints return real plugin da...
[15:24:02] [Context: 45019/131072 (34.3%)]
[15:24:02] [iter 1] [Context: 45019/131072 (34.3%)]
[15:24:02] INFO: AI request (iteration 1, msgs=176)
[15:24:23] Line>⚠ Model repeated itself — auto-cancelled
[15:24:23] [after +1258] [Context: 45019/131072 (34.3%)]
[15:24:23] Auto-continue: AI round 12/50 — task 5/10: Ensure /api/v1/admin/plugins endpoints return real plugin da...
[15:24:23] [Context: 45080/131072 (34.4%)]
[15:24:23] [iter 1] [Context: 45080/131072 (34.4%)]
[15:24:23] INFO: AI request (iteration 1, msgs=177)
[15:24:33] INFO: AI response: 36127 prompt + 1322 response tokens (total: 424987 / 7394)
[15:24:33] [after +1322] [Context: 46824/131072 (35.7%)]
[15:24:33] [iter 2] [Context: 46824/131072 (35.7%)]
[15:24:33] INFO: AI request (iteration 2, msgs=179)
[15:24:35] INFO: AI response: 37482 prompt + 72 response tokens (total: 462469 / 7466)
[15:24:35] [after +72] [Context: 50561/131072 (38.6%)]
[15:24:35] [iter 3] [Context: 50561/131072 (38.6%)]
[15:24:35] INFO: AI request (iteration 3, msgs=181)
[15:24:39] INFO: AI response: 40341 prompt + 310 response tokens (total: 502810 / 7776)
[15:24:39] [after +310] [Context: 51234/131072 (39.1%)]
[15:24:39] [iter 4] [Context: 51234/131072 (39.1%)]
[15:24:39] INFO: AI request (iteration 4, msgs=183)
[15:24:41] INFO: AI response: 40934 prompt + 236 response tokens (total: 543744 / 8012)
[15:24:41] [after +236] [Context: 51867/131072 (39.6%)]
[15:24:41] [iter 5] [Context: 51867/131072 (39.6%)]
[15:24:41] INFO: AI request (iteration 5, msgs=185)
[15:24:43] INFO: AI response: 41488 prompt + 73 response tokens (total: 585232 / 8085)
[15:24:43] [after +73] [Context: 51957/131072 (39.6%)]
[15:24:43] [iter 6] [Context: 51957/131072 (39.6%)]
[15:24:43] INFO: AI request (iteration 6, msgs=187)
[15:24:46] INFO: AI response: 41585 prompt + 49 response tokens (total: 626817 / 8134)
[15:24:46] [after +49] [Context: 52781/131072 (40.3%)]
[15:24:46] [iter 7] [Context: 52781/131072 (40.3%)]
[15:24:46] INFO: AI request (iteration 7, msgs=189)
[15:24:51] INFO: AI response: 42278 prompt + 58 response tokens (total: 669095 / 8192)
[15:24:51] [after +58] [Context: 55801/131072 (42.6%)]
[15:24:51] [iter 8] [Context: 55801/131072 (42.6%)]
[15:24:51] INFO: AI request (iteration 8, msgs=191)
[15:25:09] INFO: AI response: 44582 prompt + 2973 response tokens (total: 713677 / 11165)
[15:25:09] [after +2973] [Context: 59669/131072 (45.5%)]
[15:25:09] [iter 9] [Context: 59669/131072 (45.5%)]
[15:25:09] INFO: AI request (iteration 9, msgs=193)
[15:25:11] INFO: AI response: 47544 prompt + 104 response tokens (total: 761221 / 11269)
[15:25:11] [after +104] [Context: 59777/131072 (45.6%)]
[15:25:11] Auto-continue: AI round 13/50 — task 5/10: Ensure /api/v1/admin/plugins endpoints return real plugin da...
[15:25:11] [Context: 59838/131072 (45.7%)]
[15:25:11] [iter 1] [Context: 59838/131072 (45.7%)]
[15:25:11] INFO: AI request (iteration 1, msgs=195)
[15:25:16] INFO: AI response: 47597 prompt + 211 response tokens (total: 808818 / 11480)
[15:25:16] ✓ Terminal: Error: Missing required parameter(s): arg1
Usage:
<Terminal>
<arg1>string</arg1>
<arg2>string</arg2>
<arg3>string</arg3>
<arg4>string</arg4>
<arg5>string</arg5>
<timeout>string</timeout>
</Terminal>
[15:25:16] [after +211] [Context: 61547/131072 (47.0%)]
[15:25:16] [iter 2] [Context: 61547/131072 (47.0%)]
[15:25:16] INFO: AI request (iteration 2, msgs=198)
[15:25:18] INFO: AI response: 48960 prompt + 107 response tokens (total: 857778 / 11587)
[15:25:18] ✓ Terminal: Error: Arguments embedded in <arg1> — each argument needs its own <argN> tag.
Use separate tags:
  <arg1>cd</arg1>
  <arg2>/home/user/KosCMS</arg2>
  <arg3>&&</arg3>
  <arg4>python3</arg4>
  <arg5>-c</arg5>
  <arg6>"from</arg6>
  <arg7>webcms.plugins.marketplace</arg7>
  <arg8>import</arg8>
  <arg9>get_registry;</arg9>
  <arg10>r</arg10>
  <arg11>=</arg11>
  <arg12>get_registry();</arg12>
  <arg13>plugins</arg13>
  <arg14>=</arg14>
  <arg15>r.list_available();</arg15>
  <arg16>print(f'Found</arg... (truncated, 1196 chars total)
[15:25:18] [after +107] [Context: 61940/131072 (47.3%)]
[15:25:18] [iter 3] [Context: 61940/131072 (47.3%)]
[15:25:18] INFO: AI request (iteration 3, msgs=200)
[15:25:21] INFO: AI response: 49505 prompt + 286 response tokens (total: 907283 / 11873)
[15:25:21] [after +286] [Context: 62236/131072 (47.5%)]
[15:25:21] [iter 4] [Context: 62236/131072 (47.5%)]
[15:25:21] INFO: AI request (iteration 4, msgs=202)
[15:25:23] INFO: AI response: 49804 prompt + 93 response tokens (total: 957087 / 11966)
[15:25:23] [after +93] [Context: 62375/131072 (47.6%)]
[15:25:23] [iter 5] [Context: 62375/131072 (47.6%)]
[15:25:23] INFO: AI request (iteration 5, msgs=204)
[15:25:27] INFO: AI response: 49958 prompt + 460 response tokens (total: 1007045 / 12426)
[15:25:27] [after +460] [Context: 62807/131072 (47.9%)]
[15:25:27] [iter 6] [Context: 62807/131072 (47.9%)]
[15:25:27] INFO: AI request (iteration 6, msgs=206)
[15:25:28] INFO: AI response: 50384 prompt + 29 response tokens (total: 1057429 / 12455)
[15:25:28] [after +29] [Context: 62833/131072 (47.9%)]
[15:25:28] [iter 7] [Context: 62894/131072 (48.0%)]
[15:25:28] INFO: AI request (iteration 7, msgs=208)
[15:25:30] INFO: AI response: 50448 prompt + 73 response tokens (total: 1107877 / 12528)
[15:25:31] [after +73] [Context: 63138/131072 (48.2%)]
[15:25:31] [iter 8] [Context: 63138/131072 (48.2%)]
[15:25:31] INFO: AI request (iteration 8, msgs=210)
[15:25:35] INFO: AI response: 50750 prompt + 495 response tokens (total: 1158627 / 13023)
[15:25:35] [after +495] [Context: 63654/131072 (48.6%)]
[15:25:35] [iter 9] [Context: 63654/131072 (48.6%)]
[15:25:35] INFO: AI request (iteration 9, msgs=212)
[15:25:37] INFO: AI response: 51258 prompt + 49 response tokens (total: 1209885 / 13072)
[15:25:37] [after +49] [Context: 63745/131072 (48.6%)]
[15:25:37] [iter 10] [Context: 63745/131072 (48.6%)]
[15:25:37] INFO: AI request (iteration 10, msgs=214)
[15:25:39] INFO: AI response: 51362 prompt + 67 response tokens (total: 1261247 / 13139)
[15:25:39] [after +67] [Context: 63818/131072 (48.7%)]
[15:25:39] Auto-continue: AI round 14/50 — task 5/10: Ensure /api/v1/admin/plugins endpoints return real plugin da...
[15:25:39] [Context: 63879/131072 (48.7%)]
[15:25:39] [iter 1] [Context: 63879/131072 (48.7%)]
[15:25:39] INFO: AI request (iteration 1, msgs=216)
[15:25:41] INFO: AI response: 51415 prompt + 83 response tokens (total: 1312662 / 13222)
[15:25:41] [after +83] [Context: 68353/131072 (52.1%)]
[15:25:41] [iter 2] [Context: 68353/131072 (52.1%)]
[15:25:41] INFO: AI request (iteration 2, msgs=218)
[15:25:43] INFO: AI response: 55045 prompt + 86 response tokens (total: 1367707 / 13308)
[15:25:43] [after +86] [Context: 69699/131072 (53.2%)]
[15:25:43] [iter 3] [Context: 69699/131072 (53.2%)]
[15:25:43] INFO: AI request (iteration 3, msgs=220)
[15:25:45] INFO: AI response: 56250 prompt + 48 response tokens (total: 1423957 / 13356)
[15:25:45] [after +48] [Context: 72274/131072 (55.1%)]
[15:25:45] [iter 4] [Context: 72274/131072 (55.1%)]
[15:25:45] INFO: AI request (iteration 4, msgs=222)
[15:25:48] INFO: AI response: 58574 prompt + 52 response tokens (total: 1482531 / 13408)
[15:25:48] [after +52] [Context: 72326/131072 (55.2%)]
[15:25:48] [iter 5] [Context: 72326/131072 (55.2%)]
[15:25:48] INFO: AI request (iteration 5, msgs=224)
[15:25:50] INFO: AI response: 58626 prompt + 43 response tokens (total: 1541157 / 13451)
[15:25:50] [after +43] [Context: 72373/131072 (55.2%)]
[15:25:50] [iter 6] [Context: 72373/131072 (55.2%)]
[15:25:50] INFO: AI request (iteration 6, msgs=226)
[15:25:52] INFO: AI response: 58673 prompt + 54 response tokens (total: 1599830 / 13505)
[15:25:52] [after +54] [Context: 77456/131072 (59.1%)]
[15:25:52] [iter 7] [Context: 77456/131072 (59.1%)]
[15:25:52] INFO: AI request (iteration 7, msgs=228)
[15:25:54] INFO: AI response: 63133 prompt + 49 response tokens (total: 1662963 / 13554)
[15:25:54] [after +49] [Context: 77502/131072 (59.1%)]
[15:25:54] [iter 8] [Context: 77502/131072 (59.1%)]
[15:25:54] INFO: AI request (iteration 8, msgs=230)
[15:25:57] INFO: AI response: 63179 prompt + 78 response tokens (total: 1726142 / 13632)
[15:25:57] [after +78] [Context: 95978/131072 (73.2%)]
[15:25:57] [iter 9] [Context: 95978/131072 (73.2%)]
[15:25:57] INFO: AI request (iteration 9, msgs=232)
[15:26:02] INFO: AI response: 78780 prompt + 251 response tokens (total: 1804922 / 13883)
[15:26:02] [after +251] [Context: 96188/131072 (73.4%)]
[15:26:02] [iter 10] [Context: 96188/131072 (73.4%)]
[15:26:02] INFO: AI request (iteration 10, msgs=234)
[15:26:09] INFO: AI response: 79002 prompt + 608 response tokens (total: 1883924 / 14491)
[15:26:09] [after +608] [Context: 96755/131072 (73.8%)]
[15:26:09] Auto-continue: AI round 15/50 — task 5/10: Ensure /api/v1/admin/plugins endpoints return real plugin da...
[15:26:09] [Context: 96816/131072 (73.9%)]
[15:26:09] [iter 1] [Context: 96816/131072 (73.9%)]
[15:26:09] INFO: AI request (iteration 1, msgs=237)
[15:26:15] INFO: AI response: 79645 prompt + 57 response tokens (total: 1963569 / 14548)
[15:26:16] [after +57] [Context: 97063/131072 (74.1%)]
[15:26:16] [iter 2] [Context: 97063/131072 (74.1%)]
[15:26:16] INFO: AI request (iteration 2, msgs=239)
[15:26:23] INFO: AI response: 79949 prompt + 672 response tokens (total: 2043518 / 15220)
[15:26:23] [after +672] [Context: 97780/131072 (74.6%)]
[15:26:23] [iter 3] [Context: 97780/131072 (74.6%)]
[15:26:23] INFO: AI request (iteration 3, msgs=241)
[15:26:25] INFO: AI response: 80633 prompt + 53 response tokens (total: 2124151 / 15273)
[15:26:25] [after +53] [Context: 98151/131072 (74.9%)]
[15:26:25] [iter 4] [Context: 98151/131072 (74.9%)]
[15:26:25] INFO: AI request (iteration 4, msgs=243)
[15:26:31] INFO: AI response: 80923 prompt + 346 response tokens (total: 2205074 / 15619)
[15:26:31] [after +346] [Context: 98295/131072 (75.0%)]
[15:26:31] [iter 5] [Context: 98295/131072 (75.0%)]
[15:26:31] INFO: AI request (iteration 5, msgs=245)
[15:26:33] INFO: AI response: 81064 prompt + 102 response tokens (total: 2286138 / 15721)
[15:26:33] [after +102] [Context: 98546/131072 (75.2%)]
[15:26:33] [iter 6] [Context: 98546/131072 (75.2%)]
[15:26:33] INFO: AI request (iteration 6, msgs=247)
[15:26:36] ReplaceLine>⚠ Model repeated itself — auto-cancelled
[15:26:36] [after +102] [Context: 98546/131072 (75.2%)]
[15:26:36] [iter 7] [Context: 98607/131072 (75.2%)]
[15:26:36] INFO: AI request (iteration 7, msgs=248)
[15:26:40] INFO: AI response: 81352 prompt + 282 response tokens (total: 2367490 / 16003)
[15:26:40] [after +282] [Context: 98858/131072 (75.4%)]
[15:26:40] [iter 8] [Context: 98858/131072 (75.4%)]
[15:26:40] INFO: AI request (iteration 8, msgs=250)
[15:26:43] Line>⚠ Model repeated itself — auto-cancelled
[15:26:43] [after +282] [Context: 98858/131072 (75.4%)]
[15:26:43] Auto-continue: task 5/10 — Ensure /api/v1/admin/plugins endpoints return real plugin da...
[15:26:43] [iter 9] [Context: 98920/131072 (75.5%)]
[15:26:43] INFO: AI request (iteration 9, msgs=251)
[15:26:46] INFO: AI response: 81631 prompt + 220 response tokens (total: 2449121 / 16223)
[15:26:46] [after +220] [Context: 99188/131072 (75.7%)]
[15:26:46] [iter 10] [Context: 99188/131072 (75.7%)]
[15:26:46] INFO: AI request (iteration 10, msgs=253)
[15:26:49] INFO: AI response: 81877 prompt + 62 response tokens (total: 2530998 / 16285)
[15:26:49] [after +62] [Context: 99674/131072 (76.0%)]
[15:26:49] Auto-continue: AI round 16/50 — task 5/10: Ensure /api/v1/admin/plugins endpoints return real plugin da...
[15:26:49] [Context: 99735/131072 (76.1%)]
[15:26:49] [iter 1] [Context: 99735/131072 (76.1%)]
[15:26:49] INFO: AI request (iteration 1, msgs=256)
[15:26:53] INFO: AI response: 82341 prompt + 542 response tokens (total: 2613339 / 16827)
[15:26:53] [after +542] [Context: 100358/131072 (76.6%)]
[15:26:53] [iter 2] [Context: 100358/131072 (76.6%)]
[15:26:53] INFO: AI request (iteration 2, msgs=258)
[15:26:55] INFO: AI response: 82884 prompt + 40 response tokens (total: 2696223 / 16867)
[15:26:56] [after +40] [Context: 100516/131072 (76.7%)]
[15:26:56] [iter 3] [Context: 100516/131072 (76.7%)]
[15:26:56] INFO: AI request (iteration 3, msgs=260)
[15:27:00] INFO: AI response: 83030 prompt + 581 response tokens (total: 2779253 / 17448)
[15:27:00] [after +581] [Context: 101084/131072 (77.1%)]
[15:27:00] [iter 4] [Context: 101084/131072 (77.1%)]
[15:27:00] INFO: AI request (iteration 4, msgs=262)
[15:27:02] INFO: AI response: 83619 prompt + 61 response tokens (total: 2862872 / 17509)
[15:27:03] [after +61] [Context: 101442/131072 (77.4%)]
[15:27:03] [iter 5] [Context: 101442/131072 (77.4%)]
[15:27:03] INFO: AI request (iteration 5, msgs=264)
[15:27:10] INFO: AI response: 83901 prompt + 801 response tokens (total: 2946773 / 18310)
[15:27:10] [after +801] [Context: 102078/131072 (77.9%)]
[15:27:10] [iter 6] [Context: 102078/131072 (77.9%)]
[15:27:10] INFO: AI request (iteration 6, msgs=267)
[15:27:12] INFO: AI response: 84517 prompt + 29 response tokens (total: 3031290 / 18339)
[15:27:12] [after +29] [Context: 102226/131072 (78.0%)]
[15:27:12] [iter 7] [Context: 102226/131072 (78.0%)]
[15:27:12] INFO: AI request (iteration 7, msgs=270)
[15:27:15] INFO: AI response: 84642 prompt + 116 response tokens (total: 3115932 / 18455)
[15:27:15] [after +116] [Context: 104719/131072 (79.9%)]
[15:27:15] [iter 8] [Context: 104719/131072 (79.9%)]
[15:27:15] INFO: AI request (iteration 8, msgs=273)
[15:27:18] INFO: AI response: 86681 prompt + 49 response tokens (total: 3202613 / 18504)
[15:27:18] [after +49] [Context: 117290/131072 (89.5%)]
[15:27:22] [iter 9] [Context: 8474/131072 (6.5%)]
[15:27:22] INFO: AI request (iteration 9, msgs=97)
[15:27:23] INFO: AI response: 3599 prompt + 68 response tokens (total: 3206212 / 18572)
[15:27:23] [after +68] [Context: 8582/131072 (6.5%)]
[15:27:23] [iter 10] [Context: 8582/131072 (6.5%)]
[15:27:23] INFO: AI request (iteration 10, msgs=99)
[15:27:24] INFO: AI response: 3710 prompt + 67 response tokens (total: 3209922 / 18639)
[15:27:24] [after +67] [Context: 8643/131072 (6.6%)]
[15:27:24] Auto-continue: AI round 17/50 — task 6/10: Ensure /api/v1/admin/templates and /api/v1/admin/themes endp...
[15:27:24] [Context: 8711/131072 (6.6%)]
[15:27:24] [iter 1] [Context: 8711/131072 (6.6%)]
[15:27:24] INFO: AI request (iteration 1, msgs=102)
[15:27:26] INFO: AI response: 3830 prompt + 106 response tokens (total: 3213752 / 18745)
[15:27:26] [after +106] [Context: 9284/131072 (7.1%)]
[15:27:26] [iter 2] [Context: 9284/131072 (7.1%)]
[15:27:26] INFO: AI request (iteration 2, msgs=104)
[15:27:27] INFO: AI response: 4391 prompt + 54 response tokens (total: 3218143 / 18799)
[15:27:27] [after +54] [Context: 16866/131072 (12.9%)]
[15:27:27] [iter 3] [Context: 16866/131072 (12.9%)]
[15:27:27] INFO: AI request (iteration 3, msgs=106)
[15:27:29] INFO: AI response: 10876 prompt + 54 response tokens (total: 3229019 / 18853)
[15:27:29] [after +54] [Context: 29437/131072 (22.5%)]
[15:27:29] [iter 4] [Context: 29437/131072 (22.5%)]
[15:27:29] INFO: AI request (iteration 4, msgs=108)
[15:27:34] INFO: AI response: 21535 prompt + 67 response tokens (total: 3250554 / 18920)
[15:27:34] [after +67] [Context: 30790/131072 (23.5%)]
[15:27:34] [iter 5] [Context: 30790/131072 (23.5%)]
[15:27:34] INFO: AI request (iteration 5, msgs=110)
[15:27:36] INFO: AI response: 22638 prompt + 57 response tokens (total: 3273192 / 18977)
[15:27:36] [after +57] [Context: 31929/131072 (24.4%)]
[15:27:36] [iter 6] [Context: 31929/131072 (24.4%)]
[15:27:36] INFO: AI request (iteration 6, msgs=112)
[15:27:38] INFO: AI response: 23570 prompt + 61 response tokens (total: 3296762 / 19038)
[15:27:38] [after +61] [Context: 31988/131072 (24.4%)]
[15:27:38] [iter 7] [Context: 31988/131072 (24.4%)]
[15:27:38] INFO: AI request (iteration 7, msgs=114)
[15:28:02] INFO: AI response: 23639 prompt + 2694 response tokens (total: 3320401 / 21732)
[15:28:02] [after +2694] [Context: 35310/131072 (26.9%)]
[15:28:02] [iter 8] [Context: 35310/131072 (26.9%)]
[15:28:02] INFO: AI request (iteration 8, msgs=116)
[15:28:20] INFO: AI response: 26287 prompt + 2653 response tokens (total: 3346688 / 24385)
[15:28:20] [after +2653] [Context: 38582/131072 (29.4%)]
[15:28:20] [iter 9] [Context: 38582/131072 (29.4%)]
[15:28:20] INFO: AI request (iteration 9, msgs=118)
[15:28:22] INFO: AI response: 28946 prompt + 50 response tokens (total: 3375634 / 24435)
[15:28:22] [after +50] [Context: 41157/131072 (31.4%)]
[15:28:22] [iter 10] [Context: 41157/131072 (31.4%)]
[15:28:22] INFO: AI request (iteration 10, msgs=120)
[15:28:23] INFO: AI response: 31270 prompt + 70 response tokens (total: 3406904 / 24505)
[15:28:23] [after +70] [Context: 53728/131072 (41.0%)]
[15:28:23] Auto-continue: AI round 18/50 — task 6/10: Ensure /api/v1/admin/templates and /api/v1/admin/themes endp...
[15:28:23] [Context: 53796/131072 (41.0%)]
[15:28:23] [iter 1] [Context: 53796/131072 (41.0%)]
[15:28:23] INFO: AI request (iteration 1, msgs=123)
[15:28:33] INFO: AI response: 41984 prompt + 1519 response tokens (total: 3448888 / 26024)
[15:28:33] ✓ ReplaceLine: Error: Missing required parameter(s): replacement
Usage:
<ReplaceLine>
<fileName>string</fileName>
<fromLine>number</fromLine>
<toLine>number</toLine>
<replacement>string</replacement>
<confirmed>string</confirmed>
</ReplaceLine>
[15:28:33] [after +1519] [Context: 55557/131072 (42.4%)]
[15:28:33] [iter 2] [Context: 55557/131072 (42.4%)]
[15:28:33] INFO: AI request (iteration 2, msgs=125)
[15:28:39] INFO: AI response: 43480 prompt + 811 response tokens (total: 3492368 / 26835)
[15:28:39] ✓ ReplaceLine: Error: fromLine must be a number.
[15:28:39] [after +811] [Context: 56513/131072 (43.1%)]
[15:28:39] [iter 3] [Context: 56513/131072 (43.1%)]
[15:28:39] INFO: AI request (iteration 3, msgs=127)
[15:28:41] INFO: AI response: 44292 prompt + 78 response tokens (total: 3536660 / 26913)
[15:28:41] [after +78] [Context: 56598/131072 (43.2%)]
[15:28:41] [iter 4] [Context: 56598/131072 (43.2%)]
[15:28:41] INFO: AI request (iteration 4, msgs=129)
[15:28:43] INFO: AI response: 44405 prompt + 69 response tokens (total: 3581065 / 26982)
[15:28:43] [after +69] [Context: 56681/131072 (43.2%)]
[15:28:43] [iter 5] [Context: 56681/131072 (43.2%)]
[15:28:43] INFO: AI request (iteration 5, msgs=131)
[15:28:44] INFO: AI response: 44516 prompt + 32 response tokens (total: 3625581 / 27014)
[15:28:44] [after +32] [Context: 56728/131072 (43.3%)]
[15:28:44] [iter 6] [Context: 56728/131072 (43.3%)]
[15:28:44] INFO: AI request (iteration 6, msgs=133)
[15:28:47] INFO: AI response: 44582 prompt + 42 response tokens (total: 3670163 / 27056)
[15:28:47] [after +42] [Context: 58103/131072 (44.3%)]
[15:28:47] [iter 7] [Context: 58164/131072 (44.4%)]
[15:28:47] INFO: AI request (iteration 7, msgs=136)
[15:28:49] INFO: AI response: 47398 prompt + 89 response tokens (total: 3717561 / 27145)
[15:28:49] [after +89] [Context: 58237/131072 (44.4%)]
[15:28:49] [iter 8] [Context: 58237/131072 (44.4%)]
[15:28:49] INFO: AI request (iteration 8, msgs=138)
[15:28:51] INFO: AI response: 47490 prompt + 70 response tokens (total: 3765051 / 27215)
[15:28:51] [after +70] [Context: 58315/131072 (44.5%)]
[15:28:51] [iter 9] [Context: 58315/131072 (44.5%)]
[15:28:51] INFO: AI request (iteration 9, msgs=140)
[15:28:53] INFO: AI response: 47591 prompt + 58 response tokens (total: 3812642 / 27273)
[15:28:53] [after +58] [Context: 59642/131072 (45.5%)]
[15:28:53] [iter 10] [Context: 59642/131072 (45.5%)]
[15:28:53] INFO: AI request (iteration 10, msgs=142)
[15:28:55] INFO: AI response: 48778 prompt + 74 response tokens (total: 3861420 / 27347)
[15:28:55] [after +74] [Context: 60311/131072 (46.0%)]
[15:28:55] Auto-continue: AI round 19/50 — task 6/10: Ensure /api/v1/admin/templates and /api/v1/admin/themes endp...
[15:28:55] [Context: 60379/131072 (46.1%)]
[15:28:55] [iter 1] [Context: 60379/131072 (46.1%)]
[15:28:55] INFO: AI request (iteration 1, msgs=145)
[15:29:04] INFO: AI response: 49420 prompt + 1603 response tokens (total: 3910840 / 28950)
[15:29:04] [after +1603] [Context: 62254/131072 (47.5%)]
[15:29:04] [iter 2] [Context: 62254/131072 (47.5%)]
[15:29:04] INFO: AI request (iteration 2, msgs=147)
[15:29:06] INFO: AI response: 51017 prompt + 29 response tokens (total: 3961857 / 28979)
[15:29:06] [after +29] [Context: 62280/131072 (47.5%)]
[15:29:06] Auto-continue: AI round 20/50 — task 6/10: Ensure /api/v1/admin/templates and /api/v1/admin/themes endp...
[15:29:06] [Context: 62348/131072 (47.6%)]
[15:29:06] [iter 1] [Context: 62348/131072 (47.6%)]
[15:29:06] INFO: AI request (iteration 1, msgs=149)
[15:29:08] INFO: AI response: 51078 prompt + 54 response tokens (total: 4012935 / 29033)
[15:29:08] [after +54] [Context: 62402/131072 (47.6%)]
[15:29:08] [iter 2] [Context: 62402/131072 (47.6%)]
[15:29:08] INFO: AI request (iteration 2, msgs=151)
[15:29:10] INFO: AI response: 51147 prompt + 72 response tokens (total: 4064082 / 29105)
[15:29:10] [after +72] [Context: 63319/131072 (48.3%)]
[15:29:10] [iter 3] [Context: 63319/131072 (48.3%)]
[15:29:10] INFO: AI request (iteration 3, msgs=153)
[15:29:13] INFO: AI response: 51940 prompt + 69 response tokens (total: 4116022 / 29174)
[15:29:13] [after +69] [Context: 63619/131072 (48.5%)]
[15:29:13] [iter 4] [Context: 63619/131072 (48.5%)]
[15:29:13] INFO: AI request (iteration 4, msgs=155)
[15:29:15] INFO: AI response: 52238 prompt + 70 response tokens (total: 4168260 / 29244)
[15:29:15] [after +70] [Context: 63772/131072 (48.7%)]
[15:29:15] [iter 5] [Context: 63772/131072 (48.7%)]
[15:29:15] INFO: AI request (iteration 5, msgs=157)
[15:29:17] INFO: AI response: 52541 prompt + 55 response tokens (total: 4220801 / 29299)
[15:29:17] [after +55] [Context: 63859/131072 (48.7%)]
[15:29:17] [iter 6] [Context: 63859/131072 (48.7%)]
[15:29:17] INFO: AI request (iteration 6, msgs=159)
[15:29:19] INFO: AI response: 52694 prompt + 62 response tokens (total: 4273495 / 29361)
[15:29:19] [after +62] [Context: 63973/131072 (48.8%)]
[15:29:19] [iter 7] [Context: 63973/131072 (48.8%)]
[15:29:19] INFO: AI request (iteration 7, msgs=161)
[15:29:27] INFO: AI response: 52904 prompt + 1073 response tokens (total: 4326399 / 30434)
[15:29:27] [after +1073] [Context: 65036/131072 (49.6%)]
[15:29:27] [iter 8] [Context: 65036/131072 (49.6%)]
[15:29:27] INFO: AI request (iteration 8, msgs=163)
[15:29:29] INFO: AI response: 53985 prompt + 51 response tokens (total: 4380384 / 30485)
[15:29:29] [after +51] [Context: 65297/131072 (49.8%)]
[15:29:29] [iter 9] [Context: 65297/131072 (49.8%)]
[15:29:29] INFO: AI request (iteration 9, msgs=165)
[15:29:32] INFO: AI response: 54254 prompt + 49 response tokens (total: 4434638 / 30534)
[15:29:32] [after +49] [Context: 65404/131072 (49.9%)]
[15:29:32] [iter 10] [Context: 65404/131072 (49.9%)]
[15:29:32] INFO: AI request (iteration 10, msgs=167)
[15:29:35] INFO: AI response: 54367 prompt + 200 response tokens (total: 4489005 / 30734)
[15:29:35] [after +200] [Context: 65872/131072 (50.3%)]
[15:29:35] Auto-continue: AI round 21/50 — task 6/10: Ensure /api/v1/admin/templates and /api/v1/admin/themes endp...
[15:29:35] [Context: 65940/131072 (50.3%)]
[15:29:35] [iter 1] [Context: 65940/131072 (50.3%)]
[15:29:35] INFO: AI request (iteration 1, msgs=170)
[15:29:39] ReplaceLine>⚠ Model repeated itself — auto-cancelled
[15:29:39] [after +200] [Context: 65940/131072 (50.3%)]
[15:29:39] Auto-continue: AI round 22/50 — task 6/10: Ensure /api/v1/admin/templates and /api/v1/admin/themes endp...
[15:29:39] [Context: 66008/131072 (50.4%)]
[15:29:39] [iter 1] [Context: 66008/131072 (50.4%)]
[15:29:39] INFO: AI request (iteration 1, msgs=171)
[15:29:42] Line>⚠ Model repeated itself — auto-cancelled
[15:29:42] [after +200] [Context: 66008/131072 (50.4%)]
[15:29:42] Auto-continue: AI round 23/50 — task 6/10: Ensure /api/v1/admin/templates and /api/v1/admin/themes endp...
[15:29:42] [Context: 66076/131072 (50.4%)]
[15:29:42] [iter 1] [Context: 66076/131072 (50.4%)]
[15:29:42] INFO: AI request (iteration 1, msgs=172)
[15:29:44] Line>⚠ Model repeated itself — auto-cancelled
[15:29:44] [after +200] [Context: 66076/131072 (50.4%)]
[15:29:44] Auto-continue: AI round 24/50 — task 6/10: Ensure /api/v1/admin/templates and /api/v1/admin/themes endp...
[15:29:44] [Context: 66144/131072 (50.5%)]
[15:29:44] [iter 1] [Context: 66144/131072 (50.5%)]
[15:29:44] INFO: AI request (iteration 1, msgs=173)
[15:29:47] Line>⚠ Model repeated itself — auto-cancelled
[15:29:47] [after +200] [Context: 66144/131072 (50.5%)]
[15:29:47] Auto-continue: AI round 25/50 — task 6/10: Ensure /api/v1/admin/templates and /api/v1/admin/themes endp...
[15:29:47] [Context: 66212/131072 (50.5%)]
[15:29:47] [iter 1] [Context: 66212/131072 (50.5%)]
[15:29:47] INFO: AI request (iteration 1, msgs=174)
[15:29:50] ReplaceLine>⚠ Model repeated itself — auto-cancelled
[15:29:50] [after +200] [Context: 66212/131072 (50.5%)]
[15:29:50] Auto-continue: AI round 26/50 — task 6/10: Ensure /api/v1/admin/templates and /api/v1/admin/themes endp...
[15:29:50] [Context: 66280/131072 (50.6%)]
[15:29:50] [iter 1] [Context: 66280/131072 (50.6%)]
[15:29:50] INFO: AI request (iteration 1, msgs=175)
[15:29:52] Line>⚠ Model repeated itself — auto-cancelled
[15:29:52] [after +200] [Context: 66280/131072 (50.6%)]
[15:29:52] Auto-continue: AI round 27/50 — task 6/10: Ensure /api/v1/admin/templates and /api/v1/admin/themes endp...
[15:29:52] [Context: 66348/131072 (50.6%)]
[15:29:52] [iter 1] [Context: 66348/131072 (50.6%)]
[15:29:52] INFO: AI request (iteration 1, msgs=176)
[15:29:55] Line>⚠ Model repeated itself — auto-cancelled
[15:29:55] [after +200] [Context: 66348/131072 (50.6%)]
[15:29:55] Auto-continue: AI round 28/50 — task 6/10: Ensure /api/v1/admin/templates and /api/v1/admin/themes endp...
[15:29:55] [Context: 66416/131072 (50.7%)]
[15:29:55] [iter 1] [Context: 66416/131072 (50.7%)]
[15:29:55] INFO: AI request (iteration 1, msgs=177)
[15:29:57] Line>⚠ Model repeated itself — auto-cancelled
[15:29:57] [after +200] [Context: 66416/131072 (50.7%)]
[15:29:57] Auto-continue: AI round 29/50 — task 6/10: Ensure /api/v1/admin/templates and /api/v1/admin/themes endp...
[15:29:57] [Context: 66484/131072 (50.7%)]
[15:29:57] [iter 1] [Context: 66484/131072 (50.7%)]
[15:29:57] INFO: AI request (iteration 1, msgs=178)
[15:30:00] ReplaceLine>⚠ Model repeated itself — auto-cancelled
[15:30:00] [after +200] [Context: 66484/131072 (50.7%)]
[15:30:00] Auto-continue: AI round 30/50 — task 6/10: Ensure /api/v1/admin/templates and /api/v1/admin/themes endp...
[15:30:00] [Context: 66552/131072 (50.8%)]
[15:30:00] [iter 1] [Context: 66552/131072 (50.8%)]
[15:30:00] INFO: AI request (iteration 1, msgs=179)
[15:30:04] ReplaceLine>⚠ Model repeated itself — auto-cancelled
[15:30:04] [after +200] [Context: 66552/131072 (50.8%)]
[15:30:04] Auto-continue: AI round 31/50 — task 6/10: Ensure /api/v1/admin/templates and /api/v1/admin/themes endp...
[15:30:04] [Context: 66620/131072 (50.8%)]
[15:30:04] [iter 1] [Context: 66620/131072 (50.8%)]
[15:30:04] INFO: AI request (iteration 1, msgs=180)
[15:30:07] ReplaceLine>⚠ Model repeated itself — auto-cancelled
[15:30:07] [after +200] [Context: 66620/131072 (50.8%)]
[15:30:07] Auto-continue: AI round 32/50 — task 6/10: Ensure /api/v1/admin/templates and /api/v1/admin/themes endp...
[15:30:07] [Context: 66688/131072 (50.9%)]
[15:30:07] [iter 1] [Context: 66688/131072 (50.9%)]
[15:30:07] INFO: AI request (iteration 1, msgs=181)
[15:30:09] Line>⚠ Model repeated itself — auto-cancelled
[15:30:09] [after +200] [Context: 66688/131072 (50.9%)]
[15:30:09] Auto-continue: AI round 33/50 — task 6/10: Ensure /api/v1/admin/templates and /api/v1/admin/themes endp...
[15:30:09] [Context: 66756/131072 (50.9%)]
[15:30:09] [iter 1] [Context: 66756/131072 (50.9%)]
[15:30:09] INFO: AI request (iteration 1, msgs=182)
[15:30:15] ReplaceLine>⚠ Model repeated itself — auto-cancelled
[15:30:15] [after +200] [Context: 66756/131072 (50.9%)]
[15:30:15] Auto-continue: AI round 34/50 — task 6/10: Ensure /api/v1/admin/templates and /api/v1/admin/themes endp...
[15:30:15] [Context: 66824/131072 (51.0%)]
[15:30:15] [iter 1] [Context: 66824/131072 (51.0%)]
[15:30:15] INFO: AI request (iteration 1, msgs=183)
[15:30:19] ReplaceLine>⚠ Model repeated itself — auto-cancelled
[15:30:19] [after +200] [Context: 66824/131072 (51.0%)]
[15:30:19] Auto-continue: AI round 35/50 — task 6/10: Ensure /api/v1/admin/templates and /api/v1/admin/themes endp...
[15:30:19] [Context: 66892/131072 (51.0%)]
[15:30:19] [iter 1] [Context: 66892/131072 (51.0%)]
[15:30:19] INFO: AI request (iteration 1, msgs=184)
[15:30:23] ReplaceLine>⚠ Model repeated itself — auto-cancelled
[15:30:23] [after +200] [Context: 66892/131072 (51.0%)]
[15:30:23] Auto-continue: AI round 36/50 — task 6/10: Ensure /api/v1/admin/templates and /api/v1/admin/themes endp...
[15:30:23] [Context: 66960/131072 (51.1%)]
[15:30:23] [iter 1] [Context: 66960/131072 (51.1%)]
[15:30:23] INFO: AI request (iteration 1, msgs=185)
[15:30:26] ReplaceLine>⚠ Model repeated itself — auto-cancelled
[15:30:26] [after +200] [Context: 66960/131072 (51.1%)]
[15:30:26] Auto-continue: AI round 37/50 — task 6/10: Ensure /api/v1/admin/templates and /api/v1/admin/themes endp...
[15:30:26] [Context: 67028/131072 (51.1%)]
[15:30:26] [iter 1] [Context: 67028/131072 (51.1%)]
[15:30:26] INFO: AI request (iteration 1, msgs=186)
[15:30:29] ReplaceLine>⚠ Model repeated itself — auto-cancelled
[15:30:29] [after +200] [Context: 67028/131072 (51.1%)]
[15:30:29] Auto-continue: AI round 38/50 — task 6/10: Ensure /api/v1/admin/templates and /api/v1/admin/themes endp...
[15:30:29] [Context: 67096/131072 (51.2%)]
[15:30:29] [iter 1] [Context: 67096/131072 (51.2%)]
[15:30:29] INFO: AI request (iteration 1, msgs=187)
[15:30:32] ReplaceLine>⚠ Model repeated itself — auto-cancelled
[15:30:32] [after +200] [Context: 67096/131072 (51.2%)]
[15:30:32] Auto-continue: AI round 39/50 — task 6/10: Ensure /api/v1/admin/templates and /api/v1/admin/themes endp...
[15:30:32] [Context: 67164/131072 (51.2%)]
[15:30:32] [iter 1] [Context: 67164/131072 (51.2%)]
[15:30:32] INFO: AI request (iteration 1, msgs=188)
[15:30:37] ReplaceLine>⚠ Model repeated itself — auto-cancelled
[15:30:37] [after +200] [Context: 67164/131072 (51.2%)]
[15:30:37] Auto-continue: AI round 40/50 — task 6/10: Ensure /api/v1/admin/templates and /api/v1/admin/themes endp...
[15:30:37] [Context: 67232/131072 (51.3%)]
[15:30:37] [iter 1] [Context: 67232/131072 (51.3%)]
[15:30:37] INFO: AI request (iteration 1, msgs=189)
[15:30:40] Line>⚠ Model repeated itself — auto-cancelled
[15:30:40] [after +200] [Context: 67232/131072 (51.3%)]
[15:30:40] Auto-continue: AI round 41/50 — task 6/10: Ensure /api/v1/admin/templates and /api/v1/admin/themes endp...
[15:30:40] [Context: 67300/131072 (51.3%)]
[15:30:40] [iter 1] [Context: 67300/131072 (51.3%)]
[15:30:40] INFO: AI request (iteration 1, msgs=190)
[15:30:45] INFO: AI response: 55961 prompt + 243 response tokens (total: 4544966 / 30977)
[15:30:45] [after +243] [Context: 67768/131072 (51.7%)]
[15:30:45] [iter 2] [Context: 67768/131072 (51.7%)]
[15:30:45] INFO: AI request (iteration 2, msgs=192)
[15:30:49] ReplaceLine>⚠ Model repeated itself — auto-cancelled
[15:30:49] [after +243] [Context: 67768/131072 (51.7%)]
[15:30:49] Auto-continue: task 6/10 — Ensure /api/v1/admin/templates and /api/v1/admin/themes endp...
[15:30:49] [iter 3] [Context: 67836/131072 (51.8%)]
[15:30:49] INFO: AI request (iteration 3, msgs=193)
[15:30:54] ReplaceLine>⚠ Model repeated itself — auto-cancelled
[15:30:54] [after +243] [Context: 67836/131072 (51.8%)]
[15:30:54] Auto-continue: AI round 42/50 — task 6/10: Ensure /api/v1/admin/templates and /api/v1/admin/themes endp...
[15:30:54] [Context: 67904/131072 (51.8%)]
[15:30:54] [iter 1] [Context: 67904/131072 (51.8%)]
[15:30:54] INFO: AI request (iteration 1, msgs=194)
[15:30:57] ReplaceLine>⚠ Model repeated itself — auto-cancelled
[15:30:57] [after +243] [Context: 67904/131072 (51.8%)]
[15:30:57] Auto-continue: AI round 43/50 — task 6/10: Ensure /api/v1/admin/templates and /api/v1/admin/themes endp...
[15:30:57] [Context: 67972/131072 (51.9%)]
[15:30:57] [iter 1] [Context: 67972/131072 (51.9%)]
[15:30:57] INFO: AI request (iteration 1, msgs=195)
[15:31:00] ReplaceLine>⚠ Model repeated itself — auto-cancelled
[15:31:00] [after +243] [Context: 67972/131072 (51.9%)]
[15:31:00] Auto-continue: AI round 44/50 — task 6/10: Ensure /api/v1/admin/templates and /api/v1/admin/themes endp...
[15:31:00] [Context: 68040/131072 (51.9%)]
[15:31:00] [iter 1] [Context: 68040/131072 (51.9%)]
[15:31:00] INFO: AI request (iteration 1, msgs=196)
[15:31:03] ReplaceLine>⚠ Model repeated itself — auto-cancelled
[15:31:03] [after +243] [Context: 68040/131072 (51.9%)]
[15:31:03] Auto-continue: AI round 45/50 — task 6/10: Ensure /api/v1/admin/templates and /api/v1/admin/themes endp...
[15:31:03] [Context: 68108/131072 (52.0%)]
[15:31:03] [iter 1] [Context: 68108/131072 (52.0%)]
[15:31:03] INFO: AI request (iteration 1, msgs=197)
[15:31:07] ReplaceLine>⚠ Model repeated itself — auto-cancelled
[15:31:07] [after +243] [Context: 68108/131072 (52.0%)]
[15:31:07] Auto-continue: AI round 46/50 — task 6/10: Ensure /api/v1/admin/templates and /api/v1/admin/themes endp...
[15:31:07] [Context: 68176/131072 (52.0%)]
[15:31:07] [iter 1] [Context: 68176/131072 (52.0%)]
[15:31:07] INFO: AI request (iteration 1, msgs=198)
[15:31:09] INFO: AI response: 56732 prompt + 41 response tokens (total: 4601698 / 31018)
[15:31:09] ✓ GetTip: Error: Missing required parameter(s): title
Usage:
<GetTip>
<title>string</title>
</GetTip>
[15:31:09] [after +41] [Context: 68222/131072 (52.0%)]
[15:31:09] [iter 2] [Context: 68222/131072 (52.0%)]
[15:31:09] INFO: AI request (iteration 2, msgs=200)
[15:31:12] INFO: AI response: 56780 prompt + 223 response tokens (total: 4658478 / 31241)
[15:31:12] [after +223] [Context: 68498/131072 (52.3%)]
[15:31:12] [iter 3] [Context: 68559/131072 (52.3%)]
[15:31:12] INFO: AI request (iteration 3, msgs=203)
[15:31:15] INFO: AI response: 57110 prompt + 89 response tokens (total: 4715588 / 31330)
[15:31:15] [after +89] [Context: 68712/131072 (52.4%)]
[15:31:15] [iter 4] [Context: 68712/131072 (52.4%)]
[15:31:15] INFO: AI request (iteration 4, msgs=205)
[15:31:17] INFO: AI response: 57261 prompt + 69 response tokens (total: 4772849 / 31399)
[15:31:17] [after +69] [Context: 68793/131072 (52.5%)]
[15:31:17] [iter 5] [Context: 68793/131072 (52.5%)]
[15:31:17] INFO: AI request (iteration 5, msgs=207)
[15:31:19] INFO: AI response: 57364 prompt + 50 response tokens (total: 4830213 / 31449)
[15:31:19] [after +50] [Context: 68829/131072 (52.5%)]
[15:31:19] Auto-continue: AI round 47/50 — task 6/10: Ensure /api/v1/admin/templates and /api/v1/admin/themes endp...
[15:31:19] [Context: 68897/131072 (52.6%)]
[15:31:19] [iter 1] [Context: 68897/131072 (52.6%)]
[15:31:19] INFO: AI request (iteration 1, msgs=209)
[15:31:21] INFO: AI response: 57425 prompt + 78 response tokens (total: 4887638 / 31527)
[15:31:21] [after +78] [Context: 69281/131072 (52.9%)]
[15:31:21] [iter 2] [Context: 69281/131072 (52.9%)]
[15:31:21] INFO: AI request (iteration 2, msgs=211)
[15:31:25] INFO: AI response: 57749 prompt + 297 response tokens (total: 4945387 / 31824)
[15:31:25] [after +297] [Context: 70218/131072 (53.6%)]
[15:31:25] [iter 3] [Context: 70218/131072 (53.6%)]
[15:31:25] INFO: AI request (iteration 3, msgs=213)
[15:31:29] ReplaceLine>⚠ Model repeated itself — auto-cancelled
[15:31:29] [after +297] [Context: 70218/131072 (53.6%)]
[15:31:29] Auto-continue: task 6/10 — Ensure /api/v1/admin/templates and /api/v1/admin/themes endp...
[15:31:29] [iter 4] [Context: 70286/131072 (53.6%)]
[15:31:29] INFO: AI request (iteration 4, msgs=214)
[15:31:32] Line>⚠ Model repeated itself — auto-cancelled
[15:31:32] [after +297] [Context: 70286/131072 (53.6%)]
[15:31:32] Auto-continue: AI round 48/50 — task 6/10: Ensure /api/v1/admin/templates and /api/v1/admin/themes endp...
[15:31:32] [Context: 70354/131072 (53.7%)]
[15:31:32] [iter 1] [Context: 70354/131072 (53.7%)]
[15:31:32] INFO: AI request (iteration 1, msgs=215)
[15:31:34] Line>⚠ Model repeated itself — auto-cancelled
[15:31:34] [after +297] [Context: 70354/131072 (53.7%)]
[15:31:34] Auto-continue: AI round 49/50 — task 6/10: Ensure /api/v1/admin/templates and /api/v1/admin/themes endp...
[15:31:34] [Context: 70422/131072 (53.7%)]
[15:31:34] [iter 1] [Context: 70422/131072 (53.7%)]
[15:31:34] INFO: AI request (iteration 1, msgs=216)
[15:31:40] ReplaceLine>⚠ Model repeated itself — auto-cancelled
[15:31:40] [after +297] [Context: 70422/131072 (53.7%)]
[15:31:40] Auto-continue: reached 50 rounds — stopping.
[15:31:40] You: 
[15:56:33] [Context: 70457/131072 (53.8%)]
[15:56:33] [iter 1] [Context: 70457/131072 (53.8%)]
[15:56:33] INFO: AI request (iteration 1, msgs=217)
[15:56:39] INFO: AI response: 58650 prompt + 90 response tokens (total: 5004037 / 31914)
[15:56:39] [after +90] [Context: 73838/131072 (56.3%)]
[15:56:39] [iter 2] [Context: 73838/131072 (56.3%)]
[15:56:39] INFO: AI request (iteration 2, msgs=219)
[15:56:58] INFO: AI response: 61358 prompt + 2810 response tokens (total: 5065395 / 34724)
[15:56:58] [after +2810] [Context: 77496/131072 (59.1%)]
[15:56:58] [iter 3] [Context: 77496/131072 (59.1%)]
[15:56:58] INFO: AI request (iteration 3, msgs=221)
[15:57:01] INFO: AI response: 64177 prompt + 41 response tokens (total: 5129572 / 34765)
[15:57:01] [after +41] [Context: 77758/131072 (59.3%)]
[15:57:01] [iter 4] [Context: 77758/131072 (59.3%)]
[15:57:01] INFO: AI request (iteration 4, msgs=223)
[15:57:03] INFO: AI response: 64447 prompt + 38 response tokens (total: 5194019 / 34803)
[15:57:03] [after +38] [Context: 78671/131072 (60.0%)]
[15:57:03] [iter 5] [Context: 78671/131072 (60.0%)]
[15:57:03] INFO: AI request (iteration 5, msgs=225)
[15:57:10] INFO: AI response: 65283 prompt + 939 response tokens (total: 5259302 / 35742)
[15:57:10] [after +939] [Context: 79734/131072 (60.8%)]
[15:57:10] [iter 6] [Context: 79734/131072 (60.8%)]
[15:57:10] INFO: AI request (iteration 6, msgs=227)
[15:57:12] INFO: AI response: 66235 prompt + 59 response tokens (total: 5325537 / 35801)
[15:57:12] [after +59] [Context: 79914/131072 (61.0%)]
[15:57:12] [iter 7] [Context: 79914/131072 (61.0%)]
[15:57:12] INFO: AI request (iteration 7, msgs=229)
[15:57:15] INFO: AI response: 66380 prompt + 66 response tokens (total: 5391917 / 35867)
[15:57:15] [after +66] [Context: 80028/131072 (61.1%)]
[15:57:15] [iter 8] [Context: 80028/131072 (61.1%)]
[15:57:15] INFO: AI request (iteration 8, msgs=231)
[15:57:17] INFO: AI response: 66590 prompt + 51 response tokens (total: 5458507 / 35918)
[15:57:17] [after +51] [Context: 80195/131072 (61.2%)]
[15:57:17] [iter 9] [Context: 80195/131072 (61.2%)]
[15:57:17] INFO: AI request (iteration 9, msgs=233)
[15:57:20] INFO: AI response: 66789 prompt + 89 response tokens (total: 5525296 / 36007)
[15:57:20] [after +89] [Context: 80287/131072 (61.3%)]
[15:57:20] Auto-continue: AI round 1/50 — task 6/10: Ensure /api/v1/admin/templates and /api/v1/admin/themes endp...
[15:57:20] [Context: 80355/131072 (61.3%)]
[15:57:20] [iter 1] [Context: 80355/131072 (61.3%)]
[15:57:20] INFO: AI request (iteration 1, msgs=235)
[15:57:23] INFO: AI response: 66849 prompt + 98 response tokens (total: 5592145 / 36105)
[15:57:23] [after +98] [Context: 80462/131072 (61.4%)]
[15:57:23] [iter 2] [Context: 80462/131072 (61.4%)]
[15:57:23] INFO: AI request (iteration 2, msgs=237)
[15:57:26] INFO: AI response: 66961 prompt + 138 response tokens (total: 5659106 / 36243)
[15:57:26] [after +138] [Context: 80576/131072 (61.5%)]
[15:57:26] [iter 3] [Context: 80576/131072 (61.5%)]
[15:57:26] INFO: AI request (iteration 3, msgs=239)
[15:57:29] INFO: AI response: 67105 prompt + 97 response tokens (total: 5726211 / 36340)
[15:57:29] [after +97] [Context: 80771/131072 (61.6%)]
[15:57:29] [iter 4] [Context: 80771/131072 (61.6%)]
[15:57:29] INFO: AI request (iteration 4, msgs=241)
[15:57:32] INFO: AI response: 67309 prompt + 195 response tokens (total: 5793520 / 36535)
[15:57:32] [after +195] [Context: 80966/131072 (61.8%)]
[15:57:32] Auto-continue: AI round 2/50 — task 6/10: Ensure /api/v1/admin/templates and /api/v1/admin/themes endp...
[15:57:32] [Context: 81034/131072 (61.8%)]
[15:57:32] [iter 1] [Context: 81034/131072 (61.8%)]
[15:57:32] INFO: AI request (iteration 1, msgs=243)
[15:57:35] INFO: AI response: 67370 prompt + 113 response tokens (total: 5860890 / 36648)
[15:57:35] [after +113] [Context: 81366/131072 (62.1%)]
[15:57:35] [iter 2] [Context: 81427/131072 (62.1%)]
[15:57:35] INFO: AI request (iteration 2, msgs=246)
[15:57:59] INFO: AI response: 67752 prompt + 2730 response tokens (total: 5928642 / 39378)
[15:57:59] [after +2730] [Context: 84773/131072 (64.7%)]
[15:57:59] [iter 3] [Context: 84773/131072 (64.7%)]
[15:57:59] INFO: AI request (iteration 3, msgs=248)
[15:58:02] INFO: AI response: 70434 prompt + 39 response tokens (total: 5999076 / 39417)
[15:58:02] [after +39] [Context: 85035/131072 (64.9%)]
[15:58:02] [iter 4] [Context: 85035/131072 (64.9%)]
[15:58:02] INFO: AI request (iteration 4, msgs=250)
[15:58:05] INFO: AI response: 70661 prompt + 75 response tokens (total: 6069737 / 39492)
[15:58:05] [after +75] [Context: 85152/131072 (65.0%)]
[15:58:05] [iter 5] [Context: 85152/131072 (65.0%)]
[15:58:05] INFO: AI request (iteration 5, msgs=252)
[15:58:10] INFO: AI response: 70874 prompt + 342 response tokens (total: 6140611 / 39834)
[15:58:10] ✓ ReplaceLine: Error: fromLine must be a number.
[15:58:10] [after +342] [Context: 85472/131072 (65.2%)]
[15:58:10] [iter 6] [Context: 85472/131072 (65.2%)]
[15:58:10] INFO: AI request (iteration 6, msgs=254)
[15:58:12] INFO: AI response: 71145 prompt + 64 response tokens (total: 6211756 / 39898)
[15:58:12] [after +64] [Context: 85548/131072 (65.3%)]
[15:58:12] [iter 7] [Context: 85548/131072 (65.3%)]
[15:58:12] INFO: AI request (iteration 7, msgs=256)
[15:58:15] INFO: AI response: 71244 prompt + 153 response tokens (total: 6283000 / 40051)
[15:58:15] [after +153] [Context: 85726/131072 (65.4%)]
[15:58:15] [iter 8] [Context: 85726/131072 (65.4%)]
[15:58:15] INFO: AI request (iteration 8, msgs=258)
[15:58:19] INFO: AI response: 71435 prompt + 275 response tokens (total: 6354435 / 40326)
[15:58:19] [after +275] [Context: 86037/131072 (65.6%)]
[15:58:19] [iter 9] [Context: 86037/131072 (65.6%)]
[15:58:19] INFO: AI request (iteration 9, msgs=260)
[15:58:21] INFO: AI response: 71715 prompt + 53 response tokens (total: 6426150 / 40379)
[15:58:21] [after +53] [Context: 86093/131072 (65.7%)]
[15:58:21] [iter 10] [Context: 86093/131072 (65.7%)]
[15:58:21] INFO: AI request (iteration 10, msgs=262)
[15:58:23] INFO: AI response: 71783 prompt + 45 response tokens (total: 6497933 / 40424)
[15:58:24] [after +45] [Context: 86377/131072 (65.9%)]
[15:58:24] Auto-continue: AI round 3/50 — task 6/10: Ensure /api/v1/admin/templates and /api/v1/admin/themes endp...
[15:58:24] [Context: 86445/131072 (66.0%)]
[15:58:24] [iter 1] [Context: 86445/131072 (66.0%)]
[15:58:24] INFO: AI request (iteration 1, msgs=265)
[15:58:37] INFO: AI response: 72095 prompt + 1134 response tokens (total: 6570028 / 41558)
[15:58:37] [after +1134] [Context: 87238/131072 (66.6%)]
[15:58:37] [iter 2] [Context: 87238/131072 (66.6%)]
[15:58:37] INFO: AI request (iteration 2, msgs=267)
[15:58:41] INFO: AI response: 72864 prompt + 311 response tokens (total: 6642892 / 41869)
[15:58:41] [after +311] [Context: 87518/131072 (66.8%)]
[15:58:41] [iter 3] [Context: 87518/131072 (66.8%)]
[15:58:41] INFO: AI request (iteration 3, msgs=271)
[15:58:43] INFO: AI response: 73099 prompt + 94 response tokens (total: 6715991 / 41963)
[15:58:43] [after +94] [Context: 100133/131072 (76.4%)]
[15:58:43] [iter 4] [Context: 100133/131072 (76.4%)]
[15:58:43] INFO: AI request (iteration 4, msgs=273)
[15:58:46] INFO: AI response: 83822 prompt + 72 response tokens (total: 6799813 / 42035)
[15:58:46] [after +72] [Context: 100426/131072 (76.6%)]
[15:58:46] [iter 5] [Context: 100426/131072 (76.6%)]
[15:58:46] INFO: AI request (iteration 5, msgs=275)
[15:58:48] INFO: AI response: 84106 prompt + 67 response tokens (total: 6883919 / 42102)
[15:58:48] [after +67] [Context: 101206/131072 (77.2%)]
[15:58:48] [iter 6] [Context: 101206/131072 (77.2%)]
[15:58:48] INFO: AI request (iteration 6, msgs=277)
[15:58:51] INFO: AI response: 84756 prompt + 50 response tokens (total: 6968675 / 42152)
[15:58:51] [after +50] [Context: 103785/131072 (79.2%)]
[15:58:51] [iter 7] [Context: 103785/131072 (79.2%)]
[15:58:51] INFO: AI request (iteration 7, msgs=279)
[15:58:54] INFO: AI response: 86656 prompt + 119 response tokens (total: 7055331 / 42271)
[15:58:54] [after +119] [Context: 104977/131072 (80.1%)]
[15:58:59] [iter 8] [Context: 11444/131072 (8.7%)]
[15:58:59] INFO: AI request (iteration 8, msgs=103)
[15:59:01] INFO: AI response: 5463 prompt + 75 response tokens (total: 7060794 / 42346)
[15:59:01] [after +75] [Context: 14037/131072 (10.7%)]
[15:59:01] [iter 9] [Context: 14037/131072 (10.7%)]
[15:59:01] INFO: AI request (iteration 9, msgs=105)
[15:59:03] INFO: AI response: 7372 prompt + 71 response tokens (total: 7068166 / 42417)
[15:59:03] [after +71] [Context: 14127/131072 (10.8%)]
[15:59:03] [iter 10] [Context: 14127/131072 (10.8%)]
[15:59:03] INFO: AI request (iteration 10, msgs=107)
[15:59:04] INFO: AI response: 7470 prompt + 121 response tokens (total: 7075636 / 42538)
[15:59:04] [after +121] [Context: 14642/131072 (11.2%)]
[15:59:04] Auto-continue: AI round 4/50 — task 7/10: Ensure /api/v1/admin/workflows endpoints return workflow def...
[15:59:04] [Context: 14696/131072 (11.2%)]
[15:59:04] [iter 1] [Context: 14696/131072 (11.2%)]
[15:59:04] INFO: AI request (iteration 1, msgs=110)
[15:59:07] INFO: AI response: 7953 prompt + 168 response tokens (total: 7083589 / 42706)
[15:59:07] [after +168] [Context: 16027/131072 (12.2%)]
[15:59:07] [iter 2] [Context: 16027/131072 (12.2%)]
[15:59:07] INFO: AI request (iteration 2, msgs=112)
[15:59:09] INFO: AI response: 8994 prompt + 62 response tokens (total: 7092583 / 42768)
[15:59:09] [after +62] [Context: 17200/131072 (13.1%)]
[15:59:09] [iter 3] [Context: 17200/131072 (13.1%)]
[15:59:09] INFO: AI request (iteration 3, msgs=114)
[15:59:13] INFO: AI response: 9976 prompt + 93 response tokens (total: 7102559 / 42861)
[15:59:13] [after +93] [Context: 18183/131072 (13.9%)]
[15:59:13] [iter 4] [Context: 18183/131072 (13.9%)]
[15:59:13] INFO: AI request (iteration 4, msgs=116)
[15:59:36] INFO: AI response: 10784 prompt + 2909 response tokens (total: 7113343 / 45770)
[15:59:36] [after +2909] [Context: 22095/131072 (16.9%)]
[15:59:36] [iter 5] [Context: 22095/131072 (16.9%)]
[15:59:36] INFO: AI request (iteration 5, msgs=118)
[16:00:05] INFO: AI response: 13462 prompt + 4323 response tokens (total: 7126805 / 50093)
[16:00:05] [after +4323] [Context: 27920/131072 (21.3%)]
[16:00:05] [iter 6] [Context: 27920/131072 (21.3%)]
[16:00:05] INFO: AI request (iteration 6, msgs=120)
[16:00:10] INFO: AI response: 17796 prompt + 98 response tokens (total: 7144601 / 50191)
[16:00:10] [after +98] [Context: 28375/131072 (21.6%)]
[16:00:10] [iter 7] [Context: 28375/131072 (21.6%)]
[16:00:10] INFO: AI request (iteration 7, msgs=122)
[16:00:13] INFO: AI response: 18177 prompt + 89 response tokens (total: 7162778 / 50280)
[16:00:13] [after +89] [Context: 28788/131072 (22.0%)]
[16:00:13] [iter 8] [Context: 28788/131072 (22.0%)]
[16:00:13] INFO: AI request (iteration 8, msgs=124)
[16:00:24] INFO: AI response: 18556 prompt + 915 response tokens (total: 7181334 / 51195)
[16:00:24] [after +915] [Context: 29760/131072 (22.7%)]
[16:00:24] [iter 9] [Context: 29760/131072 (22.7%)]
[16:00:24] INFO: AI request (iteration 9, msgs=126)
[16:00:26] INFO: AI response: 19383 prompt + 38 response tokens (total: 7200717 / 51233)
[16:00:26] [after +38] [Context: 29826/131072 (22.8%)]
[16:00:26] [iter 10] [Context: 29826/131072 (22.8%)]
[16:00:26] INFO: AI request (iteration 10, msgs=128)
[16:00:39] INFO: AI response: 19461 prompt + 1025 response tokens (total: 7220178 / 52258)
[16:00:39] [after +1025] [Context: 30822/131072 (23.5%)]
[16:00:39] Auto-continue: AI round 5/50 — task 7/10: Ensure /api/v1/admin/workflows endpoints return workflow def...
[16:00:39] [Context: 30876/131072 (23.6%)]
[16:00:39] [iter 1] [Context: 30876/131072 (23.6%)]
[16:00:39] INFO: AI request (iteration 1, msgs=131)
[16:00:42] INFO: AI response: 20538 prompt + 64 response tokens (total: 7240716 / 52322)
[16:00:42] [after +64] [Context: 30981/131072 (23.6%)]
[16:00:42] [iter 2] [Context: 30981/131072 (23.6%)]
[16:00:42] INFO: AI request (iteration 2, msgs=133)
[16:00:51] INFO: AI response: 20671 prompt + 104 response tokens (total: 7261387 / 52426)
[16:00:51] [after +104] [Context: 31068/131072 (23.7%)]
[16:00:51] [iter 3] [Context: 31129/131072 (23.7%)]
[16:00:51] INFO: AI request (iteration 3, msgs=136)
[16:00:54] INFO: AI response: 20865 prompt + 108 response tokens (total: 7282252 / 52534)
[16:00:54] [after +108] [Context: 31267/131072 (23.9%)]
[16:00:54] [iter 4] [Context: 31267/131072 (23.9%)]
[16:00:54] INFO: AI request (iteration 4, msgs=138)
[16:00:56] INFO: AI response: 21071 prompt + 116 response tokens (total: 7303323 / 52650)
[16:00:56] ✓ ReplaceLine: Error: fromLine must be a number.
[16:00:56] [after +116] [Context: 31364/131072 (23.9%)]
[16:00:56] [iter 5] [Context: 31364/131072 (23.9%)]
[16:00:56] INFO: AI request (iteration 5, msgs=140)
[16:01:06] INFO: AI response: 21173 prompt + 1027 response tokens (total: 7324496 / 53677)
[16:01:06] [after +1027] [Context: 32362/131072 (24.7%)]
[16:01:06] [iter 6] [Context: 32362/131072 (24.7%)]
[16:01:06] INFO: AI request (iteration 6, msgs=142)
[16:01:08] INFO: AI response: 22209 prompt + 65 response tokens (total: 7346705 / 53742)
[16:01:08] [after +65] [Context: 32492/131072 (24.8%)]
[16:01:08] [iter 7] [Context: 32492/131072 (24.8%)]
[16:01:08] INFO: AI request (iteration 7, msgs=144)
[16:01:10] INFO: AI response: 22373 prompt + 55 response tokens (total: 7369078 / 53797)
[16:01:10] [after +55] [Context: 32568/131072 (24.8%)]
[16:01:10] [iter 8] [Context: 32568/131072 (24.8%)]
[16:01:10] INFO: AI request (iteration 8, msgs=146)
[16:01:12] INFO: AI response: 22470 prompt + 95 response tokens (total: 7391548 / 53892)
[16:01:12] [after +95] [Context: 33100/131072 (25.3%)]
[16:01:12] [iter 9] [Context: 33100/131072 (25.3%)]
[16:01:12] INFO: AI request (iteration 9, msgs=148)
[16:01:21] INFO: AI response: 23101 prompt + 1040 response tokens (total: 7414649 / 54932)
[16:01:21] [after +1040] [Context: 34101/131072 (26.0%)]
[16:01:21] [iter 10] [Context: 34101/131072 (26.0%)]
[16:01:21] INFO: AI request (iteration 10, msgs=150)
[16:01:22] INFO: AI response: 24139 prompt + 62 response tokens (total: 7438788 / 54994)
[16:01:22] [after +62] [Context: 34682/131072 (26.5%)]
[16:01:22] Auto-continue: AI round 6/50 — task 7/10: Ensure /api/v1/admin/workflows endpoints return workflow def...
[16:01:22] [Context: 34736/131072 (26.5%)]
[16:01:22] [iter 1] [Context: 34736/131072 (26.5%)]
[16:01:22] INFO: AI request (iteration 1, msgs=153)
[16:01:24] INFO: AI response: 24708 prompt + 79 response tokens (total: 7463496 / 55073)
[16:01:24] [after +79] [Context: 34799/131072 (26.5%)]
[16:01:24] [iter 2] [Context: 34799/131072 (26.5%)]
[16:01:24] INFO: AI request (iteration 2, msgs=155)
[16:01:26] INFO: AI response: 24799 prompt + 104 response tokens (total: 7488295 / 55177)
[16:01:26] [after +104] [Context: 37498/131072 (28.6%)]
[16:01:26] [iter 3] [Context: 37498/131072 (28.6%)]
[16:01:26] INFO: AI request (iteration 3, msgs=157)
[16:01:47] INFO: AI response: 27993 prompt + 1949 response tokens (total: 7516288 / 57126)
[16:01:47] [after +1949] [Context: 39486/131072 (30.1%)]
[16:01:47] [iter 4] [Context: 39486/131072 (30.1%)]
[16:01:47] INFO: AI request (iteration 4, msgs=159)
[16:01:49] INFO: AI response: 29930 prompt + 41 response tokens (total: 7546218 / 57167)
[16:01:50] [after +41] [Context: 39867/131072 (30.4%)]
[16:01:50] [iter 5] [Context: 39867/131072 (30.4%)]
[16:01:50] INFO: AI request (iteration 5, msgs=161)
[16:01:52] INFO: AI response: 30230 prompt + 110 response tokens (total: 7576448 / 57277)
[16:01:52] [after +110] [Context: 40702/131072 (31.1%)]
[16:01:52] [iter 6] [Context: 40702/131072 (31.1%)]
[16:01:52] INFO: AI request (iteration 6, msgs=163)
[16:01:56] INFO: AI response: 30851 prompt + 192 response tokens (total: 7607299 / 57469)
[16:01:56] [after +192] [Context: 41203/131072 (31.4%)]
[16:01:56] [iter 7] [Context: 41203/131072 (31.4%)]
[16:01:56] INFO: AI request (iteration 7, msgs=165)
[16:02:01] INFO: AI response: 31266 prompt + 380 response tokens (total: 7638565 / 57849)
[16:02:01] ✓ ReplaceLine: Error: fromLine must be a number.
[16:02:01] [after +380] [Context: 41550/131072 (31.7%)]
[16:02:01] [iter 8] [Context: 41550/131072 (31.7%)]
[16:02:01] INFO: AI request (iteration 8, msgs=167)
[16:02:05] INFO: AI response: 31607 prompt + 74 response tokens (total: 7670172 / 57923)
[16:02:05] [after +74] [Context: 41721/131072 (31.8%)]
[16:02:05] [iter 9] [Context: 41721/131072 (31.8%)]
[16:02:05] INFO: AI request (iteration 9, msgs=169)
[16:02:07] INFO: AI response: 31838 prompt + 173 response tokens (total: 7702010 / 58096)
[16:02:07] [after +173] [Context: 41885/131072 (32.0%)]
[16:02:07] [iter 10] [Context: 41885/131072 (32.0%)]
[16:02:07] INFO: AI request (iteration 10, msgs=171)
[16:02:11] INFO: AI response: 32035 prompt + 317 response tokens (total: 7734045 / 58413)
[16:02:11] [after +317] [Context: 42205/131072 (32.2%)]
[16:02:11] Auto-continue: AI round 7/50 — task 7/10: Ensure /api/v1/admin/workflows endpoints return workflow def...
[16:02:11] [Context: 42259/131072 (32.2%)]
[16:02:11] [iter 1] [Context: 42259/131072 (32.2%)]
[16:02:11] INFO: AI request (iteration 1, msgs=174)
[16:02:13] INFO: AI response: 32404 prompt + 68 response tokens (total: 7766449 / 58481)
[16:02:13] [after +68] [Context: 42311/131072 (32.3%)]
[16:02:13] [iter 2] [Context: 42311/131072 (32.3%)]
[16:02:13] INFO: AI request (iteration 2, msgs=176)
[16:02:15] INFO: AI response: 32477 prompt + 40 response tokens (total: 7798926 / 58521)
[16:02:15] [after +40] [Context: 42692/131072 (32.6%)]
[16:02:15] [iter 3] [Context: 42753/131072 (32.6%)]
[16:02:15] INFO: AI request (iteration 3, msgs=179)
[16:02:27] INFO: AI response: 32835 prompt + 1030 response tokens (total: 7831761 / 59551)
[16:02:27] [after +1030] [Context: 43762/131072 (33.4%)]
[16:02:27] [iter 4] [Context: 43762/131072 (33.4%)]
[16:02:27] INFO: AI request (iteration 4, msgs=181)
[16:02:29] INFO: AI response: 33832 prompt + 66 response tokens (total: 7865593 / 59617)
[16:02:29] [after +66] [Context: 44079/131072 (33.6%)]
[16:02:29] [iter 5] [Context: 44079/131072 (33.6%)]
[16:02:29] INFO: AI request (iteration 5, msgs=183)
[16:02:45] INFO: AI response: 34131 prompt + 1861 response tokens (total: 7899724 / 61478)
[16:02:45] [after +1861] [Context: 46062/131072 (35.1%)]
[16:02:45] [iter 6] [Context: 46062/131072 (35.1%)]
[16:02:45] INFO: AI request (iteration 6, msgs=185)
[16:02:48] INFO: AI response: 35887 prompt + 57 response tokens (total: 7935611 / 61535)
[16:02:48] [after +57] [Context: 46322/131072 (35.3%)]
[16:02:48] [iter 7] [Context: 46322/131072 (35.3%)]
[16:02:48] INFO: AI request (iteration 7, msgs=187)
[16:02:55] INFO: AI response: 36099 prompt + 747 response tokens (total: 7971710 / 62282)
[16:02:55] [after +747] [Context: 47057/131072 (35.9%)]
[16:02:55] [iter 8] [Context: 47057/131072 (35.9%)]
[16:02:55] INFO: AI request (iteration 8, msgs=189)
[16:02:58] INFO: AI response: 36849 prompt + 72 response tokens (total: 8008559 / 62354)
[16:02:58] [after +72] [Context: 47226/131072 (36.0%)]
[16:02:58] [iter 9] [Context: 47226/131072 (36.0%)]
[16:02:58] INFO: AI request (iteration 9, msgs=191)
[16:03:00] INFO: AI response: 37030 prompt + 133 response tokens (total: 8045589 / 62487)
[16:03:00] ✓ ReplaceLine: Error: fromLine must be a number.
[16:03:00] [after +133] [Context: 47334/131072 (36.1%)]
[16:03:00] [iter 10] [Context: 47334/131072 (36.1%)]
[16:03:00] INFO: AI request (iteration 10, msgs=193)
[16:03:03] INFO: AI response: 37154 prompt + 154 response tokens (total: 8082743 / 62641)
[16:03:03] [after +154] [Context: 47475/131072 (36.2%)]
[16:03:03] Auto-continue: AI round 8/50 — task 7/10: Ensure /api/v1/admin/workflows endpoints return workflow def...
[16:03:03] [Context: 47529/131072 (36.3%)]
[16:03:03] [iter 1] [Context: 47529/131072 (36.3%)]
[16:03:03] INFO: AI request (iteration 1, msgs=196)
[16:03:07] INFO: AI response: 37357 prompt + 265 response tokens (total: 8120100 / 62906)
[16:03:07] [after +265] [Context: 48227/131072 (36.8%)]
[16:03:07] [iter 2] [Context: 48227/131072 (36.8%)]
[16:03:07] INFO: AI request (iteration 2, msgs=198)
[16:03:16] INFO: AI response: 37917 prompt + 1094 response tokens (total: 8158017 / 64000)
[16:03:16] [after +1094] [Context: 49266/131072 (37.6%)]
[16:03:16] [iter 3] [Context: 49266/131072 (37.6%)]
[16:03:16] INFO: AI request (iteration 3, msgs=200)
[16:03:19] INFO: AI response: 38947 prompt + 135 response tokens (total: 8196964 / 64135)
[16:03:19] [after +135] [Context: 49559/131072 (37.8%)]
[16:03:19] [iter 4] [Context: 49559/131072 (37.8%)]
[16:03:19] INFO: AI request (iteration 4, msgs=204)
[16:03:21] INFO: AI response: 39201 prompt + 100 response tokens (total: 8236165 / 64235)
[16:03:21] [after +100] [Context: 50145/131072 (38.3%)]
[16:03:21] [iter 5] [Context: 50145/131072 (38.3%)]
[16:03:21] INFO: AI request (iteration 5, msgs=206)
[16:03:24] INFO: AI response: 39711 prompt + 60 response tokens (total: 8275876 / 64295)
[16:03:24] [after +60] [Context: 50295/131072 (38.4%)]
[16:03:24] [iter 6] [Context: 50295/131072 (38.4%)]
[16:03:24] INFO: AI request (iteration 6, msgs=208)
[16:03:26] INFO: AI response: 39891 prompt + 80 response tokens (total: 8315767 / 64375)
[16:03:26] [after +80] [Context: 50921/131072 (38.8%)]
[16:03:26] [iter 7] [Context: 50921/131072 (38.8%)]
[16:03:26] INFO: AI request (iteration 7, msgs=210)
[16:03:28] INFO: AI response: 40457 prompt + 68 response tokens (total: 8356224 / 64443)
[16:03:28] [after +68] [Context: 51026/131072 (38.9%)]
[16:03:28] [iter 8] [Context: 51026/131072 (38.9%)]
[16:03:28] INFO: AI request (iteration 8, msgs=212)
[16:03:30] INFO: AI response: 40591 prompt + 69 response tokens (total: 8396815 / 64512)
[16:03:30] [after +69] [Context: 51445/131072 (39.2%)]
[16:03:30] [iter 9] [Context: 51445/131072 (39.2%)]
[16:03:30] INFO: AI request (iteration 9, msgs=214)
[16:03:32] INFO: AI response: 40993 prompt + 44 response tokens (total: 8437808 / 64556)
[16:03:32] [after +44] [Context: 51494/131072 (39.3%)]
[16:03:32] Auto-continue: AI round 9/50 — task 8/10: Ensure /api/v1/admin/backups and /api/v1/admin/cache endpoin...
[16:03:32] [Context: 51557/131072 (39.3%)]
[16:03:32] [iter 1] [Context: 51557/131072 (39.3%)]
[16:03:32] INFO: AI request (iteration 1, msgs=216)
[16:03:34] INFO: AI response: 41054 prompt + 44 response tokens (total: 8478862 / 64600)
[16:03:34] [after +44] [Context: 52239/131072 (39.9%)]
[16:03:34] [iter 2] [Context: 52239/131072 (39.9%)]
[16:03:34] INFO: AI request (iteration 2, msgs=218)
[16:03:37] INFO: AI response: 41640 prompt + 74 response tokens (total: 8520502 / 64674)
[16:03:37] [after +74] [Context: 53567/131072 (40.9%)]
[16:03:37] [iter 3] [Context: 53567/131072 (40.9%)]
[16:03:37] INFO: AI request (iteration 3, msgs=220)
[16:03:59] INFO: AI response: 42852 prompt + 2549 response tokens (total: 8563354 / 67223)
[16:03:59] [after +2549] [Context: 56712/131072 (43.3%)]
[16:03:59] [iter 4] [Context: 56712/131072 (43.3%)]
[16:03:59] INFO: AI request (iteration 4, msgs=222)
[16:04:19] INFO: AI response: 45374 prompt + 2691 response tokens (total: 8608728 / 69914)
[16:04:19] [after +2691] [Context: 59902/131072 (45.7%)]
[16:04:19] [iter 5] [Context: 59902/131072 (45.7%)]
[16:04:19] INFO: AI request (iteration 5, msgs=224)
[16:04:21] INFO: AI response: 48078 prompt + 89 response tokens (total: 8656806 / 70003)
[16:04:21] [after +89] [Context: 60341/131072 (46.0%)]
[16:04:21] [iter 6] [Context: 60341/131072 (46.0%)]
[16:04:21] INFO: AI request (iteration 6, msgs=226)
[16:04:30] INFO: AI response: 48497 prompt + 973 response tokens (total: 8705303 / 70976)
[16:04:30] [after +973] [Context: 61393/131072 (46.8%)]
[16:04:30] [iter 7] [Context: 61393/131072 (46.8%)]
[16:04:30] INFO: AI request (iteration 7, msgs=228)
[16:04:32] INFO: AI response: 49473 prompt + 38 response tokens (total: 8754776 / 71014)
[16:04:32] [after +38] [Context: 61460/131072 (46.9%)]
[16:04:32] [iter 8] [Context: 61460/131072 (46.9%)]
[16:04:32] INFO: AI request (iteration 8, msgs=230)
[16:04:42] INFO: AI response: 49556 prompt + 1217 response tokens (total: 8804332 / 72231)
[16:04:42] [after +1217] [Context: 62586/131072 (47.7%)]
[16:04:42] [iter 9] [Context: 62586/131072 (47.7%)]
[16:04:42] INFO: AI request (iteration 9, msgs=232)
[16:04:44] INFO: AI response: 50782 prompt + 62 response tokens (total: 8855114 / 72293)
[16:04:44] [after +62] [Context: 63311/131072 (48.3%)]
[16:04:44] [iter 10] [Context: 63311/131072 (48.3%)]
[16:04:44] INFO: AI request (iteration 10, msgs=234)
[16:04:48] INFO: AI response: 51430 prompt + 44 response tokens (total: 8906544 / 72337)
[16:04:48] [after +44] [Context: 63617/131072 (48.5%)]
[16:04:48] Auto-continue: AI round 10/50 — task 8/10: Ensure /api/v1/admin/backups and /api/v1/admin/cache endpoin...
[16:04:48] [Context: 63680/131072 (48.6%)]
[16:04:48] [iter 1] [Context: 63680/131072 (48.6%)]
[16:04:48] INFO: AI request (iteration 1, msgs=237)
[16:04:51] INFO: AI response: 51747 prompt + 117 response tokens (total: 8958291 / 72454)
[16:04:51] ✓ ReplaceLine: Error: fromLine must be a number.
[16:04:51] [after +117] [Context: 63775/131072 (48.7%)]
[16:04:51] [iter 2] [Context: 63775/131072 (48.7%)]
[16:04:51] INFO: AI request (iteration 2, msgs=239)
[16:04:53] INFO: AI response: 51848 prompt + 202 response tokens (total: 9010139 / 72656)
[16:04:53] [after +202] [Context: 63981/131072 (48.8%)]
[16:04:53] [iter 3] [Context: 63981/131072 (48.8%)]
[16:04:53] INFO: AI request (iteration 3, msgs=241)
[16:04:56] INFO: AI response: 52057 prompt + 71 response tokens (total: 9062196 / 72727)
[16:04:56] [after +71] [Context: 64033/131072 (48.9%)]
[16:04:56] [iter 4] [Context: 64033/131072 (48.9%)]
[16:04:56] INFO: AI request (iteration 4, msgs=243)
[16:04:58] INFO: AI response: 52124 prompt + 60 response tokens (total: 9114320 / 72787)
[16:04:58] [after +60] [Context: 64098/131072 (48.9%)]
[16:04:58] [iter 5] [Context: 64159/131072 (48.9%)]
[16:04:58] INFO: AI request (iteration 5, msgs=245)
[16:05:06] INFO: AI response: 52188 prompt + 951 response tokens (total: 9166508 / 73738)
[16:05:06] [after +951] [Context: 64997/131072 (49.6%)]
[16:05:06] [iter 6] [Context: 64997/131072 (49.6%)]
[16:05:06] INFO: AI request (iteration 6, msgs=247)
[16:05:09] INFO: AI response: 53128 prompt + 127 response tokens (total: 9219636 / 73865)
[16:05:09] [after +127] [Context: 65278/131072 (49.8%)]
[16:05:09] [iter 7] [Context: 65278/131072 (49.8%)]
[16:05:09] INFO: AI request (iteration 7, msgs=251)
[16:05:12] INFO: AI response: 53387 prompt + 103 response tokens (total: 9273023 / 73968)
[16:05:12] [after +103] [Context: 66346/131072 (50.6%)]
[16:05:12] [iter 8] [Context: 66346/131072 (50.6%)]
[16:05:12] INFO: AI request (iteration 8, msgs=253)
[16:05:17] INFO: AI response: 54293 prompt + 76 response tokens (total: 9327316 / 74044)
[16:05:17] [after +76] [Context: 67490/131072 (51.5%)]
[16:05:17] [iter 9] [Context: 67490/131072 (51.5%)]
[16:05:17] INFO: AI request (iteration 9, msgs=255)
[16:05:20] INFO: AI response: 55290 prompt + 53 response tokens (total: 9382606 / 74097)
[16:05:20] [after +53] [Context: 68814/131072 (52.5%)]
[16:05:20] [iter 10] [Context: 68814/131072 (52.5%)]
[16:05:20] INFO: AI request (iteration 10, msgs=257)
[16:05:22] INFO: AI response: 56482 prompt + 55 response tokens (total: 9439088 / 74152)
[16:05:22] [after +55] [Context: 69339/131072 (52.9%)]
[16:05:22] Auto-continue: AI round 11/50 — task 9/10: Ensure /api/v1/admin/tenants, /api/v1/admin/search, and /api...
[16:05:22] [Context: 69405/131072 (53.0%)]
[16:05:22] [iter 1] [Context: 69405/131072 (53.0%)]
[16:05:22] INFO: AI request (iteration 1, msgs=260)
[16:05:49] INFO: AI response: 56998 prompt + 2881 response tokens (total: 9496086 / 77033)
[16:05:49] [after +2881] [Context: 72835/131072 (55.6%)]
[16:05:49] [iter 2] [Context: 72835/131072 (55.6%)]
[16:05:49] INFO: AI request (iteration 2, msgs=262)
[16:06:03] INFO: AI response: 59866 prompt + 1903 response tokens (total: 9555952 / 78936)
[16:06:03] [after +1903] [Context: 75210/131072 (57.4%)]
[16:06:03] [iter 3] [Context: 75210/131072 (57.4%)]
[16:06:03] INFO: AI request (iteration 3, msgs=264)
[16:06:05] INFO: AI response: 61783 prompt + 42 response tokens (total: 9617735 / 78978)
[16:06:05] [after +42] [Context: 75781/131072 (57.8%)]
[16:06:05] [iter 4] [Context: 75781/131072 (57.8%)]
[16:06:05] INFO: AI request (iteration 4, msgs=266)
[16:06:19] INFO: AI response: 62254 prompt + 1921 response tokens (total: 9679989 / 80899)
[16:06:19] [after +1921] [Context: 78160/131072 (59.6%)]
[16:06:19] [iter 5] [Context: 78160/131072 (59.6%)]
[16:06:19] INFO: AI request (iteration 5, msgs=268)
[16:06:23] INFO: AI response: 64177 prompt + 57 response tokens (total: 9744166 / 80956)
[16:06:23] [after +57] [Context: 78984/131072 (60.3%)]
[16:06:23] [iter 6] [Context: 78984/131072 (60.3%)]
[16:06:23] INFO: AI request (iteration 6, msgs=270)
[16:06:26] INFO: AI response: 64922 prompt + 48 response tokens (total: 9809088 / 81004)
[16:06:26] [after +48] [Context: 80078/131072 (61.1%)]
[16:06:26] [iter 7] [Context: 80078/131072 (61.1%)]
[16:06:26] INFO: AI request (iteration 7, msgs=272)
[16:06:44] INFO: AI response: 65792 prompt + 2072 response tokens (total: 9874880 / 83076)
[16:06:44] [after +2072] [Context: 82590/131072 (63.0%)]
[16:06:44] [iter 8] [Context: 82590/131072 (63.0%)]
[16:06:44] INFO: AI request (iteration 8, msgs=274)
[16:06:54] INFO: AI response: 67862 prompt + 1234 response tokens (total: 9942742 / 84310)
[16:06:54] [after +1234] [Context: 84037/131072 (64.1%)]
[16:06:54] [iter 9] [Context: 84037/131072 (64.1%)]
[16:06:54] INFO: AI request (iteration 9, msgs=276)
[16:06:57] INFO: AI response: 69108 prompt + 43 response tokens (total: 10011850 / 84353)
[16:06:57] [after +43] [Context: 84130/131072 (64.2%)]
[16:06:57] [iter 10] [Context: 84130/131072 (64.2%)]
[16:06:57] INFO: AI request (iteration 10, msgs=278)
[16:07:08] INFO: AI response: 69206 prompt + 1137 response tokens (total: 10081056 / 85490)
[16:07:08] [after +1137] [Context: 85240/131072 (65.0%)]
[16:07:08] Auto-continue: AI round 12/50 — task 9/10: Ensure /api/v1/admin/tenants, /api/v1/admin/search, and /api...
[16:07:08] [Context: 85306/131072 (65.1%)]
[16:07:08] [iter 1] [Context: 85306/131072 (65.1%)]
[16:07:08] INFO: AI request (iteration 1, msgs=281)
[16:07:11] INFO: AI response: 70405 prompt + 164 response tokens (total: 10151461 / 85654)
[16:07:11] [after +164] [Context: 85599/131072 (65.3%)]
[16:07:11] [iter 2] [Context: 85599/131072 (65.3%)]
[16:07:11] INFO: AI request (iteration 2, msgs=285)
[16:07:14] INFO: AI response: 70639 prompt + 132 response tokens (total: 10222100 / 85786)
[16:07:14] [after +132] [Context: 86780/131072 (66.2%)]
[16:07:14] [iter 3] [Context: 86780/131072 (66.2%)]
[16:07:14] INFO: AI request (iteration 3, msgs=287)
[16:07:28] INFO: AI response: 71899 prompt + 1786 response tokens (total: 10293999 / 87572)
[16:07:28] [after +1786] [Context: 88574/131072 (67.6%)]
[16:07:28] [iter 4] [Context: 88574/131072 (67.6%)]
[16:07:28] INFO: AI request (iteration 4, msgs=289)
[16:07:30] INFO: AI response: 73680 prompt + 44 response tokens (total: 10367679 / 87616)
[16:07:31] [after +44] [Context: 89020/131072 (67.9%)]
[16:07:31] [iter 5] [Context: 89020/131072 (67.9%)]
[16:07:31] INFO: AI request (iteration 5, msgs=291)
[16:07:33] INFO: AI response: 74146 prompt + 114 response tokens (total: 10441825 / 87730)
[16:07:33] [after +114] [Context: 90371/131072 (68.9%)]
[16:07:33] [iter 6] [Context: 90371/131072 (68.9%)]
[16:07:33] INFO: AI request (iteration 6, msgs=293)
[16:07:55] INFO: AI response: 75296 prompt + 3189 response tokens (total: 10517121 / 90919)
[16:07:55] [after +3189] [Context: 94105/131072 (71.8%)]
[16:07:55] [iter 7] [Context: 94105/131072 (71.8%)]
[16:07:55] INFO: AI request (iteration 7, msgs=295)
[16:08:12] INFO: AI response: 78454 prompt + 1997 response tokens (total: 10595575 / 92916)
[16:08:12] [after +1997] [Context: 96138/131072 (73.3%)]
[16:08:12] [iter 8] [Context: 96138/131072 (73.3%)]
[16:08:12] INFO: AI request (iteration 8, msgs=297)
[16:08:16] INFO: AI response: 80446 prompt + 109 response tokens (total: 10676021 / 93025)
[16:08:16] [after +109] [Context: 96715/131072 (73.8%)]
[16:08:16] [iter 9] [Context: 96715/131072 (73.8%)]
[16:08:16] INFO: AI request (iteration 9, msgs=299)
[16:08:33] INFO: AI response: 80956 prompt + 1751 response tokens (total: 10756977 / 94776)
[16:08:33] [after +1751] [Context: 98749/131072 (75.3%)]
[16:08:33] [iter 10] [Context: 98749/131072 (75.3%)]
[16:08:33] INFO: AI request (iteration 10, msgs=301)
[16:08:36] INFO: AI response: 82701 prompt + 47 response tokens (total: 10839678 / 94823)
[16:08:36] [after +47] [Context: 99225/131072 (75.7%)]
[16:08:36] Auto-continue: AI round 13/50 — task 10/10: Run through every admin UI section on the live KosDB-backed ...
[16:08:36] [Context: 99280/131072 (75.7%)]
[16:08:36] [iter 1] [Context: 99280/131072 (75.7%)]
[16:08:36] INFO: AI request (iteration 1, msgs=304)
[16:08:51] INFO: AI response: 83216 prompt + 1688 response tokens (total: 10922894 / 96511)
[16:08:51] [after +1688] [Context: 101223/131072 (77.2%)]
[16:08:51] [iter 2] [Context: 101223/131072 (77.2%)]
[16:08:51] INFO: AI request (iteration 2, msgs=306)
[16:08:53] INFO: AI response: 84911 prompt + 40 response tokens (total: 11007805 / 96551)
[16:08:54] [after +40] [Context: 102026/131072 (77.8%)]
[16:08:54] [iter 3] [Context: 102026/131072 (77.8%)]
[16:08:54] INFO: AI request (iteration 3, msgs=308)
[16:09:20] INFO: AI response: 85705 prompt + 3165 response tokens (total: 11093510 / 99716)
[16:09:20] [after +3165] [Context: 105751/131072 (80.7%)]
[16:09:25] [iter 4] [Context: 35239/131072 (26.9%)]
[16:09:25] INFO: AI request (iteration 4, msgs=110)
[16:09:27] INFO: AI response: 25798 prompt + 39 response tokens (total: 11119308 / 99755)
[16:09:27] [after +39] [Context: 35664/131072 (27.2%)]
[16:09:27] [iter 5] [Context: 35664/131072 (27.2%)]
[16:09:27] INFO: AI request (iteration 5, msgs=112)
[16:09:30] INFO: AI response: 26229 prompt + 75 response tokens (total: 11145537 / 99830)
[16:09:30] [after +75] [Context: 36487/131072 (27.8%)]
[16:09:30] [iter 6] [Context: 36487/131072 (27.8%)]
[16:09:30] INFO: AI request (iteration 6, msgs=114)
[16:09:32] INFO: AI response: 26985 prompt + 67 response tokens (total: 11172522 / 99897)
[16:09:32] [after +67] [Context: 36575/131072 (27.9%)]
[16:09:32] [iter 7] [Context: 36575/131072 (27.9%)]
[16:09:32] INFO: AI request (iteration 7, msgs=116)
[16:09:34] INFO: AI response: 27079 prompt + 58 response tokens (total: 11199601 / 99955)
[16:09:34] [after +58] [Context: 37149/131072 (28.3%)]
[16:09:34] [iter 8] [Context: 37149/131072 (28.3%)]
[16:09:34] INFO: AI request (iteration 8, msgs=118)
[16:09:48] INFO: AI response: 27560 prompt + 1883 response tokens (total: 11227161 / 101838)
[16:09:48] [after +1883] [Context: 39301/131072 (30.0%)]
[16:09:48] [iter 9] [Context: 39301/131072 (30.0%)]
[16:09:48] INFO: AI request (iteration 9, msgs=120)
[16:09:59] INFO: AI response: 29435 prompt + 1416 response tokens (total: 11256596 / 103254)
[16:09:59] [after +1416] [Context: 41047/131072 (31.3%)]
[16:09:59] [iter 10] [Context: 41047/131072 (31.3%)]
[16:09:59] INFO: AI request (iteration 10, msgs=122)
[16:10:10] INFO: AI response: 30865 prompt + 1321 response tokens (total: 11287461 / 104575)
[16:10:10] [after +1321] [Context: 42762/131072 (32.6%)]
[16:10:10] Auto-continue: AI round 14/50 — task 10/10: Run through every admin UI section on the live KosDB-backed ...
[16:10:10] [Context: 42817/131072 (32.7%)]
[16:10:10] [iter 1] [Context: 42817/131072 (32.7%)]
[16:10:10] INFO: AI request (iteration 1, msgs=125)
[16:10:12] INFO: AI response: 32243 prompt + 61 response tokens (total: 11319704 / 104636)
[16:10:12] [after +61] [Context: 43024/131072 (32.8%)]
[16:10:12] [iter 2] [Context: 43085/131072 (32.9%)]
[16:10:12] INFO: AI request (iteration 2, msgs=128)
[16:10:14] INFO: AI response: 32505 prompt + 52 response tokens (total: 11352209 / 104688)
[16:10:14] [after +52] [Context: 43249/131072 (33.0%)]
[16:10:14] [iter 3] [Context: 43249/131072 (33.0%)]
[16:10:14] INFO: AI request (iteration 3, msgs=130)
[16:10:16] INFO: AI response: 32670 prompt + 59 response tokens (total: 11384879 / 104747)
[16:10:16] [after +59] [Context: 43446/131072 (33.1%)]
[16:10:16] [iter 4] [Context: 43446/131072 (33.1%)]
[16:10:16] INFO: AI request (iteration 4, msgs=132)
[16:10:18] INFO: AI response: 33071 prompt + 60 response tokens (total: 11417950 / 104807)
[16:10:18] [after +60] [Context: 44776/131072 (34.2%)]
[16:10:18] [iter 5] [Context: 44776/131072 (34.2%)]
[16:10:18] INFO: AI request (iteration 5, msgs=134)
[16:10:36] INFO: AI response: 34185 prompt + 2584 response tokens (total: 11452135 / 107391)
[16:10:36] [after +2584] [Context: 47655/131072 (36.4%)]
[16:10:36] [iter 6] [Context: 47655/131072 (36.4%)]
[16:10:36] INFO: AI request (iteration 6, msgs=136)
[16:10:38] INFO: AI response: 36765 prompt + 39 response tokens (total: 11488900 / 107430)
[16:10:38] [after +39] [Context: 48137/131072 (36.7%)]
[16:10:38] [iter 7] [Context: 48137/131072 (36.7%)]
[16:10:38] INFO: AI request (iteration 7, msgs=138)
[16:10:52] INFO: AI response: 37207 prompt + 2205 response tokens (total: 11526107 / 109635)
[16:10:52] [after +2205] [Context: 50912/131072 (38.8%)]
[16:10:52] [iter 8] [Context: 50912/131072 (38.8%)]
[16:10:52] INFO: AI request (iteration 8, msgs=140)
[16:10:54] INFO: AI response: 39422 prompt + 44 response tokens (total: 11565529 / 109679)
[16:10:55] [after +44] [Context: 51244/131072 (39.1%)]
[16:10:55] [iter 9] [Context: 51244/131072 (39.1%)]
[16:10:55] INFO: AI request (iteration 9, msgs=142)
[16:10:57] INFO: AI response: 39783 prompt + 47 response tokens (total: 11605312 / 109726)
[16:10:57] [after +47] [Context: 52074/131072 (39.7%)]
[16:10:57] [iter 10] [Context: 52074/131072 (39.7%)]
[16:10:57] INFO: AI request (iteration 10, msgs=144)
[16:11:00] INFO: AI response: 40509 prompt + 60 response tokens (total: 11645821 / 109786)
[16:11:00] [after +60] [Context: 53403/131072 (40.7%)]
[16:11:00] Auto-continue: AI round 15/50 — task 10/10: Run through every admin UI section on the live KosDB-backed ...
[16:11:00] [Context: 53458/131072 (40.8%)]
[16:11:00] [iter 1] [Context: 53458/131072 (40.8%)]
[16:11:00] INFO: AI request (iteration 1, msgs=147)
[16:11:16] INFO: AI response: 41705 prompt + 2410 response tokens (total: 11687526 / 112196)
[16:11:16] [after +2410] [Context: 56407/131072 (43.0%)]
[16:11:16] [iter 2] [Context: 56407/131072 (43.0%)]
[16:11:16] INFO: AI request (iteration 2, msgs=149)
[16:11:18] INFO: AI response: 44115 prompt + 47 response tokens (total: 11731641 / 112243)
[16:11:18] [after +47] [Context: 57082/131072 (43.6%)]
[16:11:18] [iter 3] [Context: 57082/131072 (43.6%)]
[16:11:18] INFO: AI request (iteration 3, msgs=151)
[16:11:33] INFO: AI response: 44733 prompt + 1879 response tokens (total: 11776374 / 114122)
[16:11:33] [after +1879] [Context: 59524/131072 (45.4%)]
[16:11:33] [iter 4] [Context: 59524/131072 (45.4%)]
[16:11:33] INFO: AI request (iteration 4, msgs=153)
[16:11:35] INFO: AI response: 46623 prompt + 56 response tokens (total: 11822997 / 114178)
[16:11:36] [after +56] [Context: 59842/131072 (45.7%)]
[16:11:36] [iter 5] [Context: 59842/131072 (45.7%)]
[16:11:36] INFO: AI request (iteration 5, msgs=155)
[16:11:51] INFO: AI response: 46922 prompt + 1697 response tokens (total: 11869919 / 115875)
[16:11:51] [after +1697] [Context: 61438/131072 (46.9%)]
[16:11:51] [iter 6] [Context: 61438/131072 (46.9%)]
[16:11:51] INFO: AI request (iteration 6, msgs=157)
[16:12:00] INFO: AI response: 48622 prompt + 168 response tokens (total: 11918541 / 116043)
[16:12:00] [after +168] [Context: 61635/131072 (47.0%)]
[16:12:00] [iter 7] [Context: 61635/131072 (47.0%)]
[16:12:00] INFO: AI request (iteration 7, msgs=160)
[16:12:09] INFO: AI response: 48814 prompt + 631 response tokens (total: 11967355 / 116674)
[16:12:09] [after +631] [Context: 62288/131072 (47.5%)]
[16:12:09] You: 
[16:28:00] [Context: 62483/131072 (47.7%)]
[16:28:00] [iter 1] [Context: 62483/131072 (47.7%)]
[16:28:00] INFO: AI request (iteration 1, msgs=162)
[16:28:04] INFO: AI response: 49492 prompt + 181 response tokens (total: 12016847 / 116855)
[16:28:04] [after +181] [Context: 63321/131072 (48.3%)]
[16:28:04] [iter 2] [Context: 63321/131072 (48.3%)]
[16:28:04] INFO: AI request (iteration 2, msgs=164)
[16:28:07] INFO: AI response: 50234 prompt + 130 response tokens (total: 12067081 / 116985)
[16:28:07] [after +130] [Context: 64645/131072 (49.3%)]
[16:28:07] [iter 3] [Context: 64645/131072 (49.3%)]
[16:28:07] INFO: AI request (iteration 3, msgs=166)
[16:28:10] INFO: AI response: 51327 prompt + 67 response tokens (total: 12118408 / 117052)
[16:28:10] [after +67] [Context: 64733/131072 (49.4%)]
[16:28:10] [iter 4] [Context: 64733/131072 (49.4%)]
[16:28:10] INFO: AI request (iteration 4, msgs=168)
[16:28:12] INFO: AI response: 51421 prompt + 55 response tokens (total: 12169829 / 117107)
[16:28:12] [after +55] [Context: 66813/131072 (51.0%)]
[16:28:12] [iter 5] [Context: 66813/131072 (51.0%)]
[16:28:12] INFO: AI request (iteration 5, msgs=170)
[16:28:15] INFO: AI response: 53171 prompt + 74 response tokens (total: 12223000 / 117181)
[16:28:15] [after +74] [Context: 69394/131072 (52.9%)]
[16:28:15] [iter 6] [Context: 69394/131072 (52.9%)]
[16:28:15] INFO: AI request (iteration 6, msgs=172)
[16:28:17] INFO: AI response: 55370 prompt + 72 response tokens (total: 12278370 / 117253)
[16:28:17] [after +72] [Context: 72462/131072 (55.3%)]
[16:28:17] [iter 7] [Context: 72462/131072 (55.3%)]
[16:28:17] INFO: AI request (iteration 7, msgs=174)
[16:28:21] INFO: AI response: 57975 prompt + 53 response tokens (total: 12336345 / 117306)
[16:28:21] [after +53] [Context: 75638/131072 (57.7%)]
[16:28:21] [iter 8] [Context: 75638/131072 (57.7%)]
[16:28:21] INFO: AI request (iteration 8, msgs=176)
[16:28:45] INFO: AI response: 60666 prompt + 2978 response tokens (total: 12397011 / 120284)
[16:28:45] [after +2978] [Context: 79132/131072 (60.4%)]
[16:28:45] [iter 9] [Context: 79132/131072 (60.4%)]
[16:28:45] INFO: AI request (iteration 9, msgs=178)
[16:28:49] INFO: AI response: 63646 prompt + 195 response tokens (total: 12460657 / 120479)
[16:28:49] [after +195] [Context: 79348/131072 (60.5%)]
[16:28:49] You: 
[16:32:00] INFO: Session started, sess_id=343, mode=build, model=kimi-k2.5:cloud
[16:32:00] You: 
[16:32:03] [Context: 78939/262144 (30.1%)]
[16:32:03] [iter 1] [Context: 78939/262144 (30.1%)]
[16:32:03] INFO: AI request (iteration 1, msgs=180)
[16:32:07] <WriteFile
[Aborted: 'WriteFile' cannot be used in PLAN mode]
[16:32:07] Stream aborted: 'WriteFile' cannot be used in PLAN mode
[16:32:07] INFO: AI response: 0 prompt + 0 response tokens (total: 3241021 / 46614)
[16:32:07] [after +0] [Context: 79281/262144 (30.2%)]
[16:32:07] Model tried to use 'WriteFile' in PLAN mode.
[16:32:07]   1. Switch to BUILD mode (allow the tool)
[16:32:07]   2. Stay in PLAN mode (block the tool, continue planning)
[16:32:07]   3. Cancel AI (return to user prompt)
[16:32:07]   4. Continue (dismiss, let the model proceed)
[16:32:07] Choice (1-4): 
[16:32:15] You: 
[16:32:20] You: 
[16:34:27] [Context: 79427/262144 (30.3%)]
[16:34:27] [iter 1] [Context: 79427/262144 (30.3%)]
[16:34:27] INFO: AI request (iteration 1, msgs=183)
[16:34:30] INFO: AI response: 64165 prompt + 144 response tokens (total: 3305186 / 46758)
[16:34:30] [after +144] [Context: 81074/262144 (30.9%)]
[16:34:30] [iter 2] [Context: 81074/262144 (30.9%)]
[16:34:30] INFO: AI request (iteration 2, msgs=186)
[16:34:32] INFO: AI response: 65601 prompt + 58 response tokens (total: 3370787 / 46816)
[16:34:32] [after +58] [Context: 82401/262144 (31.4%)]
[16:34:32] [iter 3] [Context: 82401/262144 (31.4%)]
[16:34:32] INFO: AI request (iteration 3, msgs=188)
[16:34:35] INFO: AI response: 66788 prompt + 55 response tokens (total: 3437575 / 46871)
[16:34:35] [after +55] [Context: 84976/262144 (32.4%)]
[16:34:35] [iter 4] [Context: 84976/262144 (32.4%)]
[16:34:35] INFO: AI request (iteration 4, msgs=190)
[16:34:39] INFO: AI response: 69112 prompt + 50 response tokens (total: 3506687 / 46921)
[16:34:39] [after +50] [Context: 88809/262144 (33.9%)]
[16:34:39] [iter 5] [Context: 88809/262144 (33.9%)]
[16:34:39] INFO: AI request (iteration 5, msgs=192)
[16:34:41] INFO: AI response: 72501 prompt + 55 response tokens (total: 3579188 / 46976)
[16:34:41] [after +55] [Context: 93892/262144 (35.8%)]
[16:34:41] [iter 6] [Context: 93892/262144 (35.8%)]
[16:34:41] INFO: AI request (iteration 6, msgs=194)
[16:34:44] INFO: AI response: 76961 prompt + 47 response tokens (total: 3656149 / 47023)
[16:34:44] [after +47] [Context: 101463/262144 (38.7%)]
[16:34:44] [iter 7] [Context: 101463/262144 (38.7%)]
[16:34:44] INFO: AI request (iteration 7, msgs=196)
[16:34:47] INFO: AI response: 83436 prompt + 58 response tokens (total: 3739585 / 47081)
[16:34:47] [after +58] [Context: 111541/262144 (42.5%)]
[16:34:47] [iter 8] [Context: 111541/262144 (42.5%)]
[16:34:47] INFO: AI request (iteration 8, msgs=198)
[16:34:52] INFO: AI response: 92103 prompt + 168 response tokens (total: 3831688 / 47249)
[16:34:52] [after +168] [Context: 124119/262144 (47.3%)]
[16:34:52] [iter 9] [Context: 124119/262144 (47.3%)]
[16:34:52] INFO: AI request (iteration 9, msgs=200)
[16:34:55] INFO: AI response: 102795 prompt + 68 response tokens (total: 3934483 / 47317)
[16:34:55] [after +68] [Context: 139199/262144 (53.1%)]
[16:34:55] [iter 10] [Context: 139199/262144 (53.1%)]
[16:34:55] INFO: AI request (iteration 10, msgs=202)
[16:34:59] INFO: AI response: 115502 prompt + 129 response tokens (total: 4049985 / 47446)
[16:34:59] [after +129] [Context: 144282/262144 (55.0%)]
[16:34:59] Auto-continue: AI round 1/50 — continuing plan creation
[16:34:59] [Context: 144297/262144 (55.0%)]
[16:34:59] [iter 1] [Context: 144297/262144 (55.0%)]
[16:34:59] INFO: AI request (iteration 1, msgs=205)
[16:35:06] INFO: AI response: 119971 prompt + 221 response tokens (total: 4169956 / 47667)
[16:35:06] [after +221] [Context: 144561/262144 (55.1%)]
[16:35:06] [iter 2] [Context: 144561/262144 (55.1%)]
[16:35:06] INFO: AI request (iteration 2, msgs=207)
[16:35:10] INFO: AI response: 120197 prompt + 144 response tokens (total: 4290153 / 47811)
[16:35:10] [after +144] [Context: 144680/262144 (55.2%)]
[16:35:10] [iter 3] [Context: 144680/262144 (55.2%)]
[16:35:10] INFO: AI request (iteration 3, msgs=209)
[16:35:18] INFO: AI response: 120320 prompt + 112 response tokens (total: 4410473 / 47923)
[16:35:18] [after +112] [Context: 144804/262144 (55.2%)]
[16:35:18] [iter 4] [Context: 144804/262144 (55.2%)]
[16:35:18] INFO: AI request (iteration 4, msgs=211)
[16:35:21] INFO: AI response: 120445 prompt + 119 response tokens (total: 4530918 / 48042)
[16:35:21] [after +119] [Context: 144924/262144 (55.3%)]
[16:35:21] [iter 5] [Context: 144924/262144 (55.3%)]
[16:35:21] INFO: AI request (iteration 5, msgs=213)
[16:35:24] INFO: AI response: 120570 prompt + 114 response tokens (total: 4651488 / 48156)
[16:35:24] [after +114] [Context: 145043/262144 (55.3%)]
[16:35:24] [iter 6] [Context: 145043/262144 (55.3%)]
[16:35:24] INFO: AI request (iteration 6, msgs=215)
[16:35:28] INFO: AI response: 120692 prompt + 113 response tokens (total: 4772180 / 48269)
[16:35:28] [after +113] [Context: 145160/262144 (55.4%)]
[16:35:28] [iter 7] [Context: 145160/262144 (55.4%)]
[16:35:28] INFO: AI request (iteration 7, msgs=217)
[16:35:32] INFO: AI response: 120815 prompt + 118 response tokens (total: 4892995 / 48387)
[16:35:32] [after +118] [Context: 145275/262144 (55.4%)]
[16:35:32] [iter 8] [Context: 145275/262144 (55.4%)]
[16:35:32] INFO: AI request (iteration 8, msgs=219)
[16:35:35] INFO: AI response: 120938 prompt + 104 response tokens (total: 5013933 / 48491)
[16:35:35] [after +104] [Context: 145389/262144 (55.5%)]
[16:35:35] [iter 9] [Context: 145389/262144 (55.5%)]
[16:35:35] INFO: AI request (iteration 9, msgs=221)
[16:35:38] INFO: AI response: 121055 prompt + 101 response tokens (total: 5134988 / 48592)
[16:35:38] [after +101] [Context: 145504/262144 (55.5%)]
[16:35:38] [iter 10] [Context: 145504/262144 (55.5%)]
[16:35:38] INFO: AI request (iteration 10, msgs=223)
[16:35:41] INFO: AI response: 121172 prompt + 108 response tokens (total: 5256160 / 48700)
[16:35:41] [after +108] [Context: 145616/262144 (55.5%)]
[16:35:41] Auto-continue: AI round 2/50 — continuing plan creation
[16:35:41] [Context: 145692/262144 (55.6%)]
[16:35:41] [iter 1] [Context: 145692/262144 (55.6%)]
[16:35:41] INFO: AI request (iteration 1, msgs=227)
[16:35:45] INFO: AI response: 121355 prompt + 124 response tokens (total: 5377515 / 48824)
[16:35:45] [after +124] [Context: 145812/262144 (55.6%)]
[16:35:45] [iter 2] [Context: 145812/262144 (55.6%)]
[16:35:45] INFO: AI request (iteration 2, msgs=229)
[16:35:50] INFO: AI response: 121473 prompt + 115 response tokens (total: 5498988 / 48939)
[16:35:50] [after +115] [Context: 145935/262144 (55.7%)]
[16:35:50] [iter 3] [Context: 145935/262144 (55.7%)]
[16:35:50] INFO: AI request (iteration 3, msgs=231)
[16:35:53] INFO: AI response: 121596 prompt + 107 response tokens (total: 5620584 / 49046)
[16:35:53] [after +107] [Context: 146049/262144 (55.7%)]
[16:35:53] [iter 4] [Context: 146049/262144 (55.7%)]
[16:35:53] INFO: AI request (iteration 4, msgs=233)
[16:35:57] INFO: AI response: 121714 prompt + 114 response tokens (total: 5742298 / 49160)
[16:35:57] [after +114] [Context: 146169/262144 (55.8%)]
[16:35:57] [iter 5] [Context: 146169/262144 (55.8%)]
[16:35:57] INFO: AI request (iteration 5, msgs=235)
[16:36:01] INFO: AI response: 121839 prompt + 110 response tokens (total: 5864137 / 49270)
[16:36:01] [after +110] [Context: 146288/262144 (55.8%)]
[16:36:01] [iter 6] [Context: 146288/262144 (55.8%)]
[16:36:01] INFO: AI request (iteration 6, msgs=237)
[16:36:04] INFO: AI response: 121959 prompt + 112 response tokens (total: 5986096 / 49382)
[16:36:04] [after +112] [Context: 146415/262144 (55.9%)]
[16:36:04] [iter 7] [Context: 146415/262144 (55.9%)]
[16:36:04] INFO: AI request (iteration 7, msgs=239)
[16:36:07] INFO: AI response: 122079 prompt + 111 response tokens (total: 6108175 / 49493)
[16:36:07] [after +111] [Context: 146530/262144 (55.9%)]
[16:36:07] [iter 8] [Context: 146530/262144 (55.9%)]
[16:36:07] INFO: AI request (iteration 8, msgs=241)
[16:36:10] INFO: AI response: 122196 prompt + 39 response tokens (total: 6230371 / 49532)
[16:36:10] [after +39] [Context: 146585/262144 (55.9%)]
[16:36:10] Plan complete — switched to BUILD mode. Waiting for your instruction.
[16:36:10] You: 
[16:36:17] You: 
[16:36:25] [Context: 146585/262144 (55.9%)]
[16:36:25] [iter 1] [Context: 146585/262144 (55.9%)]
[16:36:25] INFO: AI request (iteration 1, msgs=244)
[16:36:29] INFO: AI response: 122263 prompt + 171 response tokens (total: 6352634 / 49703)
[16:36:29] ✓ ReadFile: Error: Missing required parameter(s): fileName
Usage:
<ReadFile>
<fileName>string</fileName>
<max_chars>string</max_chars>
</ReadFile>
[16:36:29] [after +171] [Context: 146667/262144 (55.9%)]
[16:36:29] [iter 2] [Context: 146667/262144 (55.9%)]
[16:36:29] INFO: AI request (iteration 2, msgs=246)
[16:36:31] INFO: AI response: 122345 prompt + 49 response tokens (total: 6474979 / 49752)
[16:36:31] [after +49] [Context: 149242/262144 (56.9%)]
[16:36:31] [iter 3] [Context: 149242/262144 (56.9%)]
[16:36:31] INFO: AI request (iteration 3, msgs=248)
[16:36:34] INFO: AI response: 124669 prompt + 74 response tokens (total: 6599648 / 49826)
[16:36:34] [after +74] [Context: 153075/262144 (58.4%)]
[16:36:34] [iter 4] [Context: 153075/262144 (58.4%)]
[16:36:34] INFO: AI request (iteration 4, msgs=250)
[16:36:42] INFO: AI response: 128058 prompt + 574 response tokens (total: 6727706 / 50400)
[16:36:42] [after +574] [Context: 153639/262144 (58.6%)]
[16:36:42] [iter 5] [Context: 153639/262144 (58.6%)]
[16:36:42] INFO: AI request (iteration 5, msgs=252)
[16:36:44] INFO: AI response: 128596 prompt + 49 response tokens (total: 6856302 / 50449)
[16:36:44] [after +49] [Context: 173188/262144 (66.1%)]
[16:36:44] [iter 6] [Context: 173188/262144 (66.1%)]
[16:36:44] INFO: AI request (iteration 6, msgs=254)
[16:36:57] INFO: AI response: 145089 prompt + 797 response tokens (total: 7001391 / 51246)
[16:36:57] [after +797] [Context: 173248/262144 (66.1%)]
[16:36:57] [iter 7] [Context: 173248/262144 (66.1%)]
[16:36:57] INFO: AI request (iteration 7, msgs=256)
[16:37:01] INFO: AI response: 145147 prompt + 110 response tokens (total: 7146538 / 51356)
[16:37:01] [after +110] [Context: 173368/262144 (66.1%)]
[16:37:01] [iter 8] [Context: 173368/262144 (66.1%)]
[16:37:01] INFO: AI request (iteration 8, msgs=258)
[16:37:03] INFO: AI response: 145266 prompt + 52 response tokens (total: 7291804 / 51408)
[16:37:03] [after +52] [Context: 173434/262144 (66.2%)]
[16:37:03] [iter 9] [Context: 173434/262144 (66.2%)]
[16:37:03] INFO: AI request (iteration 9, msgs=260)
[16:37:07] INFO: AI response: 145343 prompt + 73 response tokens (total: 7437147 / 51481)
[16:37:07] [after +73] [Context: 173498/262144 (66.2%)]
[16:37:07] [iter 10] [Context: 173498/262144 (66.2%)]
[16:37:07] INFO: AI request (iteration 10, msgs=262)
[16:37:12] INFO: AI response: 145427 prompt + 88 response tokens (total: 7582574 / 51569)
[16:37:12] [after +88] [Context: 173592/262144 (66.2%)]
[16:37:12] Auto-continue: AI round 1/50 — task 11/27: 
[16:37:12] [Context: 173605/262144 (66.2%)]
[16:37:12] [iter 1] [Context: 173605/262144 (66.2%)]
[16:37:12] INFO: AI request (iteration 1, msgs=265)
[16:37:17] INFO: AI response: 145525 prompt + 124 response tokens (total: 7728099 / 51693)
[16:37:17] [after +124] [Context: 173702/262144 (66.3%)]
[16:37:17] [iter 2] [Context: 173702/262144 (66.3%)]
[16:37:17] INFO: AI request (iteration 2, msgs=267)
[16:37:20] INFO: AI response: 145610 prompt + 77 response tokens (total: 7873709 / 51770)
[16:37:20] [after +77] [Context: 175782/262144 (67.1%)]
[16:37:20] [iter 3] [Context: 175782/262144 (67.1%)]
[16:37:20] INFO: AI request (iteration 3, msgs=269)
[16:37:41] INFO: AI response: 147476 prompt + 2300 response tokens (total: 8021185 / 54070)
[16:37:41] [after +2300] [Context: 178764/262144 (68.2%)]
[16:37:41] [iter 4] [Context: 178825/262144 (68.2%)]
[16:37:41] INFO: AI request (iteration 4, msgs=272)
[16:37:44] INFO: AI response: 149839 prompt + 53 response tokens (total: 8171024 / 54123)
[16:37:44] [after +53] [Context: 178899/262144 (68.2%)]
[16:37:44] [iter 5] [Context: 178899/262144 (68.2%)]
[16:37:44] INFO: AI request (iteration 5, msgs=274)
[16:37:47] INFO: AI response: 149919 prompt + 80 response tokens (total: 8320943 / 54203)
[16:37:47] [after +80] [Context: 178973/262144 (68.3%)]
[16:37:47] [iter 6] [Context: 178973/262144 (68.3%)]
[16:37:47] INFO: AI request (iteration 6, msgs=276)
[16:37:51] INFO: AI response: 150009 prompt + 108 response tokens (total: 8470952 / 54311)
[16:37:51] [after +108] [Context: 179089/262144 (68.3%)]
[16:37:51] [iter 7] [Context: 179089/262144 (68.3%)]
[16:37:51] INFO: AI request (iteration 7, msgs=278)
[16:37:54] INFO: AI response: 150110 prompt + 119 response tokens (total: 8621062 / 54430)
[16:37:54] [after +119] [Context: 180457/262144 (68.8%)]
[16:37:54] [iter 8] [Context: 180457/262144 (68.8%)]
[16:37:54] INFO: AI request (iteration 8, msgs=280)
[16:37:57] INFO: AI response: 151338 prompt + 71 response tokens (total: 8772400 / 54501)
[16:37:57] [after +71] [Context: 181780/262144 (69.3%)]
[16:37:57] [iter 9] [Context: 181780/262144 (69.3%)]
[16:37:57] INFO: AI request (iteration 9, msgs=282)
[16:38:01] INFO: AI response: 152405 prompt + 163 response tokens (total: 8924805 / 54664)
[16:38:01] [after +163] [Context: 181946/262144 (69.4%)]
[16:38:01] [iter 10] [Context: 181946/262144 (69.4%)]
[16:38:01] INFO: AI request (iteration 10, msgs=284)
[16:38:05] INFO: AI response: 152562 prompt + 180 response tokens (total: 9077367 / 54844)
[16:38:05] [after +180] [Context: 182038/262144 (69.4%)]
[16:38:05] Auto-continue: AI round 2/50 — task 11/27: 
[16:38:05] [Context: 182051/262144 (69.4%)]
[16:38:05] [iter 1] [Context: 182051/262144 (69.4%)]
[16:38:05] INFO: AI request (iteration 1, msgs=287)
[16:38:08] INFO: AI response: 152658 prompt + 225 response tokens (total: 9230025 / 55069)
[16:38:08] [after +225] [Context: 183420/262144 (70.0%)]
[16:38:08] [iter 2] [Context: 183420/262144 (70.0%)]
[16:38:08] INFO: AI request (iteration 2, msgs=289)
[16:38:11] INFO: AI response: 153840 prompt + 56 response tokens (total: 9383865 / 55125)
[16:38:11] [after +56] [Context: 185997/262144 (71.0%)]
[16:38:11] [iter 3] [Context: 185997/262144 (71.0%)]
[16:38:11] INFO: AI request (iteration 3, msgs=291)
[16:38:14] INFO: AI response: 155933 prompt + 56 response tokens (total: 9539798 / 55181)
[16:38:14] [after +56] [Context: 186575/262144 (71.2%)]
[16:38:14] [iter 4] [Context: 186575/262144 (71.2%)]
[16:38:14] INFO: AI request (iteration 4, msgs=293)
[16:38:17] INFO: AI response: 156427 prompt + 128 response tokens (total: 9696225 / 55309)
[16:38:17] [after +128] [Context: 186717/262144 (71.2%)]
[16:38:17] [iter 5] [Context: 186717/262144 (71.2%)]
[16:38:17] INFO: AI request (iteration 5, msgs=295)
[16:38:21] INFO: AI response: 156579 prompt + 142 response tokens (total: 9852804 / 55451)
[16:38:21] [after +142] [Context: 186823/262144 (71.3%)]
[16:38:21] [iter 6] [Context: 186823/262144 (71.3%)]
[16:38:21] INFO: AI request (iteration 6, msgs=297)
[16:38:24] INFO: AI response: 156680 prompt + 218 response tokens (total: 10009484 / 55669)
[16:38:24] [after +218] [Context: 187023/262144 (71.3%)]
[16:38:24] [iter 7] [Context: 187023/262144 (71.3%)]
[16:38:24] INFO: AI request (iteration 7, msgs=299)
[16:38:27] INFO: AI response: 156885 prompt + 100 response tokens (total: 10166369 / 55769)
[16:38:27] [after +100] [Context: 187125/262144 (71.4%)]
[16:38:27] [iter 8] [Context: 187125/262144 (71.4%)]
[16:38:27] INFO: AI request (iteration 8, msgs=301)
[16:38:30] INFO: AI response: 156987 prompt + 114 response tokens (total: 10323356 / 55883)
[16:38:30] [after +114] [Context: 187320/262144 (71.5%)]
[16:38:30] [iter 9] [Context: 187320/262144 (71.5%)]
[16:38:30] INFO: AI request (iteration 9, msgs=303)
[16:38:33] INFO: AI response: 157200 prompt + 92 response tokens (total: 10480556 / 55975)
[16:38:33] [after +92] [Context: 187421/262144 (71.5%)]
[16:38:33] [iter 10] [Context: 187421/262144 (71.5%)]
[16:38:33] INFO: AI request (iteration 10, msgs=305)
[16:38:36] INFO: AI response: 157302 prompt + 101 response tokens (total: 10637858 / 56076)
[16:38:36] [after +101] [Context: 187533/262144 (71.5%)]
[16:38:36] Auto-continue: AI round 3/50 — task 11/27: 
[16:38:36] [Context: 187546/262144 (71.5%)]
[16:38:36] [iter 1] [Context: 187546/262144 (71.5%)]
[16:38:36] INFO: AI request (iteration 1, msgs=308)
[16:38:40] INFO: AI response: 157425 prompt + 138 response tokens (total: 10795283 / 56214)
[16:38:40] [after +138] [Context: 187720/262144 (71.6%)]
[16:38:40] [iter 2] [Context: 187720/262144 (71.6%)]
[16:38:40] INFO: AI request (iteration 2, msgs=310)
[16:38:44] INFO: AI response: 157592 prompt + 87 response tokens (total: 10952875 / 56301)
[16:38:44] [after +87] [Context: 187865/262144 (71.7%)]
[16:38:44] [iter 3] [Context: 187865/262144 (71.7%)]
[16:38:44] INFO: AI request (iteration 3, msgs=312)
[16:38:47] INFO: AI response: 157734 prompt + 116 response tokens (total: 11110609 / 56417)
[16:38:47] [after +116] [Context: 188002/262144 (71.7%)]
[16:38:47] [iter 4] [Context: 188063/262144 (71.7%)]
[16:38:47] INFO: AI request (iteration 4, msgs=315)
[16:38:53] INFO: AI response: 157912 prompt + 281 response tokens (total: 11268521 / 56698)
[16:38:53] [after +281] [Context: 188348/262144 (71.8%)]
[16:38:53] [iter 5] [Context: 188348/262144 (71.8%)]
[16:38:53] INFO: AI request (iteration 5, msgs=317)
[16:38:56] INFO: AI response: 158188 prompt + 77 response tokens (total: 11426709 / 56775)
[16:38:56] [after +77] [Context: 188442/262144 (71.9%)]
[16:38:56] [iter 6] [Context: 188442/262144 (71.9%)]
[16:38:56] INFO: AI request (iteration 6, msgs=319)
[16:39:07] INFO: AI response: 158272 prompt + 1228 response tokens (total: 11584981 / 58003)
[16:39:07] [after +1228] [Context: 189572/262144 (72.3%)]
[16:39:07] [iter 7] [Context: 189572/262144 (72.3%)]
[16:39:07] INFO: AI request (iteration 7, msgs=321)
[16:39:11] INFO: AI response: 159350 prompt + 260 response tokens (total: 11744331 / 58263)
[16:39:11] [after +260] [Context: 189993/262144 (72.5%)]
[16:39:11] [iter 8] [Context: 189993/262144 (72.5%)]
[16:39:11] INFO: AI request (iteration 8, msgs=323)
[16:39:13] INFO: AI response: 159725 prompt + 59 response tokens (total: 11904056 / 58322)
[16:39:13] [after +59] [Context: 190065/262144 (72.5%)]
[16:39:13] [iter 9] [Context: 190065/262144 (72.5%)]
[16:39:13] INFO: AI request (iteration 9, msgs=326)
[16:39:19] INFO: AI response: 159788 prompt + 528 response tokens (total: 12063844 / 58850)
[16:39:19] [after +528] [Context: 190522/262144 (72.7%)]
[16:39:19] [iter 10] [Context: 190522/262144 (72.7%)]
[16:39:19] INFO: AI request (iteration 10, msgs=328)
[16:39:27] INFO: AI response: 160303 prompt + 1090 response tokens (total: 12224147 / 59940)
[16:39:27] [after +1090] [Context: 191548/262144 (73.1%)]
[16:39:27] Auto-continue: AI round 4/50 — task 12/27: 
[16:39:27] [Context: 191561/262144 (73.1%)]
[16:39:27] [iter 1] [Context: 191561/262144 (73.1%)]
[16:39:27] INFO: AI request (iteration 1, msgs=331)
[16:39:31] INFO: AI response: 161410 prompt + 60 response tokens (total: 12385557 / 60000)
[16:39:31] [after +60] [Context: 191942/262144 (73.2%)]
[16:39:31] [iter 2] [Context: 191942/262144 (73.2%)]
[16:39:31] INFO: AI request (iteration 2, msgs=333)
[16:39:43] INFO: AI response: 161680 prompt + 583 response tokens (total: 12547237 / 60583)
[16:39:44] [after +583] [Context: 192408/262144 (73.4%)]
[16:39:44] [iter 3] [Context: 192408/262144 (73.4%)]
[16:39:44] INFO: AI request (iteration 3, msgs=335)
[16:39:50] INFO: AI response: 162144 prompt + 302 response tokens (total: 12709381 / 60885)
[16:39:51] [after +302] [Context: 192829/262144 (73.6%)]
[16:39:51] [iter 4] [Context: 192829/262144 (73.6%)]
[16:39:51] INFO: AI request (iteration 4, msgs=337)
[16:40:08] INFO: AI response: 162557 prompt + 867 response tokens (total: 12871938 / 61752)
[16:40:08] [after +867] [Context: 193790/262144 (73.9%)]
[16:40:08] [iter 5] [Context: 193790/262144 (73.9%)]
[16:40:08] INFO: AI request (iteration 5, msgs=339)
[16:40:12] INFO: AI response: 163400 prompt + 90 response tokens (total: 13035338 / 61842)
[16:40:12] [after +90] [Context: 193880/262144 (74.0%)]
[16:40:12] [iter 6] [Context: 193880/262144 (74.0%)]
[16:40:12] INFO: AI request (iteration 6, msgs=341)
[16:40:17] INFO: AI response: 163480 prompt + 267 response tokens (total: 13198818 / 62109)
[16:40:17] [after +267] [Context: 193918/262144 (74.0%)]
[16:40:17] [iter 7] [Context: 193918/262144 (74.0%)]
[16:40:17] INFO: AI request (iteration 7, msgs=344)
[16:40:30] INFO: AI response: 163516 prompt + 996 response tokens (total: 13362334 / 63105)
[16:40:30] [after +996] [Context: 195048/262144 (74.4%)]
[16:40:30] Auto-continue: task 13/27 — (continue with the plan)
[16:40:30] [iter 8] [Context: 195068/262144 (74.4%)]
[16:40:30] INFO: AI request (iteration 8, msgs=346)
[16:40:42] INFO: AI response: 163869 prompt + 882 response tokens (total: 13526203 / 63987)
[16:40:42] [after +882] [Context: 195443/262144 (74.6%)]
[16:40:42] [iter 9] [Context: 195443/262144 (74.6%)]
[16:40:42] INFO: AI request (iteration 9, msgs=348)
[16:40:56] INFO: AI response: 164215 prompt + 760 response tokens (total: 13690418 / 64747)
[16:40:57] [after +760] [Context: 196014/262144 (74.8%)]
[16:40:57] [iter 10] [Context: 196014/262144 (74.8%)]
[16:40:57] INFO: AI request (iteration 10, msgs=350)
[16:41:03] INFO: AI response: 164791 prompt + 452 response tokens (total: 13855209 / 65199)
[16:41:03] [after +452] [Context: 196551/262144 (75.0%)]
[16:41:03] Auto-continue: AI round 5/50 — task 13/27: 
[16:41:03] [Context: 196564/262144 (75.0%)]
[16:41:03] [iter 1] [Context: 196564/262144 (75.0%)]
[16:41:03] INFO: AI request (iteration 1, msgs=353)
[16:41:09] INFO: AI response: 165357 prompt + 519 response tokens (total: 14020566 / 65718)
[16:41:10] [after +519] [Context: 197250/262144 (75.2%)]
[16:41:10] [iter 2] [Context: 197250/262144 (75.2%)]
[16:41:10] INFO: AI request (iteration 2, msgs=355)
[16:41:24] INFO: AI response: 166040 prompt + 1482 response tokens (total: 14186606 / 67200)
[16:41:24] [after +1482] [Context: 198999/262144 (75.9%)]
[16:41:24] [iter 3] [Context: 198999/262144 (75.9%)]
[16:41:24] INFO: AI request (iteration 3, msgs=357)
[16:41:28] INFO: AI response: 167401 prompt + 193 response tokens (total: 14354007 / 67393)
[16:41:28] [after +193] [Context: 199312/262144 (76.0%)]
[16:41:28] [iter 4] [Context: 199312/262144 (76.0%)]
[16:41:28] INFO: AI request (iteration 4, msgs=359)
[16:41:31] INFO: AI response: 167735 prompt + 90 response tokens (total: 14521742 / 67483)
[16:41:31] [after +90] [Context: 199414/262144 (76.1%)]
[16:41:31] [iter 5] [Context: 199414/262144 (76.1%)]
[16:41:31] INFO: AI request (iteration 5, msgs=361)
[16:41:55] INFO: AI response: 167825 prompt + 2471 response tokens (total: 14689567 / 69954)
[16:41:55] [after +2471] [Context: 201797/262144 (77.0%)]
[16:41:55] [iter 6] [Context: 201797/262144 (77.0%)]
[16:41:55] INFO: AI request (iteration 6, msgs=363)
[16:41:59] INFO: AI response: 170242 prompt + 54 response tokens (total: 14859809 / 70008)
[16:41:59] [after +54] [Context: 202235/262144 (77.1%)]
[16:41:59] [iter 7] [Context: 202235/262144 (77.1%)]
[16:41:59] INFO: AI request (iteration 7, msgs=365)
[16:42:10] INFO: AI response: 170636 prompt + 849 response tokens (total: 15030445 / 70857)
[16:42:10] [after +849] [Context: 203157/262144 (77.5%)]
[16:42:10] [iter 8] [Context: 203157/262144 (77.5%)]
[16:42:10] INFO: AI request (iteration 8, msgs=367)
[16:42:13] INFO: AI response: 171480 prompt + 22 response tokens (total: 15201925 / 70879)
[16:42:13] [after +22] [Context: 203195/262144 (77.5%)]
[16:42:13] [iter 9] [Context: 203195/262144 (77.5%)]
[16:42:13] INFO: AI request (iteration 9, msgs=370)
[16:42:40] INFO: AI response: 171516 prompt + 3280 response tokens (total: 15373441 / 74159)
[16:42:40] [after +3280] [Context: 205934/262144 (78.6%)]
[16:42:40] [iter 10] [Context: 205934/262144 (78.6%)]
[16:42:40] INFO: AI request (iteration 10, msgs=372)
[16:43:01] INFO: AI response: 174570 prompt + 1086 response tokens (total: 15548011 / 75245)
[16:43:01] [after +1086] [Context: 207049/262144 (79.0%)]
[16:43:01] Auto-continue: AI round 6/50 — task 14/27: 
[16:43:01] [Context: 207062/262144 (79.0%)]
[16:43:01] [iter 1] [Context: 207062/262144 (79.0%)]
[16:43:01] INFO: AI request (iteration 1, msgs=375)
[16:43:09] INFO: AI response: 175671 prompt + 310 response tokens (total: 15723682 / 75555)
[16:43:09] [after +310] [Context: 207157/262144 (79.0%)]
[16:43:09] [iter 2] [Context: 207157/262144 (79.0%)]
[16:43:09] INFO: AI request (iteration 2, msgs=377)
[16:43:33] INFO: AI response: 175763 prompt + 2045 response tokens (total: 15899445 / 77600)
[16:43:33] [after +2045] [Context: 209691/262144 (80.0%)]
[16:43:33] [iter 3] [Context: 209691/262144 (80.0%)]
[16:43:33] INFO: AI request (iteration 3, msgs=379)
[16:43:38] INFO: AI response: 177810 prompt + 108 response tokens (total: 16077255 / 77708)
[16:43:38] [after +108] [Context: 209764/262144 (80.0%)]
[16:43:52] [iter 4] [Context: 20555/262144 (7.8%)]
[16:43:52] INFO: AI request (iteration 4, msgs=101)
[16:43:55] INFO: AI response: 13509 prompt + 117 response tokens (total: 16090764 / 77825)
[16:43:55] [after +117] [Context: 20673/262144 (7.9%)]
[16:43:55] [iter 5] [Context: 20673/262144 (7.9%)]
[16:43:55] INFO: AI request (iteration 5, msgs=103)
[16:44:03] INFO: AI response: 13621 prompt + 660 response tokens (total: 16104385 / 78485)
[16:44:03] [after +660] [Context: 21335/262144 (8.1%)]
[16:44:03] [iter 6] [Context: 21335/262144 (8.1%)]
[16:44:03] INFO: AI request (iteration 6, msgs=105)
[16:44:04] INFO: AI response: 14277 prompt + 41 response tokens (total: 16118662 / 78526)
[16:44:06] [after +41] [Context: 22360/262144 (8.5%)]
[16:44:06] [iter 7] [Context: 22360/262144 (8.5%)]
[16:44:06] INFO: AI request (iteration 7, msgs=107)
[16:44:09] INFO: AI response: 15034 prompt + 73 response tokens (total: 16133696 / 78599)
[16:44:09] [after +73] [Context: 22668/262144 (8.6%)]
[16:44:09] [iter 8] [Context: 22668/262144 (8.6%)]
[16:44:09] INFO: AI request (iteration 8, msgs=109)
[16:44:30] INFO: AI response: 15344 prompt + 2517 response tokens (total: 16149040 / 81116)
[16:44:30] [after +2517] [Context: 25679/262144 (9.8%)]
[16:44:30] [iter 9] [Context: 25679/262144 (9.8%)]
[16:44:30] INFO: AI request (iteration 9, msgs=111)
[16:44:32] INFO: AI response: 17857 prompt + 41 response tokens (total: 16166897 / 81157)
[16:44:32] [after +41] [Context: 27014/262144 (10.3%)]
[16:44:32] [iter 10] [Context: 27014/262144 (10.3%)]
[16:44:32] INFO: AI request (iteration 10, msgs=113)
[16:44:53] INFO: AI response: 18906 prompt + 2560 response tokens (total: 16185803 / 83717)
[16:44:53] [after +2560] [Context: 30075/262144 (11.5%)]
[16:44:53] Auto-continue: AI round 7/50 — task 14/27: 
[16:44:53] [Context: 30088/262144 (11.5%)]
[16:44:53] [iter 1] [Context: 30088/262144 (11.5%)]
[16:44:53] INFO: AI request (iteration 1, msgs=116)
[16:44:55] INFO: AI response: 21464 prompt + 60 response tokens (total: 16207267 / 83777)
[16:44:56] [after +60] [Context: 31467/262144 (12.0%)]
[16:44:56] [iter 2] [Context: 31467/262144 (12.0%)]
[16:44:56] INFO: AI request (iteration 2, msgs=118)
[16:45:22] INFO: AI response: 22620 prompt + 2573 response tokens (total: 16229887 / 86350)
[16:45:22] [after +2573] [Context: 34516/262144 (13.2%)]
[16:45:22] [iter 3] [Context: 34516/262144 (13.2%)]
[16:45:22] INFO: AI request (iteration 3, msgs=120)
[16:45:27] INFO: AI response: 25183 prompt + 66 response tokens (total: 16255070 / 86416)
[16:45:27] [after +66] [Context: 35443/262144 (13.5%)]
[16:45:27] [iter 4] [Context: 35443/262144 (13.5%)]
[16:45:27] INFO: AI request (iteration 4, msgs=122)
[16:45:33] INFO: AI response: 25941 prompt + 640 response tokens (total: 16281011 / 87056)
[16:45:33] [after +640] [Context: 36081/262144 (13.8%)]
[16:45:33] [iter 5] [Context: 36081/262144 (13.8%)]
[16:45:33] INFO: AI request (iteration 5, msgs=124)
[16:45:35] INFO: AI response: 26574 prompt + 42 response tokens (total: 16307585 / 87098)
[16:45:37] [after +42] [Context: 37967/262144 (14.5%)]
[16:45:37] [iter 6] [Context: 37967/262144 (14.5%)]
[16:45:37] INFO: AI request (iteration 6, msgs=126)
[16:45:52] INFO: AI response: 28004 prompt + 1687 response tokens (total: 16335589 / 88785)
[16:45:52] [after +1687] [Context: 39686/262144 (15.1%)]
[16:45:52] [iter 7] [Context: 39686/262144 (15.1%)]
[16:45:52] INFO: AI request (iteration 7, msgs=128)
[16:45:55] INFO: AI response: 29694 prompt + 108 response tokens (total: 16365283 / 88893)
[16:45:55] [after +108] [Context: 39801/262144 (15.2%)]
[16:45:55] [iter 8] [Context: 39801/262144 (15.2%)]
[16:45:55] INFO: AI request (iteration 8, msgs=130)
[16:46:00] INFO: AI response: 29805 prompt + 438 response tokens (total: 16395088 / 89331)
[16:46:00] [after +438] [Context: 40113/262144 (15.3%)]
[16:46:00] [iter 9] [Context: 40174/262144 (15.3%)]
[16:46:00] INFO: AI request (iteration 9, msgs=133)
[16:46:02] INFO: AI response: 30206 prompt + 158 response tokens (total: 16425294 / 89489)
[16:46:02] [after +158] [Context: 40212/262144 (15.3%)]
[16:46:02] [iter 10] [Context: 40212/262144 (15.3%)]
[16:46:02] INFO: AI request (iteration 10, msgs=136)
[16:46:10] INFO: AI response: 30243 prompt + 605 response tokens (total: 16455537 / 90094)
[16:46:10] [after +605] [Context: 40686/262144 (15.5%)]
[16:46:10] Auto-continue: AI round 8/50 — task 15/27: 
[16:46:10] [Context: 40699/262144 (15.5%)]
[16:46:10] [iter 1] [Context: 40699/262144 (15.5%)]
[16:46:10] INFO: AI request (iteration 1, msgs=139)
[16:46:18] INFO: AI response: 30776 prompt + 937 response tokens (total: 16486313 / 91031)
[16:46:18] [after +937] [Context: 41676/262144 (15.9%)]
[16:46:18] [iter 2] [Context: 41676/262144 (15.9%)]
[16:46:18] INFO: AI request (iteration 2, msgs=141)
[16:46:22] INFO: AI response: 31686 prompt + 354 response tokens (total: 16517999 / 91385)
[16:46:22] [after +354] [Context: 41902/262144 (16.0%)]
[16:46:22] [iter 3] [Context: 41902/262144 (16.0%)]
[16:46:22] INFO: AI request (iteration 3, msgs=143)
[16:46:25] INFO: AI response: 31974 prompt + 229 response tokens (total: 16549973 / 91614)
[16:46:25] [after +229] [Context: 42057/262144 (16.0%)]
[16:46:25] [iter 4] [Context: 42057/262144 (16.0%)]
[16:46:25] INFO: AI request (iteration 4, msgs=145)
[16:46:30] INFO: AI response: 32212 prompt + 187 response tokens (total: 16582185 / 91801)
[16:46:30] [after +187] [Context: 42231/262144 (16.1%)]
[16:46:30] [iter 5] [Context: 42231/262144 (16.1%)]
[16:46:30] INFO: AI request (iteration 5, msgs=147)
[16:46:37] INFO: AI response: 32404 prompt + 604 response tokens (total: 16614589 / 92405)
[16:46:37] [after +604] [Context: 42802/262144 (16.3%)]
[16:46:37] [iter 6] [Context: 42802/262144 (16.3%)]
[16:46:37] INFO: AI request (iteration 6, msgs=149)
[16:46:38] INFO: AI response: 33015 prompt + 41 response tokens (total: 16647604 / 92446)
[16:46:38] ✓ Terminal: Error: Program 'docker' is not in the allowed programs list.
Allowed: ls, dir, cat, echo, pwd, whoami, date, id, grep, find, sort, head, tail, wc, awk, sed, bash, sh, python3, python, node, perl, ruby, git, make, cmake, gcc, g++, ping, curl, wget, netstat, ss, ps, top, df, du, free, mkdir, cp, mv, touch, rm, rmdir, ln, install, chmod, chown, cd, ollama, pip, pip3, nvidia-smi, ffmpeg, ffprobe
[16:46:38] [after +41] [Context: 42932/262144 (16.4%)]
[16:46:38] [iter 7] [Context: 42932/262144 (16.4%)]
[16:46:38] INFO: AI request (iteration 7, msgs=151)
[16:46:49] INFO: AI response: 33192 prompt + 1422 response tokens (total: 16680796 / 93868)
[16:46:49] [after +1422] [Context: 44275/262144 (16.9%)]
[16:46:49] [iter 8] [Context: 44275/262144 (16.9%)]
[16:46:49] INFO: AI request (iteration 8, msgs=153)
[16:46:52] INFO: AI response: 34611 prompt + 276 response tokens (total: 16715407 / 94144)
[16:46:52] [after +276] [Context: 44417/262144 (16.9%)]
[16:46:52] [iter 9] [Context: 44417/262144 (16.9%)]
[16:46:52] INFO: AI request (iteration 9, msgs=155)
[16:46:54] INFO: AI response: 34740 prompt + 25 response tokens (total: 16750147 / 94169)
[16:46:54] [after +25] [Context: 44455/262144 (17.0%)]
[16:46:54] [iter 10] [Context: 44455/262144 (17.0%)]
[16:46:54] INFO: AI request (iteration 10, msgs=158)
[16:46:58] INFO: AI response: 34776 prompt + 395 response tokens (total: 16784923 / 94564)
[16:47:00] [after +395] [Context: 46400/262144 (17.7%)]
[16:47:00] Auto-continue: AI round 9/50 — task 16/27: 
[16:47:00] [Context: 46413/262144 (17.7%)]
[16:47:00] [iter 1] [Context: 46413/262144 (17.7%)]
[16:47:00] INFO: AI request (iteration 1, msgs=161)
[16:47:02] INFO: AI response: 36260 prompt + 98 response tokens (total: 16821183 / 94662)
[16:47:02] ✓ GetTip: Error: Missing required parameter(s): title
Usage:
<GetTip>
<title>string</title>
</GetTip>
[16:47:02] [after +98] [Context: 46474/262144 (17.7%)]
[16:47:02] [iter 2] [Context: 46474/262144 (17.7%)]
[16:47:02] INFO: AI request (iteration 2, msgs=163)
[16:47:18] INFO: AI response: 36322 prompt + 2129 response tokens (total: 16857505 / 96791)
[16:47:18] [after +2129] [Context: 48763/262144 (18.6%)]
[16:47:18] [iter 3] [Context: 48763/262144 (18.6%)]
[16:47:18] INFO: AI request (iteration 3, msgs=165)
[16:47:25] INFO: AI response: 38364 prompt + 808 response tokens (total: 16895869 / 97599)
[16:47:25] [after +808] [Context: 49770/262144 (19.0%)]
[16:47:25] [iter 4] [Context: 49770/262144 (19.0%)]
[16:47:25] INFO: AI request (iteration 4, msgs=167)
[16:47:42] INFO: AI response: 39181 prompt + 2107 response tokens (total: 16935050 / 99706)
[16:47:42] [after +2107] [Context: 51902/262144 (19.8%)]
[16:47:42] [iter 5] [Context: 51902/262144 (19.8%)]
[16:47:42] INFO: AI request (iteration 5, msgs=169)
[16:47:46] INFO: AI response: 41242 prompt + 248 response tokens (total: 16976292 / 99954)
[16:47:46] [after +248] [Context: 52258/262144 (19.9%)]
[16:47:46] [iter 6] [Context: 52258/262144 (19.9%)]
[16:47:46] INFO: AI request (iteration 6, msgs=171)
[16:47:49] INFO: AI response: 41602 prompt + 257 response tokens (total: 17017894 / 100211)
[16:47:49] [after +257] [Context: 52608/262144 (20.1%)]
[16:47:49] [iter 7] [Context: 52608/262144 (20.1%)]
[16:47:49] INFO: AI request (iteration 7, msgs=173)
[16:47:52] INFO: AI response: 41915 prompt + 114 response tokens (total: 17059809 / 100325)
[16:47:52] [after +114] [Context: 52724/262144 (20.1%)]
[16:47:52] [iter 8] [Context: 52724/262144 (20.1%)]
[16:47:52] INFO: AI request (iteration 8, msgs=175)
[16:48:02] INFO: AI response: 42015 prompt + 1055 response tokens (total: 17101824 / 101380)
[16:48:02] [after +1055] [Context: 54135/262144 (20.7%)]
[16:48:02] [iter 9] [Context: 54135/262144 (20.7%)]
[16:48:02] INFO: AI request (iteration 9, msgs=177)
[16:48:13] INFO: AI response: 42995 prompt + 1509 response tokens (total: 17144819 / 102889)
[16:48:13] [after +1509] [Context: 55397/262144 (21.1%)]
[16:48:13] [iter 10] [Context: 55397/262144 (21.1%)]
[16:48:13] INFO: AI request (iteration 10, msgs=179)
[16:48:19] INFO: AI response: 44422 prompt + 244 response tokens (total: 17189241 / 103133)
[16:48:19] [after +244] [Context: 55435/262144 (21.1%)]
[16:48:19] Auto-continue: AI round 10/50 — task 17/27: 
[16:48:19] [Context: 55448/262144 (21.2%)]
[16:48:19] [iter 1] [Context: 55448/262144 (21.2%)]
[16:48:19] INFO: AI request (iteration 1, msgs=183)
[16:48:34] INFO: AI response: 44470 prompt + 1624 response tokens (total: 17233711 / 104757)
[16:48:34] [after +1624] [Context: 57286/262144 (21.9%)]
[16:48:34] [iter 2] [Context: 57286/262144 (21.9%)]
[16:48:34] INFO: AI request (iteration 2, msgs=185)
[16:48:50] INFO: AI response: 46006 prompt + 2347 response tokens (total: 17279717 / 107104)
[16:48:50] [after +2347] [Context: 60053/262144 (22.9%)]
[16:48:50] [iter 3] [Context: 60053/262144 (22.9%)]
[16:48:50] INFO: AI request (iteration 3, msgs=187)
[16:49:10] INFO: AI response: 48345 prompt + 2773 response tokens (total: 17328062 / 109877)
[16:49:10] [after +2773] [Context: 63464/262144 (24.2%)]
[16:49:10] [iter 4] [Context: 63464/262144 (24.2%)]
[16:49:10] INFO: AI request (iteration 4, msgs=189)
[16:49:15] INFO: AI response: 51106 prompt + 480 response tokens (total: 17379168 / 110357)
[16:49:15] [after +480] [Context: 64091/262144 (24.4%)]
[16:49:15] [iter 5] [Context: 64091/262144 (24.4%)]
[16:49:15] INFO: AI request (iteration 5, msgs=191)
[16:49:37] INFO: AI response: 51767 prompt + 2832 response tokens (total: 17430935 / 113189)
[16:49:37] [after +2832] [Context: 67584/262144 (25.8%)]
[16:49:37] [iter 6] [Context: 67584/262144 (25.8%)]
[16:49:37] INFO: AI request (iteration 6, msgs=193)
[16:49:43] INFO: AI response: 54597 prompt + 481 response tokens (total: 17485532 / 113670)
[16:49:44] [after +481] [Context: 68151/262144 (26.0%)]
[16:49:44] [iter 7] [Context: 68151/262144 (26.0%)]
[16:49:44] INFO: AI request (iteration 7, msgs=195)
[16:49:45] INFO: AI response: 55175 prompt + 49 response tokens (total: 17540707 / 113719)
[16:49:47] [after +49] [Context: 70037/262144 (26.7%)]
[16:49:47] [iter 8] [Context: 70037/262144 (26.7%)]
[16:49:47] INFO: AI request (iteration 8, msgs=197)
[16:49:50] INFO: AI response: 56605 prompt + 110 response tokens (total: 17597312 / 113829)
[16:49:50] [after +110] [Context: 70165/262144 (26.8%)]
[16:49:50] [iter 9] [Context: 70165/262144 (26.8%)]
[16:49:50] INFO: AI request (iteration 9, msgs=199)
[16:49:52] INFO: AI response: 56722 prompt + 146 response tokens (total: 17654034 / 113975)
[16:49:52] [after +146] [Context: 70203/262144 (26.8%)]
[16:49:52] [iter 10] [Context: 70203/262144 (26.8%)]
[16:49:52] INFO: AI request (iteration 10, msgs=202)
[16:50:16] INFO: AI response: 56758 prompt + 2485 response tokens (total: 17710792 / 116460)
[16:50:16] [after +2485] [Context: 73063/262144 (27.9%)]
[16:50:16] Auto-continue: AI round 11/50 — task 18/27: 
[16:50:16] [Context: 73076/262144 (27.9%)]
[16:50:16] [iter 1] [Context: 73076/262144 (27.9%)]
[16:50:16] INFO: AI request (iteration 1, msgs=205)
[16:50:38] INFO: AI response: 59045 prompt + 2645 response tokens (total: 17769837 / 119105)
[16:50:38] [after +2645] [Context: 76376/262144 (29.1%)]
[16:50:38] [iter 2] [Context: 76376/262144 (29.1%)]
[16:50:38] INFO: AI request (iteration 2, msgs=207)
[16:50:44] INFO: AI response: 61697 prompt + 669 response tokens (total: 17831534 / 119774)
[16:50:44] [after +669] [Context: 77079/262144 (29.4%)]
[16:50:44] [iter 3] [Context: 77079/262144 (29.4%)]
[16:50:44] INFO: AI request (iteration 3, msgs=209)
[16:50:53] INFO: AI response: 62359 prompt + 402 response tokens (total: 17893893 / 120176)
[16:50:54] [after +402] [Context: 77604/262144 (29.6%)]
[16:50:54] [iter 4] [Context: 77604/262144 (29.6%)]
[16:50:54] INFO: AI request (iteration 4, msgs=211)
[16:51:18] INFO: AI response: 62913 prompt + 2872 response tokens (total: 17956806 / 123048)
[16:51:18] [after +2872] [Context: 81233/262144 (31.0%)]
[16:51:18] [iter 5] [Context: 81233/262144 (31.0%)]
[16:51:18] INFO: AI request (iteration 5, msgs=213)
[16:51:25] INFO: AI response: 65790 prompt + 422 response tokens (total: 18022596 / 123470)
[16:51:25] [after +422] [Context: 81769/262144 (31.2%)]
[16:51:25] [iter 6] [Context: 81769/262144 (31.2%)]
[16:51:25] INFO: AI request (iteration 6, msgs=215)
[16:51:27] INFO: AI response: 66314 prompt + 52 response tokens (total: 18088910 / 123522)
[16:51:28] [after +52] [Context: 83655/262144 (31.9%)]
[16:51:28] [iter 7] [Context: 83655/262144 (31.9%)]
[16:51:28] INFO: AI request (iteration 7, msgs=217)
[16:51:32] INFO: AI response: 67744 prompt + 201 response tokens (total: 18156654 / 123723)
[16:51:32] [after +201] [Context: 83791/262144 (32.0%)]
[16:51:32] [iter 8] [Context: 83791/262144 (32.0%)]
[16:51:32] INFO: AI request (iteration 8, msgs=219)
[16:51:34] INFO: AI response: 67861 prompt + 26 response tokens (total: 18224515 / 123749)
[16:51:34] [after +26] [Context: 83829/262144 (32.0%)]
[16:51:34] [iter 9] [Context: 83829/262144 (32.0%)]
[16:51:34] INFO: AI request (iteration 9, msgs=222)
[16:52:12] INFO: AI response: 67897 prompt + 4209 response tokens (total: 18292412 / 127958)
[16:52:12] [after +4209] [Context: 88743/262144 (33.9%)]
[16:52:12] [iter 10] [Context: 88743/262144 (33.9%)]
[16:52:12] INFO: AI request (iteration 10, msgs=224)
[16:52:14] INFO: AI response: 71931 prompt + 70 response tokens (total: 18364343 / 128028)
[16:52:14] [after +70] [Context: 89029/262144 (34.0%)]
[16:52:14] Auto-continue: AI round 12/50 — task 19/27: 
[16:52:14] [Context: 89042/262144 (34.0%)]
[16:52:14] [iter 1] [Context: 89042/262144 (34.0%)]
[16:52:14] INFO: AI request (iteration 1, msgs=227)
[16:52:16] INFO: AI response: 72207 prompt + 52 response tokens (total: 18436550 / 128080)
[16:52:16] [after +52] [Context: 89198/262144 (34.0%)]
[16:52:16] [iter 2] [Context: 89198/262144 (34.0%)]
[16:52:16] INFO: AI request (iteration 2, msgs=229)
[16:52:19] INFO: AI response: 72375 prompt + 61 response tokens (total: 18508925 / 128141)
[16:52:19] [after +61] [Context: 89274/262144 (34.1%)]
[16:52:19] [iter 3] [Context: 89274/262144 (34.1%)]
[16:52:19] INFO: AI request (iteration 3, msgs=231)
[16:52:22] INFO: AI response: 72475 prompt + 92 response tokens (total: 18581400 / 128233)
[16:52:22] [after +92] [Context: 89402/262144 (34.1%)]
[16:52:22] [iter 4] [Context: 89402/262144 (34.1%)]
[16:52:22] INFO: AI request (iteration 4, msgs=233)
[16:52:32] INFO: AI response: 72626 prompt + 812 response tokens (total: 18654026 / 129045)
[16:52:32] [after +812] [Context: 90405/262144 (34.5%)]
[16:52:32] [iter 5] [Context: 90405/262144 (34.5%)]
[16:52:32] INFO: AI request (iteration 5, msgs=235)
[16:52:35] INFO: AI response: 73440 prompt + 47 response tokens (total: 18727466 / 129092)
[16:52:35] [after +47] [Context: 90440/262144 (34.5%)]
[16:52:35] Auto-continue: AI round 13/50 — task 19/27: 
[16:52:35] [Context: 90453/262144 (34.5%)]
[16:52:35] [iter 1] [Context: 90453/262144 (34.5%)]
[16:52:35] INFO: AI request (iteration 1, msgs=237)
[16:52:38] INFO: AI response: 73457 prompt + 76 response tokens (total: 18800923 / 129168)
[16:52:38] [after +76] [Context: 90516/262144 (34.5%)]
[16:52:38] [iter 2] [Context: 90516/262144 (34.5%)]
[16:52:38] INFO: AI request (iteration 2, msgs=239)
[16:52:40] INFO: AI response: 73549 prompt + 70 response tokens (total: 18874472 / 129238)
[16:52:40] [after +70] [Context: 90698/262144 (34.6%)]
[16:52:40] [iter 3] [Context: 90698/262144 (34.6%)]
[16:52:40] INFO: AI request (iteration 3, msgs=241)
[16:52:43] INFO: AI response: 73781 prompt + 67 response tokens (total: 18948253 / 129305)
[16:52:43] [after +67] [Context: 90808/262144 (34.6%)]
[16:52:43] [iter 4] [Context: 90808/262144 (34.6%)]
[16:52:43] INFO: AI request (iteration 4, msgs=243)
[16:52:49] INFO: AI response: 73880 prompt + 654 response tokens (total: 19022133 / 129959)
[16:52:49] [after +654] [Context: 91440/262144 (34.9%)]
[16:52:49] [iter 5] [Context: 91440/262144 (34.9%)]
[16:52:49] INFO: AI request (iteration 5, msgs=245)
[16:52:51] INFO: AI response: 74521 prompt + 44 response tokens (total: 19096654 / 130003)
[16:52:53] [after +44] [Context: 93326/262144 (35.6%)]
[16:52:53] [iter 6] [Context: 93326/262144 (35.6%)]
[16:52:53] INFO: AI request (iteration 6, msgs=247)
[16:52:56] INFO: AI response: 75951 prompt + 118 response tokens (total: 19172605 / 130121)
[16:52:56] [after +118] [Context: 93458/262144 (35.7%)]
[16:52:56] [iter 7] [Context: 93458/262144 (35.7%)]
[16:52:56] INFO: AI request (iteration 7, msgs=249)
[16:52:58] INFO: AI response: 76073 prompt + 120 response tokens (total: 19248678 / 130241)
[16:52:58] [after +120] [Context: 93496/262144 (35.7%)]
[16:52:58] [iter 8] [Context: 93496/262144 (35.7%)]
[16:52:58] INFO: AI request (iteration 8, msgs=252)
[16:53:24] INFO: AI response: 76109 prompt + 3645 response tokens (total: 19324787 / 133886)
[16:53:24] [after +3645] [Context: 97823/262144 (37.3%)]
[16:53:24] [iter 9] [Context: 97823/262144 (37.3%)]
[16:53:24] INFO: AI request (iteration 9, msgs=254)
[16:53:40] INFO: AI response: 79736 prompt + 1918 response tokens (total: 19404523 / 135804)
[16:53:40] [after +1918] [Context: 99879/262144 (38.1%)]
[16:53:40] [iter 10] [Context: 99879/262144 (38.1%)]
[16:53:40] INFO: AI request (iteration 10, msgs=256)
[16:53:44] INFO: AI response: 81652 prompt + 226 response tokens (total: 19486175 / 136030)
[16:53:44] [after +226] [Context: 101352/262144 (38.7%)]
[16:53:44] Auto-continue: AI round 14/50 — task 20/27: 
[16:53:44] [Context: 101365/262144 (38.7%)]
[16:53:44] [iter 1] [Context: 101365/262144 (38.7%)]
[16:53:44] INFO: AI request (iteration 1, msgs=259)
[16:53:49] INFO: AI response: 83146 prompt + 271 response tokens (total: 19569321 / 136301)
[16:53:49] [after +271] [Context: 101718/262144 (38.8%)]
[16:53:49] [iter 2] [Context: 101718/262144 (38.8%)]
[16:53:49] INFO: AI request (iteration 2, msgs=261)
[16:53:51] INFO: AI response: 83481 prompt + 49 response tokens (total: 19652802 / 136350)
[16:53:52] [after +49] [Context: 103604/262144 (39.5%)]
[16:53:52] [iter 3] [Context: 103604/262144 (39.5%)]
[16:53:52] INFO: AI request (iteration 3, msgs=263)
[16:53:55] INFO: AI response: 84911 prompt + 111 response tokens (total: 19737713 / 136461)
[16:53:55] [after +111] [Context: 103734/262144 (39.6%)]
[16:53:55] [iter 4] [Context: 103734/262144 (39.6%)]
[16:53:55] INFO: AI request (iteration 4, msgs=265)
[16:53:58] INFO: AI response: 85027 prompt + 150 response tokens (total: 19822740 / 136611)
[16:53:58] [after +150] [Context: 103772/262144 (39.6%)]
[16:53:58] [iter 5] [Context: 103772/262144 (39.6%)]
[16:53:58] INFO: AI request (iteration 5, msgs=268)
[16:54:22] INFO: AI response: 85063 prompt + 3015 response tokens (total: 19907803 / 139626)
[16:54:22] [after +3015] [Context: 107494/262144 (41.0%)]
[16:54:22] [iter 6] [Context: 107494/262144 (41.0%)]
[16:54:22] INFO: AI request (iteration 6, msgs=270)
[16:54:41] INFO: AI response: 88003 prompt + 2500 response tokens (total: 19995806 / 142126)
[16:54:41] [after +2500] [Context: 110573/262144 (42.2%)]
[16:54:41] [iter 7] [Context: 110573/262144 (42.2%)]
[16:54:41] INFO: AI request (iteration 7, msgs=272)
[16:54:44] INFO: AI response: 90496 prompt + 329 response tokens (total: 20086302 / 142455)
[16:54:44] [after +329] [Context: 111040/262144 (42.4%)]
[16:54:44] [iter 8] [Context: 111040/262144 (42.4%)]
[16:54:44] INFO: AI request (iteration 8, msgs=274)
[16:54:47] INFO: AI response: 90939 prompt + 52 response tokens (total: 20177241 / 142507)
[16:54:48] [after +52] [Context: 112926/262144 (43.1%)]
[16:54:48] [iter 9] [Context: 112926/262144 (43.1%)]
[16:54:48] INFO: AI request (iteration 9, msgs=276)
[16:54:51] INFO: AI response: 92369 prompt + 121 response tokens (total: 20269610 / 142628)
[16:54:51] [after +121] [Context: 113057/262144 (43.1%)]
[16:54:51] [iter 10] [Context: 113057/262144 (43.1%)]
[16:54:51] INFO: AI request (iteration 10, msgs=278)
[16:55:08] INFO: AI response: 92481 prompt + 1827 response tokens (total: 20362091 / 144455)
[16:55:08] [after +1827] [Context: 114809/262144 (43.8%)]
[16:55:08] Auto-continue: AI round 15/50 — task 21/27: 
[16:55:08] [Context: 114822/262144 (43.8%)]
[16:55:08] [iter 1] [Context: 114822/262144 (43.8%)]
[16:55:08] INFO: AI request (iteration 1, msgs=281)
[16:55:31] INFO: AI response: 94126 prompt + 2355 response tokens (total: 20456217 / 146810)
[16:55:31] [after +2355] [Context: 117497/262144 (44.8%)]
[16:55:31] [iter 2] [Context: 117497/262144 (44.8%)]
[16:55:31] INFO: AI request (iteration 2, msgs=283)
[16:55:42] INFO: AI response: 96297 prompt + 1979 response tokens (total: 20552514 / 148789)
[16:55:42] [after +1979] [Context: 119828/262144 (45.7%)]
[16:55:42] [iter 3] [Context: 119828/262144 (45.7%)]
[16:55:42] INFO: AI request (iteration 3, msgs=285)
[16:55:47] INFO: AI response: 98269 prompt + 559 response tokens (total: 20650783 / 149348)
[16:55:47] [after +559] [Context: 120508/262144 (46.0%)]
[16:55:47] [iter 4] [Context: 120508/262144 (46.0%)]
[16:55:47] INFO: AI request (iteration 4, msgs=287)
[16:55:50] INFO: AI response: 98990 prompt + 67 response tokens (total: 20749773 / 149415)
[16:55:51] [after +67] [Context: 122394/262144 (46.7%)]
[16:55:51] [iter 5] [Context: 122394/262144 (46.7%)]
[16:55:51] INFO: AI request (iteration 5, msgs=289)
[16:55:53] INFO: AI response: 100420 prompt + 128 response tokens (total: 20850193 / 149543)
[16:55:53] [after +128] [Context: 122517/262144 (46.7%)]
[16:55:53] [iter 6] [Context: 122517/262144 (46.7%)]
[16:55:53] INFO: AI request (iteration 6, msgs=291)
[16:55:57] INFO: AI response: 100524 prompt + 285 response tokens (total: 20950717 / 149828)
[16:55:57] [after +285] [Context: 122555/262144 (46.8%)]
[16:55:57] [iter 7] [Context: 122555/262144 (46.8%)]
[16:55:57] INFO: AI request (iteration 7, msgs=294)
[16:56:18] INFO: AI response: 100560 prompt + 2047 response tokens (total: 21051277 / 151875)
[16:56:18] [after +2047] [Context: 124689/262144 (47.6%)]
[16:56:18] [iter 8] [Context: 124689/262144 (47.6%)]
[16:56:18] INFO: AI request (iteration 8, msgs=296)
[16:56:58] INFO: AI response: 102581 prompt + 4496 response tokens (total: 21153858 / 156371)
[16:56:58] [after +4496] [Context: 129254/262144 (49.3%)]
[16:56:58] [iter 9] [Context: 129254/262144 (49.3%)]
[16:56:58] INFO: AI request (iteration 9, msgs=298)
[16:57:05] INFO: AI response: 106895 prompt + 500 response tokens (total: 21260753 / 156871)
[16:57:05] [after +500] [Context: 129859/262144 (49.5%)]
[16:57:05] [iter 10] [Context: 129859/262144 (49.5%)]
[16:57:05] INFO: AI request (iteration 10, msgs=300)
[16:57:38] INFO: AI response: 107524 prompt + 4015 response tokens (total: 21368277 / 160886)
[16:57:38] [after +4015] [Context: 134341/262144 (51.2%)]
[16:57:38] Auto-continue: AI round 16/50 — task 22/27: 
[16:57:38] [Context: 134354/262144 (51.3%)]
[16:57:38] [iter 1] [Context: 134354/262144 (51.3%)]
[16:57:38] INFO: AI request (iteration 1, msgs=303)
[16:57:45] INFO: AI response: 111553 prompt + 505 response tokens (total: 21479830 / 161391)
[16:57:45] [after +505] [Context: 134958/262144 (51.5%)]
[16:57:45] [iter 2] [Context: 134958/262144 (51.5%)]
[16:57:45] INFO: AI request (iteration 2, msgs=305)
[16:57:48] INFO: AI response: 112164 prompt + 201 response tokens (total: 21591994 / 161592)
[16:57:48] [after +201] [Context: 135168/262144 (51.6%)]
[16:57:48] [iter 3] [Context: 135168/262144 (51.6%)]
[16:57:48] INFO: AI request (iteration 3, msgs=307)
[16:58:24] INFO: AI response: 112417 prompt + 4429 response tokens (total: 21704411 / 166021)
[16:58:24] [after +4429] [Context: 139954/262144 (53.4%)]
[16:58:24] [iter 4] [Context: 139954/262144 (53.4%)]
[16:58:24] INFO: AI request (iteration 4, msgs=309)
[16:58:29] INFO: AI response: 116838 prompt + 264 response tokens (total: 21821249 / 166285)
[16:58:30] [after +264] [Context: 141840/262144 (54.1%)]
[16:58:30] [iter 5] [Context: 141840/262144 (54.1%)]
[16:58:30] INFO: AI request (iteration 5, msgs=311)
[16:58:34] INFO: AI response: 118268 prompt + 239 response tokens (total: 21939517 / 166524)
[16:58:34] [after +239] [Context: 141990/262144 (54.2%)]
[16:58:34] [iter 6] [Context: 141990/262144 (54.2%)]
[16:58:34] INFO: AI request (iteration 6, msgs=313)
[16:58:42] INFO: AI response: 118416 prompt + 813 response tokens (total: 22057933 / 167337)
[16:58:42] [after +813] [Context: 142783/262144 (54.5%)]
[16:58:42] [iter 7] [Context: 142783/262144 (54.5%)]
[16:58:42] INFO: AI request (iteration 7, msgs=315)
[16:58:45] INFO: AI response: 119224 prompt + 65 response tokens (total: 22177157 / 167402)
[16:58:45] [after +65] [Context: 142821/262144 (54.5%)]
[16:58:45] [iter 8] [Context: 142821/262144 (54.5%)]
[16:58:45] INFO: AI request (iteration 8, msgs=318)
[16:59:10] INFO: AI response: 119260 prompt + 2976 response tokens (total: 22296417 / 170378)
[16:59:10] [after +2976] [Context: 146365/262144 (55.8%)]
[16:59:10] [iter 9] [Context: 146365/262144 (55.8%)]
[16:59:10] INFO: AI request (iteration 9, msgs=320)
[16:59:32] INFO: AI response: 122120 prompt + 3273 response tokens (total: 22418537 / 173651)
[16:59:32] [after +3273] [Context: 149858/262144 (57.2%)]
[16:59:32] [iter 10] [Context: 149858/262144 (57.2%)]
[16:59:32] INFO: AI request (iteration 10, msgs=322)
[16:59:36] INFO: AI response: 125387 prompt + 160 response tokens (total: 22543924 / 173811)
[16:59:37] [after +160] [Context: 151744/262144 (57.9%)]
[16:59:37] Auto-continue: AI round 17/50 — task 23/27: 
[16:59:37] [Context: 151757/262144 (57.9%)]
[16:59:37] [iter 1] [Context: 151757/262144 (57.9%)]
[16:59:37] INFO: AI request (iteration 1, msgs=325)
[16:59:41] INFO: AI response: 126829 prompt + 107 response tokens (total: 22670753 / 173918)
[16:59:41] [after +107] [Context: 151884/262144 (57.9%)]
[16:59:41] [iter 2] [Context: 151884/262144 (57.9%)]
[16:59:41] INFO: AI request (iteration 2, msgs=327)
[17:00:36] INFO: AI response: 126943 prompt + 3484 response tokens (total: 22797696 / 177402)
[17:00:36] [after +3484] [Context: 155398/262144 (59.3%)]
[17:00:36] [iter 3] [Context: 155398/262144 (59.3%)]
[17:00:36] INFO: AI request (iteration 3, msgs=329)
[17:01:28] INFO: AI response: 130313 prompt + 3922 response tokens (total: 22928009 / 181324)
[17:01:28] [after +3922] [Context: 159184/262144 (60.7%)]
[17:01:28] [iter 4] [Context: 159184/262144 (60.7%)]
[17:01:28] INFO: AI request (iteration 4, msgs=331)
[17:01:31] INFO: AI response: 134246 prompt + 80 response tokens (total: 23062255 / 181404)
[17:01:32] [after +80] [Context: 161070/262144 (61.4%)]
[17:01:32] [iter 5] [Context: 161070/262144 (61.4%)]
[17:01:32] INFO: AI request (iteration 5, msgs=333)
[17:01:43] INFO: AI response: 135676 prompt + 195 response tokens (total: 23197931 / 181599)
[17:01:43] [after +195] [Context: 161192/262144 (61.5%)]
[17:01:43] [iter 6] [Context: 161192/262144 (61.5%)]
[17:01:43] INFO: AI request (iteration 6, msgs=335)
[17:02:03] INFO: AI response: 135785 prompt + 1357 response tokens (total: 23333716 / 182956)
[17:02:03] [after +1357] [Context: 162381/262144 (61.9%)]
[17:02:03] [iter 7] [Context: 162381/262144 (61.9%)]
[17:02:03] INFO: AI request (iteration 7, msgs=337)
[17:02:08] INFO: AI response: 136996 prompt + 115 response tokens (total: 23470712 / 183071)
[17:02:08] [after +115] [Context: 162419/262144 (62.0%)]
[17:02:08] [iter 8] [Context: 162419/262144 (62.0%)]
[17:02:08] INFO: AI request (iteration 8, msgs=340)
[17:02:14] INFO: AI response: 137032 prompt + 214 response tokens (total: 23607744 / 183285)
[17:02:14] ✓ GetTip: Error: Missing required parameter(s): title
Usage:
<GetTip>
<title>string</title>
</GetTip>
[17:02:14] [after +214] [Context: 162481/262144 (62.0%)]
[17:02:14] [iter 9] [Context: 162481/262144 (62.0%)]
[17:02:14] INFO: AI request (iteration 9, msgs=342)
[17:02:17] INFO: AI response: 137094 prompt + 30 response tokens (total: 23744838 / 183315)
[17:02:17] ✓ ReinsertTip: Error: Missing required parameter(s): title
Usage:
<ReinsertTip>
<title>string</title>
</ReinsertTip>
[17:02:17] [after +30] [Context: 162533/262144 (62.0%)]
[17:02:17] [iter 10] [Context: 162533/262144 (62.0%)]
[17:02:17] INFO: AI request (iteration 10, msgs=344)
[17:02:21] INFO: AI response: 137148 prompt + 158 response tokens (total: 23881986 / 183473)
[17:02:22] [after +158] [Context: 164454/262144 (62.7%)]
[17:02:22] Auto-continue: AI round 18/50 — task 24/27: 
[17:02:22] [Context: 164467/262144 (62.7%)]
[17:02:22] [iter 1] [Context: 164467/262144 (62.7%)]
[17:02:22] INFO: AI request (iteration 1, msgs=347)
[17:03:01] INFO: AI response: 138619 prompt + 3080 response tokens (total: 24020605 / 186553)
[17:03:01] [after +3080] [Context: 167813/262144 (64.0%)]
[17:03:01] [iter 2] [Context: 167813/262144 (64.0%)]
[17:03:01] INFO: AI request (iteration 2, msgs=349)
[17:03:33] INFO: AI response: 141595 prompt + 2509 response tokens (total: 24162200 / 189062)
[17:03:33] [after +2509] [Context: 171008/262144 (65.2%)]
[17:03:33] Auto-continue: AI round 19/50 — task 24/27: 
[17:03:33] [Context: 171021/262144 (65.2%)]
[17:03:33] [iter 1] [Context: 171021/262144 (65.2%)]
[17:03:33] INFO: AI request (iteration 1, msgs=351)
[17:04:08] INFO: AI response: 141612 prompt + 2759 response tokens (total: 24303812 / 191821)
[17:04:08] [after +2759] [Context: 173882/262144 (66.3%)]
[17:04:08] [iter 2] [Context: 173882/262144 (66.3%)]
[17:04:08] INFO: AI request (iteration 2, msgs=353)
[17:04:12] INFO: AI response: 144363 prompt + 156 response tokens (total: 24448175 / 191977)
[17:04:12] [after +156] [Context: 174119/262144 (66.4%)]
[17:04:12] [iter 3] [Context: 174119/262144 (66.4%)]
[17:04:12] INFO: AI request (iteration 3, msgs=355)
[17:04:31] INFO: AI response: 144629 prompt + 1858 response tokens (total: 24592804 / 193835)
[17:04:31] [after +1858] [Context: 176306/262144 (67.3%)]
[17:04:31] [iter 4] [Context: 176306/262144 (67.3%)]
[17:04:31] INFO: AI request (iteration 4, msgs=357)
[17:04:34] INFO: AI response: 146490 prompt + 54 response tokens (total: 24739294 / 193889)
[17:04:36] [after +54] [Context: 178192/262144 (68.0%)]
[17:04:36] [iter 5] [Context: 178192/262144 (68.0%)]
[17:04:36] INFO: AI request (iteration 5, msgs=359)
[17:04:49] INFO: AI response: 147920 prompt + 1299 response tokens (total: 24887214 / 195188)
[17:04:49] [after +1299] [Context: 179414/262144 (68.4%)]
[17:04:49] [iter 6] [Context: 179414/262144 (68.4%)]
[17:04:49] INFO: AI request (iteration 6, msgs=361)
[17:04:53] INFO: AI response: 149132 prompt + 151 response tokens (total: 25036346 / 195339)
[17:04:53] [after +151] [Context: 179557/262144 (68.5%)]
[17:04:53] [iter 7] [Context: 179557/262144 (68.5%)]
[17:04:53] INFO: AI request (iteration 7, msgs=363)
[17:04:57] INFO: AI response: 149268 prompt + 68 response tokens (total: 25185614 / 195407)
[17:04:57] [after +68] [Context: 179595/262144 (68.5%)]
[17:04:57] [iter 8] [Context: 179595/262144 (68.5%)]
[17:04:57] INFO: AI request (iteration 8, msgs=366)
[17:05:04] INFO: AI response: 149304 prompt + 452 response tokens (total: 25334918 / 195859)
[17:05:04] [after +452] [Context: 180041/262144 (68.7%)]
[17:05:04] Auto-continue: task 25/27 — (continue with the plan)
[17:05:04] [iter 9] [Context: 180061/262144 (68.7%)]
[17:05:04] INFO: AI request (iteration 9, msgs=368)
[17:05:31] INFO: AI response: 149752 prompt + 2139 response tokens (total: 25484670 / 197998)
[17:05:31] [after +2139] [Context: 182166/262144 (69.5%)]
[17:05:31] [iter 10] [Context: 182166/262144 (69.5%)]
[17:05:31] INFO: AI request (iteration 10, msgs=370)
[17:05:34] INFO: AI response: 151741 prompt + 54 response tokens (total: 25636411 / 198052)
[17:05:34] [after +54] [Context: 182268/262144 (69.5%)]
[17:05:34] Auto-continue: AI round 20/50 — task 25/27: 
[17:05:34] [Context: 182281/262144 (69.5%)]
[17:05:34] [iter 1] [Context: 182281/262144 (69.5%)]
[17:05:34] INFO: AI request (iteration 1, msgs=373)
[17:05:56] INFO: AI response: 151871 prompt + 1658 response tokens (total: 25788282 / 199710)
[17:05:56] [after +1658] [Context: 184271/262144 (70.3%)]
[17:05:56] [iter 2] [Context: 184271/262144 (70.3%)]
[17:05:56] INFO: AI request (iteration 2, msgs=375)
[17:06:00] INFO: AI response: 153533 prompt + 59 response tokens (total: 25941815 / 199769)
[17:06:00] [after +59] [Context: 184677/262144 (70.4%)]
[17:06:00] [iter 3] [Context: 184677/262144 (70.4%)]
[17:06:00] INFO: AI request (iteration 3, msgs=377)
[17:06:40] INFO: AI response: 153984 prompt + 4231 response tokens (total: 26095799 / 204000)
[17:06:40] [after +4231] [Context: 189411/262144 (72.3%)]
[17:06:40] [iter 4] [Context: 189411/262144 (72.3%)]
[17:06:40] INFO: AI request (iteration 4, msgs=379)
[17:06:43] INFO: AI response: 158212 prompt + 57 response tokens (total: 26254011 / 204057)
[17:06:44] [after +57] [Context: 193380/262144 (73.8%)]
[17:06:44] [iter 5] [Context: 193380/262144 (73.8%)]
[17:06:44] INFO: AI request (iteration 5, msgs=381)
[17:07:13] INFO: AI response: 161361 prompt + 2635 response tokens (total: 26415372 / 206692)
[17:07:13] [after +2635] [Context: 196855/262144 (75.1%)]
[17:07:13] [iter 6] [Context: 196855/262144 (75.1%)]
[17:07:13] INFO: AI request (iteration 6, msgs=383)
[17:07:42] INFO: AI response: 163983 prompt + 2511 response tokens (total: 26579355 / 209203)
[17:07:42] [after +2511] [Context: 200049/262144 (76.3%)]
[17:07:42] [iter 7] [Context: 200049/262144 (76.3%)]
[17:07:42] INFO: AI request (iteration 7, msgs=385)
[17:07:46] INFO: AI response: 166495 prompt + 91 response tokens (total: 26745850 / 209294)
[17:07:46] [after +91] [Context: 204005/262144 (77.8%)]
[17:07:46] [iter 8] [Context: 204005/262144 (77.8%)]
[17:07:46] INFO: AI request (iteration 8, msgs=387)
[17:08:12] INFO: AI response: 169664 prompt + 2783 response tokens (total: 26915514 / 212077)
[17:08:12] [after +2783] [Context: 207372/262144 (79.1%)]
[17:08:12] [iter 9] [Context: 207372/262144 (79.1%)]
[17:08:12] INFO: AI request (iteration 9, msgs=389)
[17:08:15] INFO: AI response: 172456 prompt + 59 response tokens (total: 27087970 / 212136)
[17:08:15] [after +59] [Context: 211339/262144 (80.6%)]
[17:08:25] [iter 10] [Context: 39153/262144 (14.9%)]
[17:08:25] INFO: AI request (iteration 10, msgs=106)
[17:08:39] INFO: AI response: 25731 prompt + 1258 response tokens (total: 27113701 / 213394)
[17:08:39] [after +1258] [Context: 40467/262144 (15.4%)]
[17:08:39] Auto-continue: AI round 21/50 — task 25/27: 
[17:08:39] [Context: 40480/262144 (15.4%)]
[17:08:39] [iter 1] [Context: 40480/262144 (15.4%)]
[17:08:39] INFO: AI request (iteration 1, msgs=109)
[17:08:41] INFO: AI response: 27005 prompt + 70 response tokens (total: 27140706 / 213464)
[17:08:41] [after +70] [Context: 40913/262144 (15.6%)]
[17:08:41] [iter 2] [Context: 40913/262144 (15.6%)]
[17:08:41] INFO: AI request (iteration 2, msgs=111)
[17:09:00] INFO: AI response: 27424 prompt + 2852 response tokens (total: 27168130 / 216316)
[17:09:00] [after +2852] [Context: 43962/262144 (16.8%)]
[17:09:00] [iter 3] [Context: 43962/262144 (16.8%)]
[17:09:00] INFO: AI request (iteration 3, msgs=113)
[17:09:19] INFO: AI response: 30271 prompt + 2950 response tokens (total: 27198401 / 219266)
[17:09:19] [after +2950] [Context: 47232/262144 (18.0%)]
[17:09:19] [iter 4] [Context: 47232/262144 (18.0%)]
[17:09:19] INFO: AI request (iteration 4, msgs=115)
[17:09:21] INFO: AI response: 33193 prompt + 39 response tokens (total: 27231594 / 219305)
[17:09:22] [after +39] [Context: 47641/262144 (18.2%)]
[17:09:22] [iter 5] [Context: 47641/262144 (18.2%)]
[17:09:22] INFO: AI request (iteration 5, msgs=117)
[17:09:24] INFO: AI response: 33594 prompt + 74 response tokens (total: 27265188 / 219379)
[17:09:24] [after +74] [Context: 47955/262144 (18.3%)]
[17:09:24] [iter 6] [Context: 47955/262144 (18.3%)]
[17:09:24] INFO: AI request (iteration 6, msgs=119)
[17:09:40] INFO: AI response: 33922 prompt + 2394 response tokens (total: 27299110 / 221773)
[17:09:40] [after +2394] [Context: 50882/262144 (19.4%)]
[17:09:40] [iter 7] [Context: 50882/262144 (19.4%)]
[17:09:40] INFO: AI request (iteration 7, msgs=121)
[17:10:02] INFO: AI response: 36319 prompt + 2433 response tokens (total: 27335429 / 224206)
[17:10:02] [after +2433] [Context: 54029/262144 (20.6%)]
[17:10:02] [iter 8] [Context: 54090/262144 (20.6%)]
[17:10:02] INFO: AI request (iteration 8, msgs=124)
[17:10:05] INFO: AI response: 38824 prompt + 59 response tokens (total: 27374253 / 224265)
[17:10:05] [after +59] [Context: 54476/262144 (20.8%)]
[17:10:05] [iter 9] [Context: 54476/262144 (20.8%)]
[17:10:05] INFO: AI request (iteration 9, msgs=126)
[17:10:09] INFO: AI response: 39203 prompt + 131 response tokens (total: 27413456 / 224396)
[17:10:09] [after +131] [Context: 54604/262144 (20.8%)]
[17:10:09] [iter 10] [Context: 54604/262144 (20.8%)]
[17:10:09] INFO: AI request (iteration 10, msgs=128)
[17:10:11] INFO: AI response: 39374 prompt + 50 response tokens (total: 27452830 / 224446)
[17:10:11] [after +50] [Context: 55588/262144 (21.2%)]
[17:10:11] Auto-continue: AI round 22/50 — task 25/27: 
[17:10:11] [Context: 55601/262144 (21.2%)]
[17:10:11] [iter 1] [Context: 55601/262144 (21.2%)]
[17:10:11] INFO: AI request (iteration 1, msgs=131)
[17:10:23] INFO: AI response: 40178 prompt + 1303 response tokens (total: 27493008 / 225749)
[17:10:23] [after +1303] [Context: 56952/262144 (21.7%)]
[17:10:23] [iter 2] [Context: 56952/262144 (21.7%)]
[17:10:23] INFO: AI request (iteration 2, msgs=133)
[17:10:25] INFO: AI response: 41470 prompt + 43 response tokens (total: 27534478 / 225792)
[17:10:25] [after +43] [Context: 57371/262144 (21.9%)]
[17:10:25] [iter 3] [Context: 57371/262144 (21.9%)]
[17:10:25] INFO: AI request (iteration 3, msgs=135)
[17:10:33] INFO: AI response: 41874 prompt + 567 response tokens (total: 27576352 / 226359)
[17:10:33] [after +567] [Context: 58048/262144 (22.1%)]
[17:10:33] [iter 4] [Context: 58048/262144 (22.1%)]
[17:10:33] INFO: AI request (iteration 4, msgs=137)
[17:10:35] INFO: AI response: 42444 prompt + 29 response tokens (total: 27618796 / 226388)
[17:10:35] [after +29] [Context: 58075/262144 (22.2%)]
[17:10:35] Auto-continue: AI round 23/50 — task 25/27: 
[17:10:35] [Context: 58088/262144 (22.2%)]
[17:10:35] [iter 1] [Context: 58088/262144 (22.2%)]
[17:10:35] INFO: AI request (iteration 1, msgs=139)
[17:10:37] INFO: AI response: 42461 prompt + 60 response tokens (total: 27661257 / 226448)
[17:10:37] [after +60] [Context: 58609/262144 (22.4%)]
[17:10:37] [iter 2] [Context: 58609/262144 (22.4%)]
[17:10:37] INFO: AI request (iteration 2, msgs=141)
[17:10:45] INFO: AI response: 42921 prompt + 574 response tokens (total: 27704178 / 227022)
[17:10:45] [after +574] [Context: 59284/262144 (22.6%)]
[17:10:45] [iter 3] [Context: 59284/262144 (22.6%)]
[17:10:45] INFO: AI request (iteration 3, msgs=143)
[17:10:47] INFO: AI response: 43491 prompt + 58 response tokens (total: 27747669 / 227080)
[17:10:47] [after +58] [Context: 59804/262144 (22.8%)]
[17:10:47] [iter 4] [Context: 59804/262144 (22.8%)]
[17:10:47] INFO: AI request (iteration 4, msgs=145)
[17:10:53] INFO: AI response: 43964 prompt + 552 response tokens (total: 27791633 / 227632)
[17:10:53] [after +552] [Context: 60478/262144 (23.1%)]
[17:10:53] [iter 5] [Context: 60478/262144 (23.1%)]
[17:10:53] INFO: AI request (iteration 5, msgs=147)
[17:10:55] INFO: AI response: 44533 prompt + 37 response tokens (total: 27836166 / 227669)
[17:10:55] [after +37] [Context: 60853/262144 (23.2%)]
[17:10:55] [iter 6] [Context: 60853/262144 (23.2%)]
[17:10:55] INFO: AI request (iteration 6, msgs=149)
[17:11:00] INFO: AI response: 44878 prompt + 62 response tokens (total: 27881044 / 227731)
[17:11:00] [after +62] [Context: 62495/262144 (23.8%)]
[17:11:00] [iter 7] [Context: 62495/262144 (23.8%)]
[17:11:00] INFO: AI request (iteration 7, msgs=151)
[17:11:10] INFO: AI response: 46148 prompt + 568 response tokens (total: 27927192 / 228299)
[17:11:10] [after +568] [Context: 63170/262144 (24.1%)]
[17:11:10] [iter 8] [Context: 63170/262144 (24.1%)]
[17:11:10] INFO: AI request (iteration 8, msgs=153)
[17:11:12] INFO: AI response: 46718 prompt + 62 response tokens (total: 27973910 / 228361)
[17:11:12] [after +62] [Context: 63394/262144 (24.2%)]
[17:11:12] [iter 9] [Context: 63394/262144 (24.2%)]
[17:11:12] INFO: AI request (iteration 9, msgs=155)
[17:11:24] INFO: AI response: 46943 prompt + 1280 response tokens (total: 28020853 / 229641)
[17:11:24] [after +1280] [Context: 64728/262144 (24.7%)]
[17:11:24] [iter 10] [Context: 64728/262144 (24.7%)]
[17:11:24] INFO: AI request (iteration 10, msgs=157)
[17:11:27] INFO: AI response: 48222 prompt + 59 response tokens (total: 28069075 / 229700)
[17:11:27] [after +59] [Context: 65093/262144 (24.8%)]
[17:11:27] Auto-continue: AI round 24/50 — task 25/27: 
[17:11:27] [Context: 65106/262144 (24.8%)]
[17:11:27] [iter 1] [Context: 65106/262144 (24.8%)]
[17:11:27] INFO: AI request (iteration 1, msgs=160)
[17:11:38] INFO: AI response: 48593 prompt + 1068 response tokens (total: 28117668 / 230768)
[17:11:38] [after +1068] [Context: 66211/262144 (25.3%)]
[17:11:38] [iter 2] [Context: 66211/262144 (25.3%)]
[17:11:38] INFO: AI request (iteration 2, msgs=162)
[17:11:41] INFO: AI response: 49662 prompt + 161 response tokens (total: 28167330 / 230929)
[17:11:41] [after +161] [Context: 66357/262144 (25.3%)]
[17:11:41] [iter 3] [Context: 66357/262144 (25.3%)]
[17:11:41] INFO: AI request (iteration 3, msgs=164)
[17:11:43] INFO: AI response: 49801 prompt + 22 response tokens (total: 28217131 / 230951)
[17:11:43] [after +22] [Context: 66395/262144 (25.3%)]
[17:11:43] [iter 4] [Context: 66395/262144 (25.3%)]
[17:11:43] INFO: AI request (iteration 4, msgs=167)
[17:11:46] INFO: AI response: 49837 prompt + 313 response tokens (total: 28266968 / 231264)
[17:11:46] [after +313] [Context: 66711/262144 (25.4%)]
[17:11:46] Auto-continue: task 26/27 — (continue with the plan)
[17:11:46] [iter 5] [Context: 66731/262144 (25.5%)]
[17:11:46] INFO: AI request (iteration 5, msgs=169)
[17:11:51] INFO: AI response: 50025 prompt + 509 response tokens (total: 28316993 / 231773)
[17:11:51] [after +509] [Context: 67105/262144 (25.6%)]
[17:11:51] [iter 6] [Context: 67105/262144 (25.6%)]
[17:11:51] INFO: AI request (iteration 6, msgs=171)
[17:12:00] INFO: AI response: 50424 prompt + 468 response tokens (total: 28367417 / 232241)
[17:12:00] [after +468] [Context: 67445/262144 (25.7%)]
[17:12:00] [iter 7] [Context: 67445/262144 (25.7%)]
[17:12:00] INFO: AI request (iteration 7, msgs=173)
[17:12:09] INFO: AI response: 50817 prompt + 943 response tokens (total: 28418234 / 233184)
[17:12:09] [after +943] [Context: 68472/262144 (26.1%)]
[17:12:09] [iter 8] [Context: 68472/262144 (26.1%)]
[17:12:09] INFO: AI request (iteration 8, msgs=175)
[17:12:17] INFO: AI response: 51756 prompt + 673 response tokens (total: 28469990 / 233857)
[17:12:17] [after +673] [Context: 69175/262144 (26.4%)]
[17:12:17] [iter 9] [Context: 69175/262144 (26.4%)]
[17:12:17] INFO: AI request (iteration 9, msgs=177)
[17:12:19] INFO: AI response: 52427 prompt + 134 response tokens (total: 28522417 / 233991)
[17:12:19] [after +134] [Context: 69228/262144 (26.4%)]
[17:12:19] [iter 10] [Context: 69228/262144 (26.4%)]
[17:12:19] INFO: AI request (iteration 10, msgs=179)
[17:12:33] INFO: AI response: 52501 prompt + 1222 response tokens (total: 28574918 / 235213)
[17:12:33] [after +1222] [Context: 70715/262144 (27.0%)]
[17:12:33] Auto-continue: AI round 25/50 — task 26/27: 
[17:12:33] [Context: 70728/262144 (27.0%)]
[17:12:33] [iter 1] [Context: 70728/262144 (27.0%)]
[17:12:33] INFO: AI request (iteration 1, msgs=182)
[17:12:35] INFO: AI response: 53724 prompt + 75 response tokens (total: 28628642 / 235288)
[17:12:35] [after +75] [Context: 70783/262144 (27.0%)]
[17:12:35] [iter 2] [Context: 70783/262144 (27.0%)]
[17:12:35] INFO: AI request (iteration 2, msgs=184)
[17:12:44] INFO: AI response: 53799 prompt + 819 response tokens (total: 28682441 / 236107)
[17:12:44] [after +819] [Context: 71613/262144 (27.3%)]
[17:12:44] [iter 3] [Context: 71613/262144 (27.3%)]
[17:12:44] INFO: AI request (iteration 3, msgs=186)
[17:12:46] INFO: AI response: 54620 prompt + 44 response tokens (total: 28737061 / 236151)
[17:12:56] [after +44] [Context: 71825/262144 (27.4%)]
[17:12:56] [iter 4] [Context: 71825/262144 (27.4%)]
[17:12:56] INFO: AI request (iteration 4, msgs=188)
[17:13:10] INFO: AI response: 54809 prompt + 1851 response tokens (total: 28791870 / 238002)
[17:13:10] [after +1851] [Context: 73722/262144 (28.1%)]
[17:13:10] [iter 5] [Context: 73722/262144 (28.1%)]
[17:13:10] INFO: AI request (iteration 5, msgs=190)
[17:13:20] INFO: AI response: 56654 prompt + 1534 response tokens (total: 28848524 / 239536)
[17:13:20] [after +1534] [Context: 75146/262144 (28.7%)]
[17:13:20] [iter 6] [Context: 75146/262144 (28.7%)]
[17:13:20] INFO: AI request (iteration 6, msgs=192)
[17:13:22] INFO: AI response: 58114 prompt + 46 response tokens (total: 28906638 / 239582)
[17:13:22] [after +46] [Context: 75511/262144 (28.8%)]
[17:13:22] [iter 7] [Context: 75511/262144 (28.8%)]
[17:13:22] INFO: AI request (iteration 7, msgs=194)
[17:13:32] INFO: AI response: 58474 prompt + 1375 response tokens (total: 28965112 / 240957)
[17:13:32] [after +1375] [Context: 76906/262144 (29.3%)]
[17:13:32] [iter 8] [Context: 76906/262144 (29.3%)]
[17:13:32] INFO: AI request (iteration 8, msgs=196)
[17:13:34] INFO: AI response: 59859 prompt + 31 response tokens (total: 29024971 / 240988)
[17:13:34] [after +31] [Context: 76944/262144 (29.4%)]
[17:13:34] [iter 9] [Context: 76944/262144 (29.4%)]
[17:13:34] INFO: AI request (iteration 9, msgs=199)
[17:13:38] INFO: AI response: 59895 prompt + 431 response tokens (total: 29084866 / 241419)
[17:13:38] [after +431] [Context: 77407/262144 (29.5%)]
[17:13:38] Auto-continue: task 27/27 — (continue with the plan)
[17:13:38] [iter 10] [Context: 77427/262144 (29.5%)]
[17:13:38] INFO: AI request (iteration 10, msgs=201)
[17:13:54] INFO: AI response: 60244 prompt + 1967 response tokens (total: 29145110 / 243386)
[17:13:54] [after +1967] [Context: 79373/262144 (30.3%)]
[17:13:54] Auto-continue: AI round 26/50 — task 27/27: 
[17:13:54] [Context: 79386/262144 (30.3%)]
[17:13:54] [iter 1] [Context: 79386/262144 (30.3%)]
[17:13:54] INFO: AI request (iteration 1, msgs=204)
[17:14:01] INFO: AI response: 62118 prompt + 717 response tokens (total: 29207228 / 244103)
[17:14:01] [after +717] [Context: 80018/262144 (30.5%)]
[17:14:01] [iter 2] [Context: 80018/262144 (30.5%)]
[17:14:01] INFO: AI request (iteration 2, msgs=206)
[17:14:10] INFO: AI response: 62822 prompt + 794 response tokens (total: 29270050 / 244897)
[17:14:10] [after +794] [Context: 80903/262144 (30.9%)]
[17:14:10] [iter 3] [Context: 80903/262144 (30.9%)]
[17:14:10] INFO: AI request (iteration 3, msgs=208)
[17:14:13] INFO: AI response: 63425 prompt + 74 response tokens (total: 29333475 / 244971)
[17:14:13] [after +74] [Context: 81268/262144 (31.0%)]
[17:14:13] [iter 4] [Context: 81268/262144 (31.0%)]
[17:14:13] INFO: AI request (iteration 4, msgs=210)
[17:14:21] INFO: AI response: 63785 prompt + 892 response tokens (total: 29397260 / 245863)
[17:14:21] [after +892] [Context: 82261/262144 (31.4%)]
[17:14:21] [iter 5] [Context: 82261/262144 (31.4%)]
[17:14:21] INFO: AI request (iteration 5, msgs=212)
[17:14:25] INFO: AI response: 64679 prompt + 101 response tokens (total: 29461939 / 245964)
[17:14:25] [after +101] [Context: 82386/262144 (31.4%)]
[17:14:25] [iter 6] [Context: 82386/262144 (31.4%)]
[17:14:25] INFO: AI request (iteration 6, msgs=214)
[17:14:29] INFO: AI response: 64791 prompt + 22 response tokens (total: 29526730 / 245986)
[17:14:29] [after +22] [Context: 82419/262144 (31.4%)]
[17:14:29] [iter 7] [Context: 82419/262144 (31.4%)]
[17:14:29] INFO: AI request (iteration 7, msgs=216)
[17:14:34] INFO: AI response: 64820 prompt + 501 response tokens (total: 29591550 / 246487)
[17:14:34] [after +501] [Context: 82919/262144 (31.6%)]
[17:14:34] You: 
[17:58:42] [Context: 83042/262144 (31.7%)]
[17:58:42] [iter 1] [Context: 83042/262144 (31.7%)]
[17:58:42] INFO: AI request (iteration 1, msgs=218)
[17:58:45] INFO: AI response: 65439 prompt + 104 response tokens (total: 29656989 / 246591)
[17:58:45] [after +104] [Context: 83366/262144 (31.8%)]
[17:58:45] [iter 2] [Context: 83366/262144 (31.8%)]
[17:58:45] INFO: AI request (iteration 2, msgs=220)
[17:58:48] INFO: AI response: 65759 prompt + 39 response tokens (total: 29722748 / 246630)
[17:58:48] [after +39] [Context: 85907/262144 (32.8%)]
[17:58:48] [iter 3] [Context: 85907/262144 (32.8%)]
[17:58:48] INFO: AI request (iteration 3, msgs=222)
[17:58:52] INFO: AI response: 68159 prompt + 181 response tokens (total: 29790907 / 246811)
[17:58:52] [after +181] [Context: 86081/262144 (32.8%)]
[17:58:52] You: 
[18:10:00] [Context: 86187/262144 (32.9%)]
[18:10:00] [iter 1] [Context: 86187/262144 (32.9%)]
[18:10:00] INFO: AI request (iteration 1, msgs=224)
[18:10:05] INFO: AI response: 68422 prompt + 303 response tokens (total: 29859329 / 247114)
[18:10:05] [after +303] [Context: 86318/262144 (32.9%)]
[18:10:05] [iter 2] [Context: 86318/262144 (32.9%)]
[18:10:05] INFO: AI request (iteration 2, msgs=226)
[18:10:13] INFO: AI response: 68555 prompt + 147 response tokens (total: 29927884 / 247261)
[18:10:13] [after +147] [Context: 88859/262144 (33.9%)]
[18:10:13] [iter 3] [Context: 88859/262144 (33.9%)]
[18:10:13] INFO: AI request (iteration 3, msgs=228)
[18:10:16] INFO: AI response: 70955 prompt + 152 response tokens (total: 29998839 / 247413)
[18:10:16] [after +152] [Context: 91481/262144 (34.9%)]
[18:10:16] [iter 4] [Context: 91481/262144 (34.9%)]
[18:10:16] INFO: AI request (iteration 4, msgs=230)
[18:10:40] INFO: AI response: 73233 prompt + 2531 response tokens (total: 30072072 / 249944)
[18:10:40] [after +2531] [Context: 94244/262144 (36.0%)]
[18:10:40] [iter 5] [Context: 94244/262144 (36.0%)]
[18:10:40] INFO: AI request (iteration 5, msgs=232)
[18:10:44] INFO: AI response: 75621 prompt + 174 response tokens (total: 30147693 / 250118)
[18:10:44] [after +174] [Context: 94442/262144 (36.0%)]
[18:10:44] You: 
